2026-05-20T11:34:50.346-04:00  INFO 15264 --- [health-service] [restartedMain] c.a.h.HealthServiceApplication           : Starting HealthServiceApplication using Java 26 with PID 15264 (C:\Users\camil\Documents\fullstack1\adoptapp\health-service\target\classes started by camil in C:\Users\camil\Documents\fullstack1\adoptapp)
2026-05-20T11:34:50.349-04:00 DEBUG 15264 --- [health-service] [restartedMain] c.a.h.HealthServiceApplication           : Running with Spring Boot v3.4.5, Spring v6.2.6
2026-05-20T11:34:50.349-04:00  INFO 15264 --- [health-service] [restartedMain] c.a.h.HealthServiceApplication           : No active profile set, falling back to 1 default profile: "default"
2026-05-20T11:34:50.431-04:00  INFO 15264 --- [health-service] [restartedMain] .e.DevToolsPropertyDefaultsPostProcessor : Devtools property defaults active! Set 'spring.devtools.add-properties' to 'false' to disable
2026-05-20T11:34:50.461-04:00  INFO 15264 --- [health-service] [restartedMain] .e.DevToolsPropertyDefaultsPostProcessor : For additional web related logging consider setting the 'logging.level.web' property to 'DEBUG'
2026-05-20T11:34:52.141-04:00  INFO 15264 --- [health-service] [restartedMain] .s.d.r.c.RepositoryConfigurationDelegate : Bootstrapping Spring Data JPA repositories in DEFAULT mode.
2026-05-20T11:34:52.250-04:00  INFO 15264 --- [health-service] [restartedMain] .s.d.r.c.RepositoryConfigurationDelegate : Finished Spring Data repository scanning in 91 ms. Found 2 JPA repository interfaces.
2026-05-20T11:34:52.731-04:00  INFO 15264 --- [health-service] [restartedMain] o.s.cloud.context.scope.GenericScope     : BeanFactory id=1fa17820-a0a9-3b24-8e59-449540ba714f
2026-05-20T11:34:54.829-04:00  INFO 15264 --- [health-service] [restartedMain] o.s.b.w.embedded.tomcat.TomcatWebServer  : Tomcat initialized with port 8085 (http)
2026-05-20T11:34:54.870-04:00  INFO 15264 --- [health-service] [restartedMain] o.apache.catalina.core.StandardService   : Starting service [Tomcat]
2026-05-20T11:34:54.871-04:00  INFO 15264 --- [health-service] [restartedMain] o.apache.catalina.core.StandardEngine    : Starting Servlet engine: [Apache Tomcat/10.1.40]
2026-05-20T11:34:55.061-04:00  INFO 15264 --- [health-service] [restartedMain] o.a.c.c.C.[.[localhost].[/health-app]    : Initializing Spring embedded WebApplicationContext
2026-05-20T11:34:55.061-04:00  INFO 15264 --- [health-service] [restartedMain] w.s.c.ServletWebServerApplicationContext : Root WebApplicationContext: initialization completed in 4598 ms
2026-05-20T11:34:56.073-04:00  INFO 15264 --- [health-service] [restartedMain] com.zaxxer.hikari.HikariDataSource       : HikariPool-1 - Starting...
2026-05-20T11:34:56.527-04:00  INFO 15264 --- [health-service] [restartedMain] com.zaxxer.hikari.pool.HikariPool        : HikariPool-1 - Added connection org.postgresql.jdbc.PgConnection@4a025d75
2026-05-20T11:34:56.527-04:00  INFO 15264 --- [health-service] [restartedMain] com.zaxxer.hikari.HikariDataSource       : HikariPool-1 - Start completed.
2026-05-20T11:34:56.590-04:00  INFO 15264 --- [health-service] [restartedMain] org.flywaydb.core.FlywayExecutor         : Database: jdbc:postgresql://localhost:5432/health_db (PostgreSQL 18.3)
2026-05-20T11:34:56.630-04:00  WARN 15264 --- [health-service] [restartedMain] o.f.c.internal.database.base.Database    : Flyway upgrade recommended: PostgreSQL 18.3 is newer than this version of Flyway and support has not been tested. The latest supported version of PostgreSQL is 17.
2026-05-20T11:34:56.718-04:00  INFO 15264 --- [health-service] [restartedMain] o.f.core.internal.command.DbValidate     : Successfully validated 3 migrations (execution time 00:00.061s)
2026-05-20T11:34:56.838-04:00  INFO 15264 --- [health-service] [restartedMain] o.f.core.internal.command.DbMigrate      : Current version of schema "public": 3
2026-05-20T11:34:56.843-04:00  INFO 15264 --- [health-service] [restartedMain] o.f.core.internal.command.DbMigrate      : Schema "public" is up to date. No migration necessary.
2026-05-20T11:34:57.092-04:00  INFO 15264 --- [health-service] [restartedMain] o.hibernate.jpa.internal.util.LogHelper  : HHH000204: Processing PersistenceUnitInfo [name: default]
2026-05-20T11:34:57.193-04:00  INFO 15264 --- [health-service] [restartedMain] org.hibernate.Version                    : HHH000412: Hibernate ORM core version 6.6.13.Final
2026-05-20T11:34:57.260-04:00  INFO 15264 --- [health-service] [restartedMain] o.h.c.internal.RegionFactoryInitiator    : HHH000026: Second-level cache disabled
2026-05-20T11:34:57.715-04:00  INFO 15264 --- [health-service] [restartedMain] o.s.o.j.p.SpringPersistenceUnitInfo      : No LoadTimeWeaver setup: ignoring JPA class transformer
2026-05-20T11:34:57.838-04:00  WARN 15264 --- [health-service] [restartedMain] org.hibernate.orm.deprecation            : HHH90000025: PostgreSQLDialect does not need to be specified explicitly using 'hibernate.dialect' (remove the property setting and it will be selected by default)
2026-05-20T11:34:57.874-04:00  INFO 15264 --- [health-service] [restartedMain] org.hibernate.orm.connections.pooling    : HHH10001005: Database info:
	Database JDBC URL [Connecting through datasource 'HikariDataSource (HikariPool-1)']
	Database driver: undefined/unknown
	Database version: 18.3
	Autocommit mode: undefined/unknown
	Isolation level: undefined/unknown
	Minimum pool size: undefined/unknown
	Maximum pool size: undefined/unknown
2026-05-20T11:35:00.211-04:00  INFO 15264 --- [health-service] [restartedMain] o.h.e.t.j.p.i.JtaPlatformInitiator       : HHH000489: No JTA platform available (set 'hibernate.transaction.jta.platform' to enable JTA platform integration)
2026-05-20T11:35:00.305-04:00  INFO 15264 --- [health-service] [restartedMain] j.LocalContainerEntityManagerFactoryBean : Initialized JPA EntityManagerFactory for persistence unit 'default'
2026-05-20T11:35:00.704-04:00  WARN 15264 --- [health-service] [restartedMain] JpaBaseConfiguration$JpaWebConfiguration : spring.jpa.open-in-view is enabled by default. Therefore, database queries may be performed during view rendering. Explicitly configure spring.jpa.open-in-view to disable this warning
2026-05-20T11:35:01.054-04:00  WARN 15264 --- [health-service] [restartedMain] o.s.b.d.a.OptionalLiveReloadServer       : Unable to start LiveReload server
2026-05-20T11:35:02.584-04:00  INFO 15264 --- [health-service] [restartedMain] r$InitializeUserDetailsManagerConfigurer : Global AuthenticationManager configured with UserDetailsService bean with name customUserDetailsService
2026-05-20T11:35:02.972-04:00 DEBUG 15264 --- [health-service] [restartedMain] s.w.s.m.m.a.RequestMappingHandlerMapping : 8 mappings in 'requestMappingHandlerMapping'
2026-05-20T11:35:03.431-04:00 DEBUG 15264 --- [health-service] [restartedMain] o.s.w.s.handler.SimpleUrlHandlerMapping  : Patterns [/webjars/**, /**] in 'resourceHandlerMapping'
2026-05-20T11:35:04.101-04:00 DEBUG 15264 --- [health-service] [restartedMain] s.w.s.m.m.a.RequestMappingHandlerAdapter : ControllerAdvice beans: 0 @ModelAttribute, 0 @InitBinder, 1 RequestBodyAdvice, 1 ResponseBodyAdvice
2026-05-20T11:35:04.308-04:00 DEBUG 15264 --- [health-service] [restartedMain] .m.m.a.ExceptionHandlerExceptionResolver : ControllerAdvice beans: 1 @ExceptionHandler, 1 ResponseBodyAdvice
2026-05-20T11:35:06.571-04:00  INFO 15264 --- [health-service] [restartedMain] o.s.cloud.commons.util.InetUtils         : Cannot determine local hostname
2026-05-20T11:35:06.939-04:00  INFO 15264 --- [health-service] [restartedMain] o.s.b.w.embedded.tomcat.TomcatWebServer  : Tomcat started on port 8085 (http) with context path '/health-app'
2026-05-20T11:35:07.972-04:00  INFO 15264 --- [health-service] [restartedMain] o.s.cloud.commons.util.InetUtils         : Cannot determine local hostname
2026-05-20T11:35:07.986-04:00  INFO 15264 --- [health-service] [restartedMain] c.a.h.HealthServiceApplication           : Started HealthServiceApplication in 19.55 seconds (process running for 20.817)
2026-05-20T11:51:39.083-04:00  INFO 15264 --- [health-service] [http-nio-8085-exec-1] o.a.c.c.C.[.[localhost].[/health-app]    : Initializing Spring DispatcherServlet 'dispatcherServlet'
2026-05-20T11:51:39.085-04:00  INFO 15264 --- [health-service] [http-nio-8085-exec-1] o.s.web.servlet.DispatcherServlet        : Initializing Servlet 'dispatcherServlet'
2026-05-20T11:51:39.085-04:00 DEBUG 15264 --- [health-service] [http-nio-8085-exec-1] o.s.web.servlet.DispatcherServlet        : Detected StandardServletMultipartResolver
2026-05-20T11:51:39.085-04:00 DEBUG 15264 --- [health-service] [http-nio-8085-exec-1] o.s.web.servlet.DispatcherServlet        : Detected AcceptHeaderLocaleResolver
2026-05-20T11:51:39.085-04:00 DEBUG 15264 --- [health-service] [http-nio-8085-exec-1] o.s.web.servlet.DispatcherServlet        : Detected FixedThemeResolver
2026-05-20T11:51:39.087-04:00 DEBUG 15264 --- [health-service] [http-nio-8085-exec-1] o.s.web.servlet.DispatcherServlet        : Detected org.springframework.web.servlet.view.DefaultRequestToViewNameTranslator@65bec535
2026-05-20T11:51:39.089-04:00 DEBUG 15264 --- [health-service] [http-nio-8085-exec-1] o.s.web.servlet.DispatcherServlet        : Detected org.springframework.web.servlet.support.SessionFlashMapManager@466bac5d
2026-05-20T11:51:39.090-04:00 DEBUG 15264 --- [health-service] [http-nio-8085-exec-1] o.s.web.servlet.DispatcherServlet        : enableLoggingRequestDetails='false': request parameters and headers will be masked to prevent unsafe logging of potentially sensitive data
2026-05-20T11:51:39.090-04:00  INFO 15264 --- [health-service] [http-nio-8085-exec-1] o.s.web.servlet.DispatcherServlet        : Completed initialization in 5 ms
2026-05-20T11:51:39.264-04:00 DEBUG 15264 --- [health-service] [pool-2-thread-1] c.a.h.client.UserServiceClient           : [UserServiceClient#getUserAuthByEmail] ---> GET http://localhost:8081/user-app/users/by-email/admin%40empresa.com/auth HTTP/1.1
2026-05-20T11:51:39.397-04:00 DEBUG 15264 --- [health-service] [pool-2-thread-1] c.a.h.client.UserServiceClient           : [UserServiceClient#getUserAuthByEmail] <--- HTTP/1.1 200 (132ms)
2026-05-20T11:51:39.417-04:00 DEBUG 15264 --- [health-service] [pool-2-thread-1] o.s.w.c.HttpMessageConverterExtractor    : Reading to [com.adoptapp.sharedkernel.dto.UserAuthResponse]
2026-05-20T11:51:39.559-04:00 DEBUG 15264 --- [health-service] [http-nio-8085-exec-1] o.s.web.servlet.DispatcherServlet        : POST "/health-app/health", parameters={}
2026-05-20T11:51:39.559-04:00 DEBUG 15264 --- [health-service] [http-nio-8085-exec-1] s.w.s.m.m.a.RequestMappingHandlerMapping : Mapped to com.adoptapp.healthservice.controller.HealthController#createForm(HealthRequest)
2026-05-20T11:51:39.595-04:00 DEBUG 15264 --- [health-service] [http-nio-8085-exec-1] m.m.a.RequestResponseBodyMethodProcessor : Read "application/json;charset=UTF-8" to [HealthRequest[userId=1, petId=6, vaccinationStatus=VACCINATED, sterilizationStatus=STERILIZED, disea (truncated)...]
2026-05-20T11:51:39.706-04:00  INFO 15264 --- [health-service] [http-nio-8085-exec-1] c.a.healthservice.service.HealthService  : Creando ficha clinica: userId=1, petId=6
2026-05-20T11:51:39.708-04:00 DEBUG 15264 --- [health-service] [pool-2-thread-1] c.a.h.client.PetServiceClient            : [PetServiceClient#getPetById] ---> GET http://localhost:8082/pet-app/pets/by-id/6 HTTP/1.1
2026-05-20T11:51:40.048-04:00 DEBUG 15264 --- [health-service] [pool-2-thread-1] c.a.h.client.PetServiceClient            : [PetServiceClient#getPetById] <--- HTTP/1.1 404 (342ms)
2026-05-20T11:51:40.059-04:00  WARN 15264 --- [health-service] [http-nio-8085-exec-1] c.a.h.client.PetServiceClientFallback    : Pet-service no disponible para petId 6
2026-05-20T11:51:40.060-04:00  WARN 15264 --- [health-service] [http-nio-8085-exec-1] c.a.healthservice.service.HealthService  : Mascota no encontrada: ID=6
2026-05-20T11:51:40.065-04:00 DEBUG 15264 --- [health-service] [http-nio-8085-exec-1] .m.m.a.ExceptionHandlerExceptionResolver : Using @ExceptionHandler com.adoptapp.healthservice.exception.GlobalExceptionHandler#handleIllegalArgument(IllegalArgumentException, HttpServletRequest)
2026-05-20T11:51:40.111-04:00 DEBUG 15264 --- [health-service] [http-nio-8085-exec-1] o.s.w.s.m.m.a.HttpEntityMethodProcessor  : Using 'application/json', given [*/*] and supported [application/json, application/*+json]
2026-05-20T11:51:40.116-04:00 DEBUG 15264 --- [health-service] [http-nio-8085-exec-1] o.s.w.s.m.m.a.HttpEntityMethodProcessor  : Writing [ErrorResponse[timestamp=2026-05-20T11:51:40.072025500, status=400, error=Bad Request, message=La mas (truncated)...]
2026-05-20T11:51:40.130-04:00  WARN 15264 --- [health-service] [http-nio-8085-exec-1] .m.m.a.ExceptionHandlerExceptionResolver : Resolved [java.lang.IllegalArgumentException: La mascota con ID 6 no existe]
2026-05-20T11:51:40.130-04:00 DEBUG 15264 --- [health-service] [http-nio-8085-exec-1] o.s.web.servlet.DispatcherServlet        : Completed 400 BAD_REQUEST
2026-05-20T11:55:27.724-04:00 DEBUG 15264 --- [health-service] [pool-2-thread-2] c.a.h.client.UserServiceClient           : [UserServiceClient#getUserAuthByEmail] ---> GET http://localhost:8081/user-app/users/by-email/admin%40empresa.com/auth HTTP/1.1
2026-05-20T11:55:27.869-04:00 DEBUG 15264 --- [health-service] [pool-2-thread-2] c.a.h.client.UserServiceClient           : [UserServiceClient#getUserAuthByEmail] <--- HTTP/1.1 200 (146ms)
2026-05-20T11:55:27.872-04:00 DEBUG 15264 --- [health-service] [pool-2-thread-2] o.s.w.c.HttpMessageConverterExtractor    : Reading to [com.adoptapp.sharedkernel.dto.UserAuthResponse]
2026-05-20T11:55:28.004-04:00 DEBUG 15264 --- [health-service] [http-nio-8085-exec-3] o.s.web.servlet.DispatcherServlet        : POST "/health-app/health", parameters={}
2026-05-20T11:55:28.004-04:00 DEBUG 15264 --- [health-service] [http-nio-8085-exec-3] s.w.s.m.m.a.RequestMappingHandlerMapping : Mapped to com.adoptapp.healthservice.controller.HealthController#createForm(HealthRequest)
2026-05-20T11:55:28.011-04:00 DEBUG 15264 --- [health-service] [http-nio-8085-exec-3] o.s.web.method.HandlerMethod             : Could not resolve parameter [0] in public org.springframework.http.ResponseEntity<com.adoptapp.healthservice.dto.HealthResponse> com.adoptapp.healthservice.controller.HealthController.createForm(com.adoptapp.healthservice.dto.HealthRequest): JSON parse error: Unexpected character ('#' (code 35)): expected a valid value (JSON String, Number, Array, Object or token 'null', 'true' or 'false')
2026-05-20T11:55:28.011-04:00 DEBUG 15264 --- [health-service] [http-nio-8085-exec-3] .m.m.a.ExceptionHandlerExceptionResolver : Using @ExceptionHandler com.adoptapp.healthservice.exception.GlobalExceptionHandler#handleGeneric(Exception, HttpServletRequest)
2026-05-20T11:55:28.011-04:00 ERROR 15264 --- [health-service] [http-nio-8085-exec-3] c.a.h.exception.GlobalExceptionHandler   : Error interno no manejado en /health-app/health: JSON parse error: Unexpected character ('#' (code 35)): expected a valid value (JSON String, Number, Array, Object or token 'null', 'true' or 'false')

org.springframework.http.converter.HttpMessageNotReadableException: JSON parse error: Unexpected character ('#' (code 35)): expected a valid value (JSON String, Number, Array, Object or token 'null', 'true' or 'false')
	at org.springframework.http.converter.json.AbstractJackson2HttpMessageConverter.readJavaType(AbstractJackson2HttpMessageConverter.java:409) ~[spring-web-6.2.6.jar:6.2.6]
	at org.springframework.http.converter.json.AbstractJackson2HttpMessageConverter.read(AbstractJackson2HttpMessageConverter.java:357) ~[spring-web-6.2.6.jar:6.2.6]
	at org.springframework.web.servlet.mvc.method.annotation.AbstractMessageConverterMethodArgumentResolver.readWithMessageConverters(AbstractMessageConverterMethodArgumentResolver.java:204) ~[spring-webmvc-6.2.6.jar:6.2.6]
	at org.springframework.web.servlet.mvc.method.annotation.RequestResponseBodyMethodProcessor.readWithMessageConverters(RequestResponseBodyMethodProcessor.java:176) ~[spring-webmvc-6.2.6.jar:6.2.6]
	at org.springframework.web.servlet.mvc.method.annotation.RequestResponseBodyMethodProcessor.resolveArgument(RequestResponseBodyMethodProcessor.java:150) ~[spring-webmvc-6.2.6.jar:6.2.6]
	at org.springframework.web.method.support.HandlerMethodArgumentResolverComposite.resolveArgument(HandlerMethodArgumentResolverComposite.java:122) ~[spring-web-6.2.6.jar:6.2.6]
	at org.springframework.web.method.support.InvocableHandlerMethod.getMethodArgumentValues(InvocableHandlerMethod.java:227) ~[spring-web-6.2.6.jar:6.2.6]
	at org.springframework.web.method.support.InvocableHandlerMethod.invokeForRequest(InvocableHandlerMethod.java:181) ~[spring-web-6.2.6.jar:6.2.6]
	at org.springframework.web.servlet.mvc.method.annotation.ServletInvocableHandlerMethod.invokeAndHandle(ServletInvocableHandlerMethod.java:118) ~[spring-webmvc-6.2.6.jar:6.2.6]
	at org.springframework.web.servlet.mvc.method.annotation.RequestMappingHandlerAdapter.invokeHandlerMethod(RequestMappingHandlerAdapter.java:986) ~[spring-webmvc-6.2.6.jar:6.2.6]
	at org.springframework.web.servlet.mvc.method.annotation.RequestMappingHandlerAdapter.handleInternal(RequestMappingHandlerAdapter.java:891) ~[spring-webmvc-6.2.6.jar:6.2.6]
	at org.springframework.web.servlet.mvc.method.AbstractHandlerMethodAdapter.handle(AbstractHandlerMethodAdapter.java:87) ~[spring-webmvc-6.2.6.jar:6.2.6]
	at org.springframework.web.servlet.DispatcherServlet.doDispatch(DispatcherServlet.java:1089) ~[spring-webmvc-6.2.6.jar:6.2.6]
	at org.springframework.web.servlet.DispatcherServlet.doService(DispatcherServlet.java:979) ~[spring-webmvc-6.2.6.jar:6.2.6]
	at org.springframework.web.servlet.FrameworkServlet.processRequest(FrameworkServlet.java:1014) ~[spring-webmvc-6.2.6.jar:6.2.6]
	at org.springframework.web.servlet.FrameworkServlet.doPost(FrameworkServlet.java:914) ~[spring-webmvc-6.2.6.jar:6.2.6]
	at jakarta.servlet.http.HttpServlet.service(HttpServlet.java:590) ~[tomcat-embed-core-10.1.40.jar:6.0]
	at org.springframework.web.servlet.FrameworkServlet.service(FrameworkServlet.java:885) ~[spring-webmvc-6.2.6.jar:6.2.6]
	at jakarta.servlet.http.HttpServlet.service(HttpServlet.java:658) ~[tomcat-embed-core-10.1.40.jar:6.0]
	at org.apache.catalina.core.ApplicationFilterChain.internalDoFilter(ApplicationFilterChain.java:195) ~[tomcat-embed-core-10.1.40.jar:10.1.40]
	at org.apache.catalina.core.ApplicationFilterChain.doFilter(ApplicationFilterChain.java:140) ~[tomcat-embed-core-10.1.40.jar:10.1.40]
	at org.apache.tomcat.websocket.server.WsFilter.doFilter(WsFilter.java:51) ~[tomcat-embed-websocket-10.1.40.jar:10.1.40]
	at org.apache.catalina.core.ApplicationFilterChain.internalDoFilter(ApplicationFilterChain.java:164) ~[tomcat-embed-core-10.1.40.jar:10.1.40]
	at org.apache.catalina.core.ApplicationFilterChain.doFilter(ApplicationFilterChain.java:140) ~[tomcat-embed-core-10.1.40.jar:10.1.40]
	at org.springframework.web.filter.CompositeFilter$VirtualFilterChain.doFilter(CompositeFilter.java:108) ~[spring-web-6.2.6.jar:6.2.6]
	at org.springframework.security.web.FilterChainProxy.lambda$doFilterInternal$3(FilterChainProxy.java:231) ~[spring-security-web-6.4.5.jar:6.4.5]
	at org.springframework.security.web.FilterChainProxy$VirtualFilterChain.doFilter(FilterChainProxy.java:365) ~[spring-security-web-6.4.5.jar:6.4.5]
	at org.springframework.security.web.access.intercept.AuthorizationFilter.doFilter(AuthorizationFilter.java:101) ~[spring-security-web-6.4.5.jar:6.4.5]
	at org.springframework.security.web.FilterChainProxy$VirtualFilterChain.doFilter(FilterChainProxy.java:374) ~[spring-security-web-6.4.5.jar:6.4.5]
	at org.springframework.security.web.access.ExceptionTranslationFilter.doFilter(ExceptionTranslationFilter.java:126) ~[spring-security-web-6.4.5.jar:6.4.5]
	at org.springframework.security.web.access.ExceptionTranslationFilter.doFilter(ExceptionTranslationFilter.java:120) ~[spring-security-web-6.4.5.jar:6.4.5]
	at org.springframework.security.web.FilterChainProxy$VirtualFilterChain.doFilter(FilterChainProxy.java:374) ~[spring-security-web-6.4.5.jar:6.4.5]
	at org.springframework.security.web.session.SessionManagementFilter.doFilter(SessionManagementFilter.java:131) ~[spring-security-web-6.4.5.jar:6.4.5]
	at org.springframework.security.web.session.SessionManagementFilter.doFilter(SessionManagementFilter.java:85) ~[spring-security-web-6.4.5.jar:6.4.5]
	at org.springframework.security.web.FilterChainProxy$VirtualFilterChain.doFilter(FilterChainProxy.java:374) ~[spring-security-web-6.4.5.jar:6.4.5]
	at org.springframework.security.web.authentication.AnonymousAuthenticationFilter.doFilter(AnonymousAuthenticationFilter.java:100) ~[spring-security-web-6.4.5.jar:6.4.5]
	at org.springframework.security.web.FilterChainProxy$VirtualFilterChain.doFilter(FilterChainProxy.java:374) ~[spring-security-web-6.4.5.jar:6.4.5]
	at org.springframework.security.web.servletapi.SecurityContextHolderAwareRequestFilter.doFilter(SecurityContextHolderAwareRequestFilter.java:179) ~[spring-security-web-6.4.5.jar:6.4.5]
	at org.springframework.security.web.FilterChainProxy$VirtualFilterChain.doFilter(FilterChainProxy.java:374) ~[spring-security-web-6.4.5.jar:6.4.5]
	at org.springframework.security.web.savedrequest.RequestCacheAwareFilter.doFilter(RequestCacheAwareFilter.java:63) ~[spring-security-web-6.4.5.jar:6.4.5]
	at org.springframework.security.web.FilterChainProxy$VirtualFilterChain.doFilter(FilterChainProxy.java:374) ~[spring-security-web-6.4.5.jar:6.4.5]
	at org.springframework.security.web.authentication.www.BasicAuthenticationFilter.doFilterInternal(BasicAuthenticationFilter.java:213) ~[spring-security-web-6.4.5.jar:6.4.5]
	at org.springframework.web.filter.OncePerRequestFilter.doFilter(OncePerRequestFilter.java:116) ~[spring-web-6.2.6.jar:6.2.6]
	at org.springframework.security.web.FilterChainProxy$VirtualFilterChain.doFilter(FilterChainProxy.java:374) ~[spring-security-web-6.4.5.jar:6.4.5]
	at org.springframework.security.web.authentication.logout.LogoutFilter.doFilter(LogoutFilter.java:107) ~[spring-security-web-6.4.5.jar:6.4.5]
	at org.springframework.security.web.authentication.logout.LogoutFilter.doFilter(LogoutFilter.java:93) ~[spring-security-web-6.4.5.jar:6.4.5]
	at org.springframework.security.web.FilterChainProxy$VirtualFilterChain.doFilter(FilterChainProxy.java:374) ~[spring-security-web-6.4.5.jar:6.4.5]
	at org.springframework.security.web.header.HeaderWriterFilter.doHeadersAfter(HeaderWriterFilter.java:90) ~[spring-security-web-6.4.5.jar:6.4.5]
	at org.springframework.security.web.header.HeaderWriterFilter.doFilterInternal(HeaderWriterFilter.java:75) ~[spring-security-web-6.4.5.jar:6.4.5]
	at org.springframework.web.filter.OncePerRequestFilter.doFilter(OncePerRequestFilter.java:116) ~[spring-web-6.2.6.jar:6.2.6]
	at org.springframework.security.web.FilterChainProxy$VirtualFilterChain.doFilter(FilterChainProxy.java:374) ~[spring-security-web-6.4.5.jar:6.4.5]
	at org.springframework.security.web.context.SecurityContextHolderFilter.doFilter(SecurityContextHolderFilter.java:82) ~[spring-security-web-6.4.5.jar:6.4.5]
	at org.springframework.security.web.context.SecurityContextHolderFilter.doFilter(SecurityContextHolderFilter.java:69) ~[spring-security-web-6.4.5.jar:6.4.5]
	at org.springframework.security.web.FilterChainProxy$VirtualFilterChain.doFilter(FilterChainProxy.java:374) ~[spring-security-web-6.4.5.jar:6.4.5]
	at org.springframework.security.web.context.request.async.WebAsyncManagerIntegrationFilter.doFilterInternal(WebAsyncManagerIntegrationFilter.java:62) ~[spring-security-web-6.4.5.jar:6.4.5]
	at org.springframework.web.filter.OncePerRequestFilter.doFilter(OncePerRequestFilter.java:116) ~[spring-web-6.2.6.jar:6.2.6]
	at org.springframework.security.web.FilterChainProxy$VirtualFilterChain.doFilter(FilterChainProxy.java:374) ~[spring-security-web-6.4.5.jar:6.4.5]
	at org.springframework.security.web.session.DisableEncodeUrlFilter.doFilterInternal(DisableEncodeUrlFilter.java:42) ~[spring-security-web-6.4.5.jar:6.4.5]
	at org.springframework.web.filter.OncePerRequestFilter.doFilter(OncePerRequestFilter.java:116) ~[spring-web-6.2.6.jar:6.2.6]
	at org.springframework.security.web.FilterChainProxy$VirtualFilterChain.doFilter(FilterChainProxy.java:374) ~[spring-security-web-6.4.5.jar:6.4.5]
	at org.springframework.security.web.FilterChainProxy.doFilterInternal(FilterChainProxy.java:233) ~[spring-security-web-6.4.5.jar:6.4.5]
	at org.springframework.security.web.FilterChainProxy.doFilter(FilterChainProxy.java:191) ~[spring-security-web-6.4.5.jar:6.4.5]
	at org.springframework.web.filter.CompositeFilter$VirtualFilterChain.doFilter(CompositeFilter.java:113) ~[spring-web-6.2.6.jar:6.2.6]
	at org.springframework.web.servlet.handler.HandlerMappingIntrospector.lambda$createCacheFilter$3(HandlerMappingIntrospector.java:243) ~[spring-webmvc-6.2.6.jar:6.2.6]
	at org.springframework.web.filter.CompositeFilter$VirtualFilterChain.doFilter(CompositeFilter.java:113) ~[spring-web-6.2.6.jar:6.2.6]
	at org.springframework.web.filter.CompositeFilter.doFilter(CompositeFilter.java:74) ~[spring-web-6.2.6.jar:6.2.6]
	at org.springframework.security.config.annotation.web.configuration.WebMvcSecurityConfiguration$CompositeFilterChainProxy.doFilter(WebMvcSecurityConfiguration.java:238) ~[spring-security-config-6.4.5.jar:6.4.5]
	at org.springframework.web.filter.DelegatingFilterProxy.invokeDelegate(DelegatingFilterProxy.java:362) ~[spring-web-6.2.6.jar:6.2.6]
	at org.springframework.web.filter.DelegatingFilterProxy.doFilter(DelegatingFilterProxy.java:278) ~[spring-web-6.2.6.jar:6.2.6]
	at org.apache.catalina.core.ApplicationFilterChain.internalDoFilter(ApplicationFilterChain.java:164) ~[tomcat-embed-core-10.1.40.jar:10.1.40]
	at org.apache.catalina.core.ApplicationFilterChain.doFilter(ApplicationFilterChain.java:140) ~[tomcat-embed-core-10.1.40.jar:10.1.40]
	at org.springframework.web.filter.RequestContextFilter.doFilterInternal(RequestContextFilter.java:100) ~[spring-web-6.2.6.jar:6.2.6]
	at org.springframework.web.filter.OncePerRequestFilter.doFilter(OncePerRequestFilter.java:116) ~[spring-web-6.2.6.jar:6.2.6]
	at org.apache.catalina.core.ApplicationFilterChain.internalDoFilter(ApplicationFilterChain.java:164) ~[tomcat-embed-core-10.1.40.jar:10.1.40]
	at org.apache.catalina.core.ApplicationFilterChain.doFilter(ApplicationFilterChain.java:140) ~[tomcat-embed-core-10.1.40.jar:10.1.40]
	at org.springframework.web.filter.FormContentFilter.doFilterInternal(FormContentFilter.java:93) ~[spring-web-6.2.6.jar:6.2.6]
	at org.springframework.web.filter.OncePerRequestFilter.doFilter(OncePerRequestFilter.java:116) ~[spring-web-6.2.6.jar:6.2.6]
	at org.apache.catalina.core.ApplicationFilterChain.internalDoFilter(ApplicationFilterChain.java:164) ~[tomcat-embed-core-10.1.40.jar:10.1.40]
	at org.apache.catalina.core.ApplicationFilterChain.doFilter(ApplicationFilterChain.java:140) ~[tomcat-embed-core-10.1.40.jar:10.1.40]
	at org.springframework.web.filter.CharacterEncodingFilter.doFilterInternal(CharacterEncodingFilter.java:201) ~[spring-web-6.2.6.jar:6.2.6]
	at org.springframework.web.filter.OncePerRequestFilter.doFilter(OncePerRequestFilter.java:116) ~[spring-web-6.2.6.jar:6.2.6]
	at org.apache.catalina.core.ApplicationFilterChain.internalDoFilter(ApplicationFilterChain.java:164) ~[tomcat-embed-core-10.1.40.jar:10.1.40]
	at org.apache.catalina.core.ApplicationFilterChain.doFilter(ApplicationFilterChain.java:140) ~[tomcat-embed-core-10.1.40.jar:10.1.40]
	at org.apache.catalina.core.StandardWrapperValve.invoke(StandardWrapperValve.java:167) ~[tomcat-embed-core-10.1.40.jar:10.1.40]
	at org.apache.catalina.core.StandardContextValve.invoke(StandardContextValve.java:90) ~[tomcat-embed-core-10.1.40.jar:10.1.40]
	at org.apache.catalina.authenticator.AuthenticatorBase.invoke(AuthenticatorBase.java:483) ~[tomcat-embed-core-10.1.40.jar:10.1.40]
	at org.apache.catalina.core.StandardHostValve.invoke(StandardHostValve.java:116) ~[tomcat-embed-core-10.1.40.jar:10.1.40]
	at org.apache.catalina.valves.ErrorReportValve.invoke(ErrorReportValve.java:93) ~[tomcat-embed-core-10.1.40.jar:10.1.40]
	at org.apache.catalina.core.StandardEngineValve.invoke(StandardEngineValve.java:74) ~[tomcat-embed-core-10.1.40.jar:10.1.40]
	at org.apache.catalina.connector.CoyoteAdapter.service(CoyoteAdapter.java:344) ~[tomcat-embed-core-10.1.40.jar:10.1.40]
	at org.apache.coyote.http11.Http11Processor.service(Http11Processor.java:398) ~[tomcat-embed-core-10.1.40.jar:10.1.40]
	at org.apache.coyote.AbstractProcessorLight.process(AbstractProcessorLight.java:63) ~[tomcat-embed-core-10.1.40.jar:10.1.40]
	at org.apache.coyote.AbstractProtocol$ConnectionHandler.process(AbstractProtocol.java:903) ~[tomcat-embed-core-10.1.40.jar:10.1.40]
	at org.apache.tomcat.util.net.NioEndpoint$SocketProcessor.doRun(NioEndpoint.java:1740) ~[tomcat-embed-core-10.1.40.jar:10.1.40]
	at org.apache.tomcat.util.net.SocketProcessorBase.run(SocketProcessorBase.java:52) ~[tomcat-embed-core-10.1.40.jar:10.1.40]
	at org.apache.tomcat.util.threads.ThreadPoolExecutor.runWorker(ThreadPoolExecutor.java:1189) ~[tomcat-embed-core-10.1.40.jar:10.1.40]
	at org.apache.tomcat.util.threads.ThreadPoolExecutor$Worker.run(ThreadPoolExecutor.java:658) ~[tomcat-embed-core-10.1.40.jar:10.1.40]
	at org.apache.tomcat.util.threads.TaskThread$WrappingRunnable.run(TaskThread.java:63) ~[tomcat-embed-core-10.1.40.jar:10.1.40]
	at java.base/java.lang.Thread.run(Thread.java:1516) ~[na:na]
Caused by: com.fasterxml.jackson.core.JsonParseException: Unexpected character ('#' (code 35)): expected a valid value (JSON String, Number, Array, Object or token 'null', 'true' or 'false')
 at [Source: REDACTED (`StreamReadFeature.INCLUDE_SOURCE_IN_LOCATION` disabled); line: 2, column: 1]
	at com.fasterxml.jackson.core.JsonParser._constructReadException(JsonParser.java:2660) ~[jackson-core-2.18.3.jar:2.18.3]
	at com.fasterxml.jackson.core.base.ParserMinimalBase._reportUnexpectedChar(ParserMinimalBase.java:741) ~[jackson-core-2.18.3.jar:2.18.3]
	at com.fasterxml.jackson.core.json.UTF8StreamJsonParser._handleUnexpectedValue(UTF8StreamJsonParser.java:2752) ~[jackson-core-2.18.3.jar:2.18.3]
	at com.fasterxml.jackson.core.json.UTF8StreamJsonParser._nextTokenNotInObject(UTF8StreamJsonParser.java:867) ~[jackson-core-2.18.3.jar:2.18.3]
	at com.fasterxml.jackson.core.json.UTF8StreamJsonParser.nextToken(UTF8StreamJsonParser.java:753) ~[jackson-core-2.18.3.jar:2.18.3]
	at com.fasterxml.jackson.databind.ObjectReader._initForReading(ObjectReader.java:357) ~[jackson-databind-2.18.3.jar:2.18.3]
	at com.fasterxml.jackson.databind.ObjectReader._bindAndClose(ObjectReader.java:2118) ~[jackson-databind-2.18.3.jar:2.18.3]
	at com.fasterxml.jackson.databind.ObjectReader.readValue(ObjectReader.java:1501) ~[jackson-databind-2.18.3.jar:2.18.3]
	at org.springframework.http.converter.json.AbstractJackson2HttpMessageConverter.readJavaType(AbstractJackson2HttpMessageConverter.java:398) ~[spring-web-6.2.6.jar:6.2.6]
	... 98 common frames omitted

2026-05-20T11:55:28.066-04:00 DEBUG 15264 --- [health-service] [http-nio-8085-exec-3] o.s.w.s.m.m.a.HttpEntityMethodProcessor  : Using 'application/json', given [*/*] and supported [application/json, application/*+json]
2026-05-20T11:55:28.066-04:00 DEBUG 15264 --- [health-service] [http-nio-8085-exec-3] o.s.w.s.m.m.a.HttpEntityMethodProcessor  : Writing [ErrorResponse[timestamp=2026-05-20T11:55:28.065152400, status=500, error=Internal Server Error, mess (truncated)...]
2026-05-20T11:55:28.066-04:00  WARN 15264 --- [health-service] [http-nio-8085-exec-3] .m.m.a.ExceptionHandlerExceptionResolver : Resolved [org.springframework.http.converter.HttpMessageNotReadableException: JSON parse error: Unexpected character ('#' (code 35)): expected a valid value (JSON String, Number, Array, Object or token 'null', 'true' or 'false')]
2026-05-20T11:55:28.066-04:00 DEBUG 15264 --- [health-service] [http-nio-8085-exec-3] o.s.web.servlet.DispatcherServlet        : Completed 500 INTERNAL_SERVER_ERROR
2026-05-20T11:55:46.070-04:00 DEBUG 15264 --- [health-service] [pool-2-thread-2] c.a.h.client.UserServiceClient           : [UserServiceClient#getUserAuthByEmail] ---> GET http://localhost:8081/user-app/users/by-email/admin%40empresa.com/auth HTTP/1.1
2026-05-20T11:55:46.209-04:00 DEBUG 15264 --- [health-service] [pool-2-thread-2] c.a.h.client.UserServiceClient           : [UserServiceClient#getUserAuthByEmail] <--- HTTP/1.1 200 (138ms)
2026-05-20T11:55:46.209-04:00 DEBUG 15264 --- [health-service] [pool-2-thread-2] o.s.w.c.HttpMessageConverterExtractor    : Reading to [com.adoptapp.sharedkernel.dto.UserAuthResponse]
2026-05-20T11:55:46.343-04:00 DEBUG 15264 --- [health-service] [http-nio-8085-exec-5] o.s.web.servlet.DispatcherServlet        : POST "/health-app/health", parameters={}
2026-05-20T11:55:46.345-04:00 DEBUG 15264 --- [health-service] [http-nio-8085-exec-5] s.w.s.m.m.a.RequestMappingHandlerMapping : Mapped to com.adoptapp.healthservice.controller.HealthController#createForm(HealthRequest)
2026-05-20T11:55:46.345-04:00 DEBUG 15264 --- [health-service] [http-nio-8085-exec-5] m.m.a.RequestResponseBodyMethodProcessor : Read "application/json;charset=UTF-8" to [HealthRequest[userId=1, petId=2, vaccinationStatus=VACCINATED, sterilizationStatus=STERILIZED, disea (truncated)...]
2026-05-20T11:55:46.347-04:00  INFO 15264 --- [health-service] [http-nio-8085-exec-5] c.a.healthservice.service.HealthService  : Creando ficha clinica: userId=1, petId=2
2026-05-20T11:55:46.347-04:00 DEBUG 15264 --- [health-service] [pool-2-thread-2] c.a.h.client.PetServiceClient            : [PetServiceClient#getPetById] ---> GET http://localhost:8082/pet-app/pets/by-id/2 HTTP/1.1
2026-05-20T11:55:46.617-04:00 DEBUG 15264 --- [health-service] [pool-2-thread-2] c.a.h.client.PetServiceClient            : [PetServiceClient#getPetById] <--- HTTP/1.1 200 (269ms)
2026-05-20T11:55:46.617-04:00 DEBUG 15264 --- [health-service] [pool-2-thread-2] o.s.w.c.HttpMessageConverterExtractor    : Reading to [com.adoptapp.healthservice.dto.PetResponse]
2026-05-20T11:55:46.625-04:00 DEBUG 15264 --- [health-service] [pool-2-thread-2] c.a.h.client.UserServiceClient           : [UserServiceClient#getUserById] ---> GET http://localhost:8081/user-app/users/by-id/1 HTTP/1.1
2026-05-20T11:55:46.747-04:00 DEBUG 15264 --- [health-service] [pool-2-thread-2] c.a.h.client.UserServiceClient           : [UserServiceClient#getUserById] <--- HTTP/1.1 200 (125ms)
2026-05-20T11:55:46.747-04:00 DEBUG 15264 --- [health-service] [pool-2-thread-2] o.s.w.c.HttpMessageConverterExtractor    : Reading to [com.adoptapp.healthservice.dto.UserResponse]
2026-05-20T11:55:46.815-04:00 DEBUG 15264 --- [health-service] [http-nio-8085-exec-5] org.hibernate.SQL                        : 
    insert 
    into
        health
        (created_at, diseases, pet_id, sterilization_status, updated_at, user_id, vaccination_status) 
    values
        (?, ?, ?, ?, ?, ?, ?)
2026-05-20T11:55:46.880-04:00  WARN 15264 --- [health-service] [http-nio-8085-exec-5] o.h.engine.jdbc.spi.SqlExceptionHelper   : SQL Error: 0, SQLState: 23505
2026-05-20T11:55:46.880-04:00 ERROR 15264 --- [health-service] [http-nio-8085-exec-5] o.h.engine.jdbc.spi.SqlExceptionHelper   : ERROR: llave duplicada viola restricción de unicidad «uq_health_pet_id»
  Detail: Ya existe la llave (pet_id)=(2).
2026-05-20T11:55:46.899-04:00 ERROR 15264 --- [health-service] [http-nio-8085-exec-5] c.a.healthservice.service.HealthService  : Error al crear ficha clínica: servicio remoto no disponible - could not execute statement [ERROR: llave duplicada viola restricción de unicidad «uq_health_pet_id»
  Detail: Ya existe la llave (pet_id)=(2).] [insert into health (created_at,diseases,pet_id,sterilization_status,updated_at,user_id,vaccination_status) values (?,?,?,?,?,?,?)]; SQL [insert into health (created_at,diseases,pet_id,sterilization_status,updated_at,user_id,vaccination_status) values (?,?,?,?,?,?,?)]; constraint [null]
2026-05-20T11:55:46.899-04:00 DEBUG 15264 --- [health-service] [http-nio-8085-exec-5] .m.m.a.ExceptionHandlerExceptionResolver : Using @ExceptionHandler com.adoptapp.healthservice.exception.GlobalExceptionHandler#handleGeneric(Exception, HttpServletRequest)
2026-05-20T11:55:46.899-04:00 ERROR 15264 --- [health-service] [http-nio-8085-exec-5] c.a.h.exception.GlobalExceptionHandler   : Error interno no manejado en /health-app/health: Error al crear ficha clínica: no se pudo completar la validación

java.lang.RuntimeException: Error al crear ficha clínica: no se pudo completar la validación
	at com.adoptapp.healthservice.service.HealthService.create(HealthService.java:118) ~[classes/:na]
	at java.base/jdk.internal.reflect.DirectMethodHandleAccessor.invoke(DirectMethodHandleAccessor.java:104) ~[na:na]
	at java.base/java.lang.reflect.Method.invoke(Method.java:565) ~[na:na]
	at org.springframework.aop.support.AopUtils.invokeJoinpointUsingReflection(AopUtils.java:359) ~[spring-aop-6.2.6.jar:6.2.6]
	at org.springframework.aop.framework.ReflectiveMethodInvocation.invokeJoinpoint(ReflectiveMethodInvocation.java:196) ~[spring-aop-6.2.6.jar:6.2.6]
	at org.springframework.aop.framework.ReflectiveMethodInvocation.proceed(ReflectiveMethodInvocation.java:163) ~[spring-aop-6.2.6.jar:6.2.6]
	at org.springframework.transaction.interceptor.TransactionAspectSupport.invokeWithinTransaction(TransactionAspectSupport.java:380) ~[spring-tx-6.2.6.jar:6.2.6]
	at org.springframework.transaction.interceptor.TransactionInterceptor.invoke(TransactionInterceptor.java:119) ~[spring-tx-6.2.6.jar:6.2.6]
	at org.springframework.aop.framework.ReflectiveMethodInvocation.proceed(ReflectiveMethodInvocation.java:184) ~[spring-aop-6.2.6.jar:6.2.6]
	at org.springframework.aop.framework.CglibAopProxy$DynamicAdvisedInterceptor.intercept(CglibAopProxy.java:728) ~[spring-aop-6.2.6.jar:6.2.6]
	at com.adoptapp.healthservice.service.HealthService$$SpringCGLIB$$0.create(<generated>) ~[classes/:na]
	at com.adoptapp.healthservice.controller.HealthController.createForm(HealthController.java:65) ~[classes/:na]
	at java.base/jdk.internal.reflect.DirectMethodHandleAccessor.invoke(DirectMethodHandleAccessor.java:104) ~[na:na]
	at java.base/java.lang.reflect.Method.invoke(Method.java:565) ~[na:na]
	at org.springframework.aop.support.AopUtils.invokeJoinpointUsingReflection(AopUtils.java:359) ~[spring-aop-6.2.6.jar:6.2.6]
	at org.springframework.aop.framework.ReflectiveMethodInvocation.invokeJoinpoint(ReflectiveMethodInvocation.java:196) ~[spring-aop-6.2.6.jar:6.2.6]
	at org.springframework.aop.framework.ReflectiveMethodInvocation.proceed(ReflectiveMethodInvocation.java:163) ~[spring-aop-6.2.6.jar:6.2.6]
	at org.springframework.security.authorization.method.AuthorizationManagerBeforeMethodInterceptor.proceed(AuthorizationManagerBeforeMethodInterceptor.java:268) ~[spring-security-core-6.4.5.jar:6.4.5]
	at org.springframework.security.authorization.method.AuthorizationManagerBeforeMethodInterceptor.attemptAuthorization(AuthorizationManagerBeforeMethodInterceptor.java:263) ~[spring-security-core-6.4.5.jar:6.4.5]
	at org.springframework.security.authorization.method.AuthorizationManagerBeforeMethodInterceptor.invoke(AuthorizationManagerBeforeMethodInterceptor.java:196) ~[spring-security-core-6.4.5.jar:6.4.5]
	at org.springframework.security.config.annotation.method.configuration.DeferringMethodInterceptor.invoke(DeferringMethodInterceptor.java:44) ~[spring-security-config-6.4.5.jar:6.4.5]
	at org.springframework.aop.framework.ReflectiveMethodInvocation.proceed(ReflectiveMethodInvocation.java:184) ~[spring-aop-6.2.6.jar:6.2.6]
	at org.springframework.aop.framework.CglibAopProxy$DynamicAdvisedInterceptor.intercept(CglibAopProxy.java:728) ~[spring-aop-6.2.6.jar:6.2.6]
	at com.adoptapp.healthservice.controller.HealthController$$SpringCGLIB$$0.createForm(<generated>) ~[classes/:na]
	at java.base/jdk.internal.reflect.DirectMethodHandleAccessor.invoke(DirectMethodHandleAccessor.java:104) ~[na:na]
	at java.base/java.lang.reflect.Method.invoke(Method.java:565) ~[na:na]
	at org.springframework.web.method.support.InvocableHandlerMethod.doInvoke(InvocableHandlerMethod.java:258) ~[spring-web-6.2.6.jar:6.2.6]
	at org.springframework.web.method.support.InvocableHandlerMethod.invokeForRequest(InvocableHandlerMethod.java:191) ~[spring-web-6.2.6.jar:6.2.6]
	at org.springframework.web.servlet.mvc.method.annotation.ServletInvocableHandlerMethod.invokeAndHandle(ServletInvocableHandlerMethod.java:118) ~[spring-webmvc-6.2.6.jar:6.2.6]
	at org.springframework.web.servlet.mvc.method.annotation.RequestMappingHandlerAdapter.invokeHandlerMethod(RequestMappingHandlerAdapter.java:986) ~[spring-webmvc-6.2.6.jar:6.2.6]
	at org.springframework.web.servlet.mvc.method.annotation.RequestMappingHandlerAdapter.handleInternal(RequestMappingHandlerAdapter.java:891) ~[spring-webmvc-6.2.6.jar:6.2.6]
	at org.springframework.web.servlet.mvc.method.AbstractHandlerMethodAdapter.handle(AbstractHandlerMethodAdapter.java:87) ~[spring-webmvc-6.2.6.jar:6.2.6]
	at org.springframework.web.servlet.DispatcherServlet.doDispatch(DispatcherServlet.java:1089) ~[spring-webmvc-6.2.6.jar:6.2.6]
	at org.springframework.web.servlet.DispatcherServlet.doService(DispatcherServlet.java:979) ~[spring-webmvc-6.2.6.jar:6.2.6]
	at org.springframework.web.servlet.FrameworkServlet.processRequest(FrameworkServlet.java:1014) ~[spring-webmvc-6.2.6.jar:6.2.6]
	at org.springframework.web.servlet.FrameworkServlet.doPost(FrameworkServlet.java:914) ~[spring-webmvc-6.2.6.jar:6.2.6]
	at jakarta.servlet.http.HttpServlet.service(HttpServlet.java:590) ~[tomcat-embed-core-10.1.40.jar:6.0]
	at org.springframework.web.servlet.FrameworkServlet.service(FrameworkServlet.java:885) ~[spring-webmvc-6.2.6.jar:6.2.6]
	at jakarta.servlet.http.HttpServlet.service(HttpServlet.java:658) ~[tomcat-embed-core-10.1.40.jar:6.0]
	at org.apache.catalina.core.ApplicationFilterChain.internalDoFilter(ApplicationFilterChain.java:195) ~[tomcat-embed-core-10.1.40.jar:10.1.40]
	at org.apache.catalina.core.ApplicationFilterChain.doFilter(ApplicationFilterChain.java:140) ~[tomcat-embed-core-10.1.40.jar:10.1.40]
	at org.apache.tomcat.websocket.server.WsFilter.doFilter(WsFilter.java:51) ~[tomcat-embed-websocket-10.1.40.jar:10.1.40]
	at org.apache.catalina.core.ApplicationFilterChain.internalDoFilter(ApplicationFilterChain.java:164) ~[tomcat-embed-core-10.1.40.jar:10.1.40]
	at org.apache.catalina.core.ApplicationFilterChain.doFilter(ApplicationFilterChain.java:140) ~[tomcat-embed-core-10.1.40.jar:10.1.40]
	at org.springframework.web.filter.CompositeFilter$VirtualFilterChain.doFilter(CompositeFilter.java:108) ~[spring-web-6.2.6.jar:6.2.6]
	at org.springframework.security.web.FilterChainProxy.lambda$doFilterInternal$3(FilterChainProxy.java:231) ~[spring-security-web-6.4.5.jar:6.4.5]
	at org.springframework.security.web.FilterChainProxy$VirtualFilterChain.doFilter(FilterChainProxy.java:365) ~[spring-security-web-6.4.5.jar:6.4.5]
	at org.springframework.security.web.access.intercept.AuthorizationFilter.doFilter(AuthorizationFilter.java:101) ~[spring-security-web-6.4.5.jar:6.4.5]
	at org.springframework.security.web.FilterChainProxy$VirtualFilterChain.doFilter(FilterChainProxy.java:374) ~[spring-security-web-6.4.5.jar:6.4.5]
	at org.springframework.security.web.access.ExceptionTranslationFilter.doFilter(ExceptionTranslationFilter.java:126) ~[spring-security-web-6.4.5.jar:6.4.5]
	at org.springframework.security.web.access.ExceptionTranslationFilter.doFilter(ExceptionTranslationFilter.java:120) ~[spring-security-web-6.4.5.jar:6.4.5]
	at org.springframework.security.web.FilterChainProxy$VirtualFilterChain.doFilter(FilterChainProxy.java:374) ~[spring-security-web-6.4.5.jar:6.4.5]
	at org.springframework.security.web.session.SessionManagementFilter.doFilter(SessionManagementFilter.java:131) ~[spring-security-web-6.4.5.jar:6.4.5]
	at org.springframework.security.web.session.SessionManagementFilter.doFilter(SessionManagementFilter.java:85) ~[spring-security-web-6.4.5.jar:6.4.5]
	at org.springframework.security.web.FilterChainProxy$VirtualFilterChain.doFilter(FilterChainProxy.java:374) ~[spring-security-web-6.4.5.jar:6.4.5]
	at org.springframework.security.web.authentication.AnonymousAuthenticationFilter.doFilter(AnonymousAuthenticationFilter.java:100) ~[spring-security-web-6.4.5.jar:6.4.5]
	at org.springframework.security.web.FilterChainProxy$VirtualFilterChain.doFilter(FilterChainProxy.java:374) ~[spring-security-web-6.4.5.jar:6.4.5]
	at org.springframework.security.web.servletapi.SecurityContextHolderAwareRequestFilter.doFilter(SecurityContextHolderAwareRequestFilter.java:179) ~[spring-security-web-6.4.5.jar:6.4.5]
	at org.springframework.security.web.FilterChainProxy$VirtualFilterChain.doFilter(FilterChainProxy.java:374) ~[spring-security-web-6.4.5.jar:6.4.5]
	at org.springframework.security.web.savedrequest.RequestCacheAwareFilter.doFilter(RequestCacheAwareFilter.java:63) ~[spring-security-web-6.4.5.jar:6.4.5]
	at org.springframework.security.web.FilterChainProxy$VirtualFilterChain.doFilter(FilterChainProxy.java:374) ~[spring-security-web-6.4.5.jar:6.4.5]
	at org.springframework.security.web.authentication.www.BasicAuthenticationFilter.doFilterInternal(BasicAuthenticationFilter.java:213) ~[spring-security-web-6.4.5.jar:6.4.5]
	at org.springframework.web.filter.OncePerRequestFilter.doFilter(OncePerRequestFilter.java:116) ~[spring-web-6.2.6.jar:6.2.6]
	at org.springframework.security.web.FilterChainProxy$VirtualFilterChain.doFilter(FilterChainProxy.java:374) ~[spring-security-web-6.4.5.jar:6.4.5]
	at org.springframework.security.web.authentication.logout.LogoutFilter.doFilter(LogoutFilter.java:107) ~[spring-security-web-6.4.5.jar:6.4.5]
	at org.springframework.security.web.authentication.logout.LogoutFilter.doFilter(LogoutFilter.java:93) ~[spring-security-web-6.4.5.jar:6.4.5]
	at org.springframework.security.web.FilterChainProxy$VirtualFilterChain.doFilter(FilterChainProxy.java:374) ~[spring-security-web-6.4.5.jar:6.4.5]
	at org.springframework.security.web.header.HeaderWriterFilter.doHeadersAfter(HeaderWriterFilter.java:90) ~[spring-security-web-6.4.5.jar:6.4.5]
	at org.springframework.security.web.header.HeaderWriterFilter.doFilterInternal(HeaderWriterFilter.java:75) ~[spring-security-web-6.4.5.jar:6.4.5]
	at org.springframework.web.filter.OncePerRequestFilter.doFilter(OncePerRequestFilter.java:116) ~[spring-web-6.2.6.jar:6.2.6]
	at org.springframework.security.web.FilterChainProxy$VirtualFilterChain.doFilter(FilterChainProxy.java:374) ~[spring-security-web-6.4.5.jar:6.4.5]
	at org.springframework.security.web.context.SecurityContextHolderFilter.doFilter(SecurityContextHolderFilter.java:82) ~[spring-security-web-6.4.5.jar:6.4.5]
	at org.springframework.security.web.context.SecurityContextHolderFilter.doFilter(SecurityContextHolderFilter.java:69) ~[spring-security-web-6.4.5.jar:6.4.5]
	at org.springframework.security.web.FilterChainProxy$VirtualFilterChain.doFilter(FilterChainProxy.java:374) ~[spring-security-web-6.4.5.jar:6.4.5]
	at org.springframework.security.web.context.request.async.WebAsyncManagerIntegrationFilter.doFilterInternal(WebAsyncManagerIntegrationFilter.java:62) ~[spring-security-web-6.4.5.jar:6.4.5]
	at org.springframework.web.filter.OncePerRequestFilter.doFilter(OncePerRequestFilter.java:116) ~[spring-web-6.2.6.jar:6.2.6]
	at org.springframework.security.web.FilterChainProxy$VirtualFilterChain.doFilter(FilterChainProxy.java:374) ~[spring-security-web-6.4.5.jar:6.4.5]
	at org.springframework.security.web.session.DisableEncodeUrlFilter.doFilterInternal(DisableEncodeUrlFilter.java:42) ~[spring-security-web-6.4.5.jar:6.4.5]
	at org.springframework.web.filter.OncePerRequestFilter.doFilter(OncePerRequestFilter.java:116) ~[spring-web-6.2.6.jar:6.2.6]
	at org.springframework.security.web.FilterChainProxy$VirtualFilterChain.doFilter(FilterChainProxy.java:374) ~[spring-security-web-6.4.5.jar:6.4.5]
	at org.springframework.security.web.FilterChainProxy.doFilterInternal(FilterChainProxy.java:233) ~[spring-security-web-6.4.5.jar:6.4.5]
	at org.springframework.security.web.FilterChainProxy.doFilter(FilterChainProxy.java:191) ~[spring-security-web-6.4.5.jar:6.4.5]
	at org.springframework.web.filter.CompositeFilter$VirtualFilterChain.doFilter(CompositeFilter.java:113) ~[spring-web-6.2.6.jar:6.2.6]
	at org.springframework.web.servlet.handler.HandlerMappingIntrospector.lambda$createCacheFilter$3(HandlerMappingIntrospector.java:243) ~[spring-webmvc-6.2.6.jar:6.2.6]
	at org.springframework.web.filter.CompositeFilter$VirtualFilterChain.doFilter(CompositeFilter.java:113) ~[spring-web-6.2.6.jar:6.2.6]
	at org.springframework.web.filter.CompositeFilter.doFilter(CompositeFilter.java:74) ~[spring-web-6.2.6.jar:6.2.6]
	at org.springframework.security.config.annotation.web.configuration.WebMvcSecurityConfiguration$CompositeFilterChainProxy.doFilter(WebMvcSecurityConfiguration.java:238) ~[spring-security-config-6.4.5.jar:6.4.5]
	at org.springframework.web.filter.DelegatingFilterProxy.invokeDelegate(DelegatingFilterProxy.java:362) ~[spring-web-6.2.6.jar:6.2.6]
	at org.springframework.web.filter.DelegatingFilterProxy.doFilter(DelegatingFilterProxy.java:278) ~[spring-web-6.2.6.jar:6.2.6]
	at org.apache.catalina.core.ApplicationFilterChain.internalDoFilter(ApplicationFilterChain.java:164) ~[tomcat-embed-core-10.1.40.jar:10.1.40]
	at org.apache.catalina.core.ApplicationFilterChain.doFilter(ApplicationFilterChain.java:140) ~[tomcat-embed-core-10.1.40.jar:10.1.40]
	at org.springframework.web.filter.RequestContextFilter.doFilterInternal(RequestContextFilter.java:100) ~[spring-web-6.2.6.jar:6.2.6]
	at org.springframework.web.filter.OncePerRequestFilter.doFilter(OncePerRequestFilter.java:116) ~[spring-web-6.2.6.jar:6.2.6]
	at org.apache.catalina.core.ApplicationFilterChain.internalDoFilter(ApplicationFilterChain.java:164) ~[tomcat-embed-core-10.1.40.jar:10.1.40]
	at org.apache.catalina.core.ApplicationFilterChain.doFilter(ApplicationFilterChain.java:140) ~[tomcat-embed-core-10.1.40.jar:10.1.40]
	at org.springframework.web.filter.FormContentFilter.doFilterInternal(FormContentFilter.java:93) ~[spring-web-6.2.6.jar:6.2.6]
	at org.springframework.web.filter.OncePerRequestFilter.doFilter(OncePerRequestFilter.java:116) ~[spring-web-6.2.6.jar:6.2.6]
	at org.apache.catalina.core.ApplicationFilterChain.internalDoFilter(ApplicationFilterChain.java:164) ~[tomcat-embed-core-10.1.40.jar:10.1.40]
	at org.apache.catalina.core.ApplicationFilterChain.doFilter(ApplicationFilterChain.java:140) ~[tomcat-embed-core-10.1.40.jar:10.1.40]
	at org.springframework.web.filter.CharacterEncodingFilter.doFilterInternal(CharacterEncodingFilter.java:201) ~[spring-web-6.2.6.jar:6.2.6]
	at org.springframework.web.filter.OncePerRequestFilter.doFilter(OncePerRequestFilter.java:116) ~[spring-web-6.2.6.jar:6.2.6]
	at org.apache.catalina.core.ApplicationFilterChain.internalDoFilter(ApplicationFilterChain.java:164) ~[tomcat-embed-core-10.1.40.jar:10.1.40]
	at org.apache.catalina.core.ApplicationFilterChain.doFilter(ApplicationFilterChain.java:140) ~[tomcat-embed-core-10.1.40.jar:10.1.40]
	at org.apache.catalina.core.StandardWrapperValve.invoke(StandardWrapperValve.java:167) ~[tomcat-embed-core-10.1.40.jar:10.1.40]
	at org.apache.catalina.core.StandardContextValve.invoke(StandardContextValve.java:90) ~[tomcat-embed-core-10.1.40.jar:10.1.40]
	at org.apache.catalina.authenticator.AuthenticatorBase.invoke(AuthenticatorBase.java:483) ~[tomcat-embed-core-10.1.40.jar:10.1.40]
	at org.apache.catalina.core.StandardHostValve.invoke(StandardHostValve.java:116) ~[tomcat-embed-core-10.1.40.jar:10.1.40]
	at org.apache.catalina.valves.ErrorReportValve.invoke(ErrorReportValve.java:93) ~[tomcat-embed-core-10.1.40.jar:10.1.40]
	at org.apache.catalina.core.StandardEngineValve.invoke(StandardEngineValve.java:74) ~[tomcat-embed-core-10.1.40.jar:10.1.40]
	at org.apache.catalina.connector.CoyoteAdapter.service(CoyoteAdapter.java:344) ~[tomcat-embed-core-10.1.40.jar:10.1.40]
	at org.apache.coyote.http11.Http11Processor.service(Http11Processor.java:398) ~[tomcat-embed-core-10.1.40.jar:10.1.40]
	at org.apache.coyote.AbstractProcessorLight.process(AbstractProcessorLight.java:63) ~[tomcat-embed-core-10.1.40.jar:10.1.40]
	at org.apache.coyote.AbstractProtocol$ConnectionHandler.process(AbstractProtocol.java:903) ~[tomcat-embed-core-10.1.40.jar:10.1.40]
	at org.apache.tomcat.util.net.NioEndpoint$SocketProcessor.doRun(NioEndpoint.java:1740) ~[tomcat-embed-core-10.1.40.jar:10.1.40]
	at org.apache.tomcat.util.net.SocketProcessorBase.run(SocketProcessorBase.java:52) ~[tomcat-embed-core-10.1.40.jar:10.1.40]
	at org.apache.tomcat.util.threads.ThreadPoolExecutor.runWorker(ThreadPoolExecutor.java:1189) ~[tomcat-embed-core-10.1.40.jar:10.1.40]
	at org.apache.tomcat.util.threads.ThreadPoolExecutor$Worker.run(ThreadPoolExecutor.java:658) ~[tomcat-embed-core-10.1.40.jar:10.1.40]
	at org.apache.tomcat.util.threads.TaskThread$WrappingRunnable.run(TaskThread.java:63) ~[tomcat-embed-core-10.1.40.jar:10.1.40]
	at java.base/java.lang.Thread.run(Thread.java:1516) ~[na:na]

2026-05-20T11:55:46.905-04:00 DEBUG 15264 --- [health-service] [http-nio-8085-exec-5] o.s.w.s.m.m.a.HttpEntityMethodProcessor  : Using 'application/json', given [*/*] and supported [application/json, application/*+json]
2026-05-20T11:55:46.907-04:00 DEBUG 15264 --- [health-service] [http-nio-8085-exec-5] o.s.w.s.m.m.a.HttpEntityMethodProcessor  : Writing [ErrorResponse[timestamp=2026-05-20T11:55:46.905656800, status=500, error=Internal Server Error, mess (truncated)...]
2026-05-20T11:55:46.907-04:00  WARN 15264 --- [health-service] [http-nio-8085-exec-5] .m.m.a.ExceptionHandlerExceptionResolver : Resolved [java.lang.RuntimeException: Error al crear ficha clínica: no se pudo completar la validación]
2026-05-20T11:55:46.907-04:00 DEBUG 15264 --- [health-service] [http-nio-8085-exec-5] o.s.web.servlet.DispatcherServlet        : Completed 500 INTERNAL_SERVER_ERROR
2026-05-20T11:57:46.032-04:00 DEBUG 15264 --- [health-service] [pool-2-thread-3] c.a.h.client.UserServiceClient           : [UserServiceClient#getUserAuthByEmail] ---> GET http://localhost:8081/user-app/users/by-email/admin%40empresa.com/auth HTTP/1.1
2026-05-20T11:57:46.178-04:00 DEBUG 15264 --- [health-service] [pool-2-thread-3] c.a.h.client.UserServiceClient           : [UserServiceClient#getUserAuthByEmail] <--- HTTP/1.1 200 (147ms)
2026-05-20T11:57:46.182-04:00 DEBUG 15264 --- [health-service] [pool-2-thread-3] o.s.w.c.HttpMessageConverterExtractor    : Reading to [com.adoptapp.sharedkernel.dto.UserAuthResponse]
2026-05-20T11:57:46.289-04:00 DEBUG 15264 --- [health-service] [http-nio-8085-exec-7] o.s.web.servlet.DispatcherServlet        : GET "/health-app/health", parameters={}
2026-05-20T11:57:46.289-04:00 DEBUG 15264 --- [health-service] [http-nio-8085-exec-7] s.w.s.m.m.a.RequestMappingHandlerMapping : Mapped to com.adoptapp.healthservice.controller.HealthController#getAllHealth(String, String)
2026-05-20T11:57:46.425-04:00 DEBUG 15264 --- [health-service] [http-nio-8085-exec-7] org.hibernate.SQL                        : 
    select
        h1_0.id,
        h1_0.created_at,
        h1_0.diseases,
        h1_0.pet_id,
        h1_0.sterilization_status,
        h1_0.updated_at,
        h1_0.user_id,
        h1_0.vaccination_status 
    from
        health h1_0
2026-05-20T11:57:46.478-04:00 DEBUG 15264 --- [health-service] [http-nio-8085-exec-7] o.s.w.s.m.m.a.HttpEntityMethodProcessor  : Using 'application/json', given [*/*] and supported [application/json, application/*+json]
2026-05-20T11:57:46.488-04:00 DEBUG 15264 --- [health-service] [http-nio-8085-exec-7] o.s.w.s.m.m.a.HttpEntityMethodProcessor  : Writing [[HealthResponse[id=1, userId=1, petId=1, vaccinationStatus=VACCINATED, sterilizationStatus=STERILIZE (truncated)...]
2026-05-20T11:57:46.497-04:00 DEBUG 15264 --- [health-service] [http-nio-8085-exec-7] o.s.web.servlet.DispatcherServlet        : Completed 200 OK
2026-05-20T14:39:15.001-04:00  INFO 15264 --- [health-service] [SpringApplicationShutdownHook] o.s.b.w.e.tomcat.GracefulShutdown        : Commencing graceful shutdown. Waiting for active requests to complete
2026-05-20T14:39:15.125-04:00  INFO 15264 --- [health-service] [tomcat-shutdown] o.s.b.w.e.tomcat.GracefulShutdown        : Graceful shutdown complete
2026-05-20T14:39:15.297-04:00  INFO 15264 --- [health-service] [SpringApplicationShutdownHook] j.LocalContainerEntityManagerFactoryBean : Closing JPA EntityManagerFactory for persistence unit 'default'
2026-05-20T14:39:15.457-04:00  INFO 15264 --- [health-service] [SpringApplicationShutdownHook] com.zaxxer.hikari.HikariDataSource       : HikariPool-1 - Shutdown initiated...
2026-05-20T14:39:15.474-04:00  INFO 15264 --- [health-service] [SpringApplicationShutdownHook] com.zaxxer.hikari.HikariDataSource       : HikariPool-1 - Shutdown completed.
2026-05-20T14:45:45.052-04:00  INFO 27944 --- [health-service] [restartedMain] c.a.h.HealthServiceApplication           : Starting HealthServiceApplication using Java 26 with PID 27944 (C:\Users\camil\Documents\fullstack1\adoptapp\health-service\target\classes started by camil in C:\Users\camil\Documents\fullstack1\adoptapp)
2026-05-20T14:45:45.055-04:00 DEBUG 27944 --- [health-service] [restartedMain] c.a.h.HealthServiceApplication           : Running with Spring Boot v3.4.5, Spring v6.2.6
2026-05-20T14:45:45.055-04:00  INFO 27944 --- [health-service] [restartedMain] c.a.h.HealthServiceApplication           : No active profile set, falling back to 1 default profile: "default"
2026-05-20T14:45:45.125-04:00  INFO 27944 --- [health-service] [restartedMain] .e.DevToolsPropertyDefaultsPostProcessor : Devtools property defaults active! Set 'spring.devtools.add-properties' to 'false' to disable
2026-05-20T14:45:45.126-04:00  INFO 27944 --- [health-service] [restartedMain] .e.DevToolsPropertyDefaultsPostProcessor : For additional web related logging consider setting the 'logging.level.web' property to 'DEBUG'
2026-05-20T14:45:46.678-04:00  INFO 27944 --- [health-service] [restartedMain] .s.d.r.c.RepositoryConfigurationDelegate : Bootstrapping Spring Data JPA repositories in DEFAULT mode.
2026-05-20T14:45:46.800-04:00  INFO 27944 --- [health-service] [restartedMain] .s.d.r.c.RepositoryConfigurationDelegate : Finished Spring Data repository scanning in 107 ms. Found 2 JPA repository interfaces.
2026-05-20T14:45:47.386-04:00  INFO 27944 --- [health-service] [restartedMain] o.s.cloud.context.scope.GenericScope     : BeanFactory id=1fa17820-a0a9-3b24-8e59-449540ba714f
2026-05-20T14:45:48.785-04:00  INFO 27944 --- [health-service] [restartedMain] o.s.b.w.embedded.tomcat.TomcatWebServer  : Tomcat initialized with port 8085 (http)
2026-05-20T14:45:48.803-04:00  INFO 27944 --- [health-service] [restartedMain] o.apache.catalina.core.StandardService   : Starting service [Tomcat]
2026-05-20T14:45:48.803-04:00  INFO 27944 --- [health-service] [restartedMain] o.apache.catalina.core.StandardEngine    : Starting Servlet engine: [Apache Tomcat/10.1.40]
2026-05-20T14:45:48.881-04:00  INFO 27944 --- [health-service] [restartedMain] o.a.c.c.C.[.[localhost].[/health-app]    : Initializing Spring embedded WebApplicationContext
2026-05-20T14:45:48.882-04:00  INFO 27944 --- [health-service] [restartedMain] w.s.c.ServletWebServerApplicationContext : Root WebApplicationContext: initialization completed in 3756 ms
2026-05-20T14:45:49.431-04:00  INFO 27944 --- [health-service] [restartedMain] com.zaxxer.hikari.HikariDataSource       : HikariPool-1 - Starting...
2026-05-20T14:45:49.969-04:00  INFO 27944 --- [health-service] [restartedMain] com.zaxxer.hikari.pool.HikariPool        : HikariPool-1 - Added connection org.postgresql.jdbc.PgConnection@181db7ad
2026-05-20T14:45:49.971-04:00  INFO 27944 --- [health-service] [restartedMain] com.zaxxer.hikari.HikariDataSource       : HikariPool-1 - Start completed.
2026-05-20T14:45:50.008-04:00  INFO 27944 --- [health-service] [restartedMain] org.flywaydb.core.FlywayExecutor         : Database: jdbc:postgresql://localhost:5432/health_db (PostgreSQL 18.3)
2026-05-20T14:45:50.024-04:00  WARN 27944 --- [health-service] [restartedMain] o.f.c.internal.database.base.Database    : Flyway upgrade recommended: PostgreSQL 18.3 is newer than this version of Flyway and support has not been tested. The latest supported version of PostgreSQL is 17.
2026-05-20T14:45:50.086-04:00  INFO 27944 --- [health-service] [restartedMain] o.f.core.internal.command.DbValidate     : Successfully validated 3 migrations (execution time 00:00.045s)
2026-05-20T14:45:50.613-04:00  INFO 27944 --- [health-service] [restartedMain] o.f.core.internal.command.DbMigrate      : Current version of schema "public": 3
2026-05-20T14:45:50.618-04:00  INFO 27944 --- [health-service] [restartedMain] o.f.core.internal.command.DbMigrate      : Schema "public" is up to date. No migration necessary.
2026-05-20T14:45:50.886-04:00  INFO 27944 --- [health-service] [restartedMain] o.hibernate.jpa.internal.util.LogHelper  : HHH000204: Processing PersistenceUnitInfo [name: default]
2026-05-20T14:45:50.989-04:00  INFO 27944 --- [health-service] [restartedMain] org.hibernate.Version                    : HHH000412: Hibernate ORM core version 6.6.13.Final
2026-05-20T14:45:51.052-04:00  INFO 27944 --- [health-service] [restartedMain] o.h.c.internal.RegionFactoryInitiator    : HHH000026: Second-level cache disabled
2026-05-20T14:45:51.590-04:00  INFO 27944 --- [health-service] [restartedMain] o.s.o.j.p.SpringPersistenceUnitInfo      : No LoadTimeWeaver setup: ignoring JPA class transformer
2026-05-20T14:45:51.713-04:00  WARN 27944 --- [health-service] [restartedMain] org.hibernate.orm.deprecation            : HHH90000025: PostgreSQLDialect does not need to be specified explicitly using 'hibernate.dialect' (remove the property setting and it will be selected by default)
2026-05-20T14:45:51.741-04:00  INFO 27944 --- [health-service] [restartedMain] org.hibernate.orm.connections.pooling    : HHH10001005: Database info:
	Database JDBC URL [Connecting through datasource 'HikariDataSource (HikariPool-1)']
	Database driver: undefined/unknown
	Database version: 18.3
	Autocommit mode: undefined/unknown
	Isolation level: undefined/unknown
	Minimum pool size: undefined/unknown
	Maximum pool size: undefined/unknown
2026-05-20T14:45:53.438-04:00  INFO 27944 --- [health-service] [restartedMain] o.h.e.t.j.p.i.JtaPlatformInitiator       : HHH000489: No JTA platform available (set 'hibernate.transaction.jta.platform' to enable JTA platform integration)
2026-05-20T14:45:53.511-04:00  INFO 27944 --- [health-service] [restartedMain] j.LocalContainerEntityManagerFactoryBean : Initialized JPA EntityManagerFactory for persistence unit 'default'
2026-05-20T14:45:53.784-04:00  WARN 27944 --- [health-service] [restartedMain] JpaBaseConfiguration$JpaWebConfiguration : spring.jpa.open-in-view is enabled by default. Therefore, database queries may be performed during view rendering. Explicitly configure spring.jpa.open-in-view to disable this warning
2026-05-20T14:45:54.007-04:00  WARN 27944 --- [health-service] [restartedMain] o.s.b.d.a.OptionalLiveReloadServer       : Unable to start LiveReload server
2026-05-20T14:45:55.163-04:00  INFO 27944 --- [health-service] [restartedMain] r$InitializeUserDetailsManagerConfigurer : Global AuthenticationManager configured with UserDetailsService bean with name customUserDetailsService
2026-05-20T14:45:55.442-04:00 DEBUG 27944 --- [health-service] [restartedMain] s.w.s.m.m.a.RequestMappingHandlerMapping : 8 mappings in 'requestMappingHandlerMapping'
2026-05-20T14:45:55.794-04:00 DEBUG 27944 --- [health-service] [restartedMain] o.s.w.s.handler.SimpleUrlHandlerMapping  : Patterns [/webjars/**, /**] in 'resourceHandlerMapping'
2026-05-20T14:45:56.391-04:00 DEBUG 27944 --- [health-service] [restartedMain] s.w.s.m.m.a.RequestMappingHandlerAdapter : ControllerAdvice beans: 0 @ModelAttribute, 0 @InitBinder, 1 RequestBodyAdvice, 1 ResponseBodyAdvice
2026-05-20T14:45:56.518-04:00 DEBUG 27944 --- [health-service] [restartedMain] .m.m.a.ExceptionHandlerExceptionResolver : ControllerAdvice beans: 1 @ExceptionHandler, 1 ResponseBodyAdvice
2026-05-20T14:45:58.224-04:00  INFO 27944 --- [health-service] [restartedMain] o.s.cloud.commons.util.InetUtils         : Cannot determine local hostname
2026-05-20T14:45:58.376-04:00  INFO 27944 --- [health-service] [restartedMain] o.s.b.w.embedded.tomcat.TomcatWebServer  : Tomcat started on port 8085 (http) with context path '/health-app'
2026-05-20T14:45:59.385-04:00  INFO 27944 --- [health-service] [restartedMain] o.s.cloud.commons.util.InetUtils         : Cannot determine local hostname
2026-05-20T14:45:59.397-04:00  INFO 27944 --- [health-service] [restartedMain] c.a.h.HealthServiceApplication           : Started HealthServiceApplication in 16.251 seconds (process running for 17.585)
2026-05-20T14:48:07.321-04:00  INFO 27944 --- [health-service] [http-nio-8085-exec-2] o.a.c.c.C.[.[localhost].[/health-app]    : Initializing Spring DispatcherServlet 'dispatcherServlet'
2026-05-20T14:48:07.321-04:00  INFO 27944 --- [health-service] [http-nio-8085-exec-2] o.s.web.servlet.DispatcherServlet        : Initializing Servlet 'dispatcherServlet'
2026-05-20T14:48:07.321-04:00 DEBUG 27944 --- [health-service] [http-nio-8085-exec-2] o.s.web.servlet.DispatcherServlet        : Detected StandardServletMultipartResolver
2026-05-20T14:48:07.321-04:00 DEBUG 27944 --- [health-service] [http-nio-8085-exec-2] o.s.web.servlet.DispatcherServlet        : Detected AcceptHeaderLocaleResolver
2026-05-20T14:48:07.321-04:00 DEBUG 27944 --- [health-service] [http-nio-8085-exec-2] o.s.web.servlet.DispatcherServlet        : Detected FixedThemeResolver
2026-05-20T14:48:07.323-04:00 DEBUG 27944 --- [health-service] [http-nio-8085-exec-2] o.s.web.servlet.DispatcherServlet        : Detected org.springframework.web.servlet.view.DefaultRequestToViewNameTranslator@5975f77f
2026-05-20T14:48:07.323-04:00 DEBUG 27944 --- [health-service] [http-nio-8085-exec-2] o.s.web.servlet.DispatcherServlet        : Detected org.springframework.web.servlet.support.SessionFlashMapManager@634a27e9
2026-05-20T14:48:07.323-04:00 DEBUG 27944 --- [health-service] [http-nio-8085-exec-2] o.s.web.servlet.DispatcherServlet        : enableLoggingRequestDetails='false': request parameters and headers will be masked to prevent unsafe logging of potentially sensitive data
2026-05-20T14:48:07.324-04:00  INFO 27944 --- [health-service] [http-nio-8085-exec-2] o.s.web.servlet.DispatcherServlet        : Completed initialization in 3 ms
2026-05-20T14:48:07.489-04:00 DEBUG 27944 --- [health-service] [pool-2-thread-1] c.a.h.client.UserServiceClient           : [UserServiceClient#getUserAuthByEmail] ---> GET http://localhost:8081/user-app/users/by-email/admin%40adoptapp.com/auth HTTP/1.1
2026-05-20T14:48:07.637-04:00 DEBUG 27944 --- [health-service] [pool-2-thread-1] c.a.h.client.UserServiceClient           : [UserServiceClient#getUserAuthByEmail] <--- HTTP/1.1 200 (146ms)
2026-05-20T14:48:07.656-04:00 DEBUG 27944 --- [health-service] [pool-2-thread-1] o.s.w.c.HttpMessageConverterExtractor    : Reading to [com.adoptapp.sharedkernel.dto.UserAuthResponse]
2026-05-20T14:48:07.798-04:00 DEBUG 27944 --- [health-service] [http-nio-8085-exec-2] o.s.web.servlet.DispatcherServlet        : GET "/health-app/health", parameters={}
2026-05-20T14:48:07.800-04:00 DEBUG 27944 --- [health-service] [http-nio-8085-exec-2] s.w.s.m.m.a.RequestMappingHandlerMapping : Mapped to com.adoptapp.healthservice.controller.HealthController#getAllHealth(String, String)
2026-05-20T14:48:07.951-04:00 DEBUG 27944 --- [health-service] [http-nio-8085-exec-2] org.hibernate.SQL                        : 
    select
        h1_0.id,
        h1_0.created_at,
        h1_0.diseases,
        h1_0.pet_id,
        h1_0.sterilization_status,
        h1_0.updated_at,
        h1_0.user_id,
        h1_0.vaccination_status 
    from
        health h1_0
2026-05-20T14:48:08.024-04:00 DEBUG 27944 --- [health-service] [http-nio-8085-exec-2] o.s.w.s.m.m.a.HttpEntityMethodProcessor  : Using 'application/json', given [*/*] and supported [application/json, application/*+json]
2026-05-20T14:48:08.034-04:00 DEBUG 27944 --- [health-service] [http-nio-8085-exec-2] o.s.w.s.m.m.a.HttpEntityMethodProcessor  : Writing [[HealthResponse[id=1, userId=1, petId=1, vaccinationStatus=VACCINATED, sterilizationStatus=STERILIZE (truncated)...]
2026-05-20T14:48:08.057-04:00 DEBUG 27944 --- [health-service] [http-nio-8085-exec-2] o.s.web.servlet.DispatcherServlet        : Completed 200 OK
2026-05-20T14:54:59.650-04:00 DEBUG 27944 --- [health-service] [pool-2-thread-2] c.a.h.client.UserServiceClient           : [UserServiceClient#getUserAuthByEmail] ---> GET http://localhost:8081/user-app/users/by-email/admin%40adoptapp.com/auth HTTP/1.1
2026-05-20T14:54:59.790-04:00 DEBUG 27944 --- [health-service] [pool-2-thread-2] c.a.h.client.UserServiceClient           : [UserServiceClient#getUserAuthByEmail] <--- HTTP/1.1 200 (142ms)
2026-05-20T14:54:59.790-04:00 DEBUG 27944 --- [health-service] [pool-2-thread-2] o.s.w.c.HttpMessageConverterExtractor    : Reading to [com.adoptapp.sharedkernel.dto.UserAuthResponse]
2026-05-20T14:54:59.915-04:00 DEBUG 27944 --- [health-service] [http-nio-8085-exec-6] o.s.web.servlet.DispatcherServlet        : POST "/health-app/health", parameters={}
2026-05-20T14:54:59.915-04:00 DEBUG 27944 --- [health-service] [http-nio-8085-exec-6] s.w.s.m.m.a.RequestMappingHandlerMapping : Mapped to com.adoptapp.healthservice.controller.HealthController#createForm(HealthRequest)
2026-05-20T14:54:59.931-04:00 DEBUG 27944 --- [health-service] [http-nio-8085-exec-6] m.m.a.RequestResponseBodyMethodProcessor : Read "application/json;charset=UTF-8" to [HealthRequest[userId=1, petId=7, vaccinationStatus=VACCINATED, sterilizationStatus=STERILIZED, disea (truncated)...]
2026-05-20T14:55:00.075-04:00  INFO 27944 --- [health-service] [http-nio-8085-exec-6] c.a.healthservice.service.HealthService  : Creando ficha clinica: userId=1, petId=7
2026-05-20T14:55:00.076-04:00 DEBUG 27944 --- [health-service] [pool-2-thread-2] c.a.h.client.PetServiceClient            : [PetServiceClient#getPetById] ---> GET http://localhost:8082/pet-app/pets/by-id/7 HTTP/1.1
2026-05-20T14:55:00.353-04:00 DEBUG 27944 --- [health-service] [pool-2-thread-2] c.a.h.client.PetServiceClient            : [PetServiceClient#getPetById] <--- HTTP/1.1 404 (278ms)
2026-05-20T14:55:00.361-04:00  WARN 27944 --- [health-service] [http-nio-8085-exec-6] c.a.h.client.PetServiceClientFallback    : Pet-service no disponible para petId 7
2026-05-20T14:55:00.361-04:00  WARN 27944 --- [health-service] [http-nio-8085-exec-6] c.a.healthservice.service.HealthService  : Mascota no encontrada: ID=7
2026-05-20T14:55:00.370-04:00 DEBUG 27944 --- [health-service] [http-nio-8085-exec-6] .m.m.a.ExceptionHandlerExceptionResolver : Using @ExceptionHandler com.adoptapp.healthservice.exception.GlobalExceptionHandler#handleIllegalArgument(IllegalArgumentException, HttpServletRequest)
2026-05-20T14:55:00.379-04:00 DEBUG 27944 --- [health-service] [http-nio-8085-exec-6] o.s.w.s.m.m.a.HttpEntityMethodProcessor  : Using 'application/json', given [*/*] and supported [application/json, application/*+json]
2026-05-20T14:55:00.379-04:00 DEBUG 27944 --- [health-service] [http-nio-8085-exec-6] o.s.w.s.m.m.a.HttpEntityMethodProcessor  : Writing [ErrorResponse[timestamp=2026-05-20T14:55:00.375508, status=400, error=Bad Request, message=La mascot (truncated)...]
2026-05-20T14:55:00.386-04:00  WARN 27944 --- [health-service] [http-nio-8085-exec-6] .m.m.a.ExceptionHandlerExceptionResolver : Resolved [java.lang.IllegalArgumentException: La mascota con ID 7 no existe]
2026-05-20T14:55:00.386-04:00 DEBUG 27944 --- [health-service] [http-nio-8085-exec-6] o.s.web.servlet.DispatcherServlet        : Completed 400 BAD_REQUEST
2026-05-20T15:15:38.888-04:00  WARN 27944 --- [health-service] [HikariPool-1 housekeeper] com.zaxxer.hikari.pool.HikariPool        : HikariPool-1 - Thread starvation or clock leap detected (housekeeper delta=52s707ms5µs100ns).
2026-05-20T15:18:37.351-04:00 DEBUG 27944 --- [health-service] [pool-2-thread-3] c.a.h.client.UserServiceClient           : [UserServiceClient#getUserAuthByEmail] ---> GET http://localhost:8081/user-app/users/by-email/admin%40empresa.com/auth HTTP/1.1
2026-05-20T15:18:37.480-04:00 DEBUG 27944 --- [health-service] [pool-2-thread-3] c.a.h.client.UserServiceClient           : [UserServiceClient#getUserAuthByEmail] <--- HTTP/1.1 200 (133ms)
2026-05-20T15:18:37.559-04:00 DEBUG 27944 --- [health-service] [pool-2-thread-3] o.s.w.c.HttpMessageConverterExtractor    : Reading to [com.adoptapp.sharedkernel.dto.UserAuthResponse]
2026-05-20T15:18:37.702-04:00 DEBUG 27944 --- [health-service] [http-nio-8085-exec-7] o.s.web.servlet.DispatcherServlet        : POST "/health-app/health", parameters={}
2026-05-20T15:18:37.718-04:00 DEBUG 27944 --- [health-service] [http-nio-8085-exec-7] s.w.s.m.m.a.RequestMappingHandlerMapping : Mapped to com.adoptapp.healthservice.controller.HealthController#createForm(HealthRequest)
2026-05-20T15:18:37.758-04:00 DEBUG 27944 --- [health-service] [http-nio-8085-exec-7] m.m.a.RequestResponseBodyMethodProcessor : Read "application/json;charset=UTF-8" to [HealthRequest[userId=1, petId=8, vaccinationStatus=VACCINATED, sterilizationStatus=STERILIZED, disea (truncated)...]
2026-05-20T15:18:37.846-04:00  INFO 27944 --- [health-service] [http-nio-8085-exec-7] c.a.healthservice.service.HealthService  : Creando ficha clinica: userId=1, petId=8
2026-05-20T15:18:37.846-04:00 DEBUG 27944 --- [health-service] [pool-2-thread-3] c.a.h.client.PetServiceClient            : [PetServiceClient#getPetById] ---> GET http://localhost:8082/pet-app/pets/by-id/8 HTTP/1.1
2026-05-20T15:18:38.103-04:00 DEBUG 27944 --- [health-service] [pool-2-thread-3] c.a.h.client.PetServiceClient            : [PetServiceClient#getPetById] <--- HTTP/1.1 404 (251ms)
2026-05-20T15:18:38.103-04:00  WARN 27944 --- [health-service] [http-nio-8085-exec-7] c.a.h.client.PetServiceClientFallback    : Pet-service no disponible para petId 8
2026-05-20T15:18:38.103-04:00  WARN 27944 --- [health-service] [http-nio-8085-exec-7] c.a.healthservice.service.HealthService  : Mascota no encontrada: ID=8
2026-05-20T15:18:38.147-04:00 DEBUG 27944 --- [health-service] [http-nio-8085-exec-7] .m.m.a.ExceptionHandlerExceptionResolver : Using @ExceptionHandler com.adoptapp.healthservice.exception.GlobalExceptionHandler#handleIllegalArgument(IllegalArgumentException, HttpServletRequest)
2026-05-20T15:18:38.163-04:00 DEBUG 27944 --- [health-service] [http-nio-8085-exec-7] o.s.w.s.m.m.a.HttpEntityMethodProcessor  : Using 'application/json', given [*/*] and supported [application/json, application/*+json]
2026-05-20T15:18:38.163-04:00 DEBUG 27944 --- [health-service] [http-nio-8085-exec-7] o.s.w.s.m.m.a.HttpEntityMethodProcessor  : Writing [ErrorResponse[timestamp=2026-05-20T15:18:38.147374200, status=400, error=Bad Request, message=La mas (truncated)...]
2026-05-20T15:18:38.178-04:00  WARN 27944 --- [health-service] [http-nio-8085-exec-7] .m.m.a.ExceptionHandlerExceptionResolver : Resolved [java.lang.IllegalArgumentException: La mascota con ID 8 no existe]
2026-05-20T15:18:38.178-04:00 DEBUG 27944 --- [health-service] [http-nio-8085-exec-7] o.s.web.servlet.DispatcherServlet        : Completed 400 BAD_REQUEST
2026-05-20T15:18:41.060-04:00 DEBUG 27944 --- [health-service] [pool-2-thread-3] c.a.h.client.UserServiceClient           : [UserServiceClient#getUserAuthByEmail] ---> GET http://localhost:8081/user-app/users/by-email/admin%40empresa.com/auth HTTP/1.1
2026-05-20T15:18:41.176-04:00 DEBUG 27944 --- [health-service] [pool-2-thread-3] c.a.h.client.UserServiceClient           : [UserServiceClient#getUserAuthByEmail] <--- HTTP/1.1 200 (124ms)
2026-05-20T15:18:41.176-04:00 DEBUG 27944 --- [health-service] [pool-2-thread-3] o.s.w.c.HttpMessageConverterExtractor    : Reading to [com.adoptapp.sharedkernel.dto.UserAuthResponse]
2026-05-20T15:18:41.292-04:00 DEBUG 27944 --- [health-service] [http-nio-8085-exec-9] o.s.web.servlet.DispatcherServlet        : GET "/health-app/health", parameters={}
2026-05-20T15:18:41.292-04:00 DEBUG 27944 --- [health-service] [http-nio-8085-exec-9] s.w.s.m.m.a.RequestMappingHandlerMapping : Mapped to com.adoptapp.healthservice.controller.HealthController#getAllHealth(String, String)
2026-05-20T15:18:41.416-04:00 DEBUG 27944 --- [health-service] [http-nio-8085-exec-9] org.hibernate.SQL                        : 
    select
        h1_0.id,
        h1_0.created_at,
        h1_0.diseases,
        h1_0.pet_id,
        h1_0.sterilization_status,
        h1_0.updated_at,
        h1_0.user_id,
        h1_0.vaccination_status 
    from
        health h1_0
2026-05-20T15:18:41.444-04:00 DEBUG 27944 --- [health-service] [http-nio-8085-exec-9] o.s.w.s.m.m.a.HttpEntityMethodProcessor  : Using 'application/json', given [*/*] and supported [application/json, application/*+json]
2026-05-20T15:18:41.444-04:00 DEBUG 27944 --- [health-service] [http-nio-8085-exec-9] o.s.w.s.m.m.a.HttpEntityMethodProcessor  : Writing [[HealthResponse[id=1, userId=1, petId=1, vaccinationStatus=VACCINATED, sterilizationStatus=STERILIZE (truncated)...]
2026-05-20T15:18:41.448-04:00 DEBUG 27944 --- [health-service] [http-nio-8085-exec-9] o.s.web.servlet.DispatcherServlet        : Completed 200 OK
2026-05-20T15:18:41.521-04:00 DEBUG 27944 --- [health-service] [pool-2-thread-3] c.a.h.client.UserServiceClient           : [UserServiceClient#getUserAuthByEmail] ---> GET http://localhost:8081/user-app/users/by-email/admin%40empresa.com/auth HTTP/1.1
2026-05-20T15:18:41.647-04:00 DEBUG 27944 --- [health-service] [pool-2-thread-3] c.a.h.client.UserServiceClient           : [UserServiceClient#getUserAuthByEmail] <--- HTTP/1.1 200 (127ms)
2026-05-20T15:18:41.647-04:00 DEBUG 27944 --- [health-service] [pool-2-thread-3] o.s.w.c.HttpMessageConverterExtractor    : Reading to [com.adoptapp.sharedkernel.dto.UserAuthResponse]
2026-05-20T15:18:41.757-04:00 DEBUG 27944 --- [health-service] [http-nio-8085-exec-10] o.s.web.servlet.DispatcherServlet        : POST "/health-app/health", parameters={}
2026-05-20T15:18:41.757-04:00 DEBUG 27944 --- [health-service] [http-nio-8085-exec-10] s.w.s.m.m.a.RequestMappingHandlerMapping : Mapped to com.adoptapp.healthservice.controller.HealthController#createForm(HealthRequest)
2026-05-20T15:18:41.757-04:00 DEBUG 27944 --- [health-service] [http-nio-8085-exec-10] m.m.a.RequestResponseBodyMethodProcessor : Read "application/json;charset=UTF-8" to [HealthRequest[userId=1, petId=1, vaccinationStatus=VACCINATED, sterilizationStatus=STERILIZED, disea (truncated)...]
2026-05-20T15:18:41.757-04:00  INFO 27944 --- [health-service] [http-nio-8085-exec-10] c.a.healthservice.service.HealthService  : Creando ficha clinica: userId=1, petId=1
2026-05-20T15:18:41.766-04:00 DEBUG 27944 --- [health-service] [pool-2-thread-3] c.a.h.client.PetServiceClient            : [PetServiceClient#getPetById] ---> GET http://localhost:8082/pet-app/pets/by-id/1 HTTP/1.1
2026-05-20T15:18:42.009-04:00 DEBUG 27944 --- [health-service] [pool-2-thread-3] c.a.h.client.PetServiceClient            : [PetServiceClient#getPetById] <--- HTTP/1.1 200 (255ms)
2026-05-20T15:18:42.048-04:00 DEBUG 27944 --- [health-service] [pool-2-thread-3] o.s.w.c.HttpMessageConverterExtractor    : Reading to [com.adoptapp.healthservice.dto.PetResponse]
2026-05-20T15:18:42.074-04:00 DEBUG 27944 --- [health-service] [pool-2-thread-3] c.a.h.client.UserServiceClient           : [UserServiceClient#getUserById] ---> GET http://localhost:8081/user-app/users/by-id/1 HTTP/1.1
2026-05-20T15:18:42.186-04:00 DEBUG 27944 --- [health-service] [pool-2-thread-3] c.a.h.client.UserServiceClient           : [UserServiceClient#getUserById] <--- HTTP/1.1 404 (117ms)
2026-05-20T15:18:42.186-04:00  WARN 27944 --- [health-service] [http-nio-8085-exec-10] c.a.h.client.UserServiceClientFallback   : User-service no disponible para userId 1
2026-05-20T15:18:42.186-04:00  WARN 27944 --- [health-service] [http-nio-8085-exec-10] c.a.healthservice.service.HealthService  : Usuario no encontrado: ID=1
2026-05-20T15:18:42.201-04:00 DEBUG 27944 --- [health-service] [http-nio-8085-exec-10] .m.m.a.ExceptionHandlerExceptionResolver : Using @ExceptionHandler com.adoptapp.healthservice.exception.GlobalExceptionHandler#handleIllegalArgument(IllegalArgumentException, HttpServletRequest)
2026-05-20T15:18:42.201-04:00 DEBUG 27944 --- [health-service] [http-nio-8085-exec-10] o.s.w.s.m.m.a.HttpEntityMethodProcessor  : Using 'application/json', given [*/*] and supported [application/json, application/*+json]
2026-05-20T15:18:42.201-04:00 DEBUG 27944 --- [health-service] [http-nio-8085-exec-10] o.s.w.s.m.m.a.HttpEntityMethodProcessor  : Writing [ErrorResponse[timestamp=2026-05-20T15:18:42.201745500, status=400, error=Bad Request, message=El usu (truncated)...]
2026-05-20T15:18:42.201-04:00  WARN 27944 --- [health-service] [http-nio-8085-exec-10] .m.m.a.ExceptionHandlerExceptionResolver : Resolved [java.lang.IllegalArgumentException: El usuario con ID 1 no existe]
2026-05-20T15:18:42.201-04:00 DEBUG 27944 --- [health-service] [http-nio-8085-exec-10] o.s.web.servlet.DispatcherServlet        : Completed 400 BAD_REQUEST
2026-05-20T15:18:44.028-04:00 DEBUG 27944 --- [health-service] [pool-2-thread-3] c.a.h.client.UserServiceClient           : [UserServiceClient#getUserAuthByEmail] ---> GET http://localhost:8081/user-app/users/by-email/admin%40empresa.com/auth HTTP/1.1
2026-05-20T15:18:44.143-04:00 DEBUG 27944 --- [health-service] [pool-2-thread-3] c.a.h.client.UserServiceClient           : [UserServiceClient#getUserAuthByEmail] <--- HTTP/1.1 200 (115ms)
2026-05-20T15:18:44.143-04:00 DEBUG 27944 --- [health-service] [pool-2-thread-3] o.s.w.c.HttpMessageConverterExtractor    : Reading to [com.adoptapp.sharedkernel.dto.UserAuthResponse]
2026-05-20T15:18:44.253-04:00 DEBUG 27944 --- [health-service] [http-nio-8085-exec-1] o.s.web.servlet.DispatcherServlet        : POST "/health-app/health", parameters={}
2026-05-20T15:18:44.253-04:00 DEBUG 27944 --- [health-service] [http-nio-8085-exec-1] s.w.s.m.m.a.RequestMappingHandlerMapping : Mapped to com.adoptapp.healthservice.controller.HealthController#createForm(HealthRequest)
2026-05-20T15:18:44.253-04:00 DEBUG 27944 --- [health-service] [http-nio-8085-exec-1] m.m.a.RequestResponseBodyMethodProcessor : Read "application/json;charset=UTF-8" to [HealthRequest[userId=1, petId=9, vaccinationStatus=VACCINATED, sterilizationStatus=STERILIZED, disea (truncated)...]
2026-05-20T15:18:44.264-04:00  INFO 27944 --- [health-service] [http-nio-8085-exec-1] c.a.healthservice.service.HealthService  : Creando ficha clinica: userId=1, petId=9
2026-05-20T15:18:44.264-04:00 DEBUG 27944 --- [health-service] [pool-2-thread-3] c.a.h.client.PetServiceClient            : [PetServiceClient#getPetById] ---> GET http://localhost:8082/pet-app/pets/by-id/9 HTTP/1.1
2026-05-20T15:18:44.502-04:00 DEBUG 27944 --- [health-service] [pool-2-thread-3] c.a.h.client.PetServiceClient            : [PetServiceClient#getPetById] <--- HTTP/1.1 404 (237ms)
2026-05-20T15:18:44.502-04:00  WARN 27944 --- [health-service] [http-nio-8085-exec-1] c.a.h.client.PetServiceClientFallback    : Pet-service no disponible para petId 9
2026-05-20T15:18:44.502-04:00  WARN 27944 --- [health-service] [http-nio-8085-exec-1] c.a.healthservice.service.HealthService  : Mascota no encontrada: ID=9
2026-05-20T15:18:44.502-04:00 DEBUG 27944 --- [health-service] [http-nio-8085-exec-1] .m.m.a.ExceptionHandlerExceptionResolver : Using @ExceptionHandler com.adoptapp.healthservice.exception.GlobalExceptionHandler#handleIllegalArgument(IllegalArgumentException, HttpServletRequest)
2026-05-20T15:18:44.502-04:00 DEBUG 27944 --- [health-service] [http-nio-8085-exec-1] o.s.w.s.m.m.a.HttpEntityMethodProcessor  : Using 'application/json', given [*/*] and supported [application/json, application/*+json]
2026-05-20T15:18:44.502-04:00 DEBUG 27944 --- [health-service] [http-nio-8085-exec-1] o.s.w.s.m.m.a.HttpEntityMethodProcessor  : Writing [ErrorResponse[timestamp=2026-05-20T15:18:44.502939300, status=400, error=Bad Request, message=La mas (truncated)...]
2026-05-20T15:18:44.502-04:00  WARN 27944 --- [health-service] [http-nio-8085-exec-1] .m.m.a.ExceptionHandlerExceptionResolver : Resolved [java.lang.IllegalArgumentException: La mascota con ID 9 no existe]
2026-05-20T15:18:44.502-04:00 DEBUG 27944 --- [health-service] [http-nio-8085-exec-1] o.s.web.servlet.DispatcherServlet        : Completed 400 BAD_REQUEST
2026-05-20T15:18:46.335-04:00 DEBUG 27944 --- [health-service] [pool-2-thread-3] c.a.h.client.UserServiceClient           : [UserServiceClient#getUserAuthByEmail] ---> GET http://localhost:8081/user-app/users/by-email/admin%40empresa.com/auth HTTP/1.1
2026-05-20T15:18:46.458-04:00 DEBUG 27944 --- [health-service] [pool-2-thread-3] c.a.h.client.UserServiceClient           : [UserServiceClient#getUserAuthByEmail] <--- HTTP/1.1 200 (117ms)
2026-05-20T15:18:46.458-04:00 DEBUG 27944 --- [health-service] [pool-2-thread-3] o.s.w.c.HttpMessageConverterExtractor    : Reading to [com.adoptapp.sharedkernel.dto.UserAuthResponse]
2026-05-20T15:18:46.566-04:00 DEBUG 27944 --- [health-service] [http-nio-8085-exec-3] o.s.web.servlet.DispatcherServlet        : GET "/health-app/health", parameters={}
2026-05-20T15:18:46.567-04:00 DEBUG 27944 --- [health-service] [http-nio-8085-exec-3] s.w.s.m.m.a.RequestMappingHandlerMapping : Mapped to com.adoptapp.healthservice.controller.HealthController#getAllHealth(String, String)
2026-05-20T15:18:46.567-04:00 DEBUG 27944 --- [health-service] [http-nio-8085-exec-3] org.hibernate.SQL                        : 
    select
        h1_0.id,
        h1_0.created_at,
        h1_0.diseases,
        h1_0.pet_id,
        h1_0.sterilization_status,
        h1_0.updated_at,
        h1_0.user_id,
        h1_0.vaccination_status 
    from
        health h1_0
2026-05-20T15:18:46.567-04:00 DEBUG 27944 --- [health-service] [http-nio-8085-exec-3] o.s.w.s.m.m.a.HttpEntityMethodProcessor  : Using 'application/json', given [*/*] and supported [application/json, application/*+json]
2026-05-20T15:18:46.567-04:00 DEBUG 27944 --- [health-service] [http-nio-8085-exec-3] o.s.w.s.m.m.a.HttpEntityMethodProcessor  : Writing [[HealthResponse[id=1, userId=1, petId=1, vaccinationStatus=VACCINATED, sterilizationStatus=STERILIZE (truncated)...]
2026-05-20T15:18:46.567-04:00 DEBUG 27944 --- [health-service] [http-nio-8085-exec-3] o.s.web.servlet.DispatcherServlet        : Completed 200 OK
2026-05-20T15:18:46.633-04:00 DEBUG 27944 --- [health-service] [pool-2-thread-3] c.a.h.client.UserServiceClient           : [UserServiceClient#getUserAuthByEmail] ---> GET http://localhost:8081/user-app/users/by-email/admin%40empresa.com/auth HTTP/1.1
2026-05-20T15:18:46.750-04:00 DEBUG 27944 --- [health-service] [pool-2-thread-3] c.a.h.client.UserServiceClient           : [UserServiceClient#getUserAuthByEmail] <--- HTTP/1.1 200 (120ms)
2026-05-20T15:18:46.750-04:00 DEBUG 27944 --- [health-service] [pool-2-thread-3] o.s.w.c.HttpMessageConverterExtractor    : Reading to [com.adoptapp.sharedkernel.dto.UserAuthResponse]
2026-05-20T15:18:46.917-04:00 DEBUG 27944 --- [health-service] [http-nio-8085-exec-4] o.s.web.servlet.DispatcherServlet        : POST "/health-app/health", parameters={}
2026-05-20T15:18:46.917-04:00 DEBUG 27944 --- [health-service] [http-nio-8085-exec-4] s.w.s.m.m.a.RequestMappingHandlerMapping : Mapped to com.adoptapp.healthservice.controller.HealthController#createForm(HealthRequest)
2026-05-20T15:18:46.917-04:00 DEBUG 27944 --- [health-service] [http-nio-8085-exec-4] m.m.a.RequestResponseBodyMethodProcessor : Read "application/json;charset=UTF-8" to [HealthRequest[userId=1, petId=1, vaccinationStatus=VACCINATED, sterilizationStatus=STERILIZED, disea (truncated)...]
2026-05-20T15:18:46.917-04:00  INFO 27944 --- [health-service] [http-nio-8085-exec-4] c.a.healthservice.service.HealthService  : Creando ficha clinica: userId=1, petId=1
2026-05-20T15:18:46.917-04:00 DEBUG 27944 --- [health-service] [pool-2-thread-3] c.a.h.client.PetServiceClient            : [PetServiceClient#getPetById] ---> GET http://localhost:8082/pet-app/pets/by-id/1 HTTP/1.1
2026-05-20T15:18:47.160-04:00 DEBUG 27944 --- [health-service] [pool-2-thread-3] c.a.h.client.PetServiceClient            : [PetServiceClient#getPetById] <--- HTTP/1.1 200 (237ms)
2026-05-20T15:18:47.160-04:00 DEBUG 27944 --- [health-service] [pool-2-thread-3] o.s.w.c.HttpMessageConverterExtractor    : Reading to [com.adoptapp.healthservice.dto.PetResponse]
2026-05-20T15:18:47.160-04:00 DEBUG 27944 --- [health-service] [pool-2-thread-3] c.a.h.client.UserServiceClient           : [UserServiceClient#getUserById] ---> GET http://localhost:8081/user-app/users/by-id/1 HTTP/1.1
2026-05-20T15:18:47.272-04:00 DEBUG 27944 --- [health-service] [pool-2-thread-3] c.a.h.client.UserServiceClient           : [UserServiceClient#getUserById] <--- HTTP/1.1 404 (114ms)
2026-05-20T15:18:47.272-04:00  WARN 27944 --- [health-service] [http-nio-8085-exec-4] c.a.h.client.UserServiceClientFallback   : User-service no disponible para userId 1
2026-05-20T15:18:47.272-04:00  WARN 27944 --- [health-service] [http-nio-8085-exec-4] c.a.healthservice.service.HealthService  : Usuario no encontrado: ID=1
2026-05-20T15:18:47.272-04:00 DEBUG 27944 --- [health-service] [http-nio-8085-exec-4] .m.m.a.ExceptionHandlerExceptionResolver : Using @ExceptionHandler com.adoptapp.healthservice.exception.GlobalExceptionHandler#handleIllegalArgument(IllegalArgumentException, HttpServletRequest)
2026-05-20T15:18:47.272-04:00 DEBUG 27944 --- [health-service] [http-nio-8085-exec-4] o.s.w.s.m.m.a.HttpEntityMethodProcessor  : Using 'application/json', given [*/*] and supported [application/json, application/*+json]
2026-05-20T15:18:47.272-04:00 DEBUG 27944 --- [health-service] [http-nio-8085-exec-4] o.s.w.s.m.m.a.HttpEntityMethodProcessor  : Writing [ErrorResponse[timestamp=2026-05-20T15:18:47.272497600, status=400, error=Bad Request, message=El usu (truncated)...]
2026-05-20T15:18:47.272-04:00  WARN 27944 --- [health-service] [http-nio-8085-exec-4] .m.m.a.ExceptionHandlerExceptionResolver : Resolved [java.lang.IllegalArgumentException: El usuario con ID 1 no existe]
2026-05-20T15:18:47.272-04:00 DEBUG 27944 --- [health-service] [http-nio-8085-exec-4] o.s.web.servlet.DispatcherServlet        : Completed 400 BAD_REQUEST
2026-05-20T15:20:19.972-04:00  INFO 27944 --- [health-service] [SpringApplicationShutdownHook] o.s.b.w.e.tomcat.GracefulShutdown        : Commencing graceful shutdown. Waiting for active requests to complete
2026-05-20T15:20:19.993-04:00  INFO 27944 --- [health-service] [tomcat-shutdown] o.s.b.w.e.tomcat.GracefulShutdown        : Graceful shutdown complete
2026-05-20T15:20:20.044-04:00  INFO 27944 --- [health-service] [SpringApplicationShutdownHook] j.LocalContainerEntityManagerFactoryBean : Closing JPA EntityManagerFactory for persistence unit 'default'
2026-05-20T15:20:20.107-04:00  INFO 27944 --- [health-service] [SpringApplicationShutdownHook] com.zaxxer.hikari.HikariDataSource       : HikariPool-1 - Shutdown initiated...
2026-05-20T15:20:20.113-04:00  INFO 27944 --- [health-service] [SpringApplicationShutdownHook] com.zaxxer.hikari.HikariDataSource       : HikariPool-1 - Shutdown completed.
2026-05-20T15:28:26.151-04:00  INFO 31044 --- [health-service] [restartedMain] c.a.h.HealthServiceApplication           : Starting HealthServiceApplication using Java 26 with PID 31044 (C:\Users\camil\Documents\fullstack1\adoptapp\health-service\target\classes started by camil in C:\Users\camil\Documents\fullstack1\adoptapp)
2026-05-20T15:28:26.153-04:00 DEBUG 31044 --- [health-service] [restartedMain] c.a.h.HealthServiceApplication           : Running with Spring Boot v3.4.5, Spring v6.2.6
2026-05-20T15:28:26.154-04:00  INFO 31044 --- [health-service] [restartedMain] c.a.h.HealthServiceApplication           : No active profile set, falling back to 1 default profile: "default"
2026-05-20T15:28:26.229-04:00  INFO 31044 --- [health-service] [restartedMain] .e.DevToolsPropertyDefaultsPostProcessor : Devtools property defaults active! Set 'spring.devtools.add-properties' to 'false' to disable
2026-05-20T15:28:26.229-04:00  INFO 31044 --- [health-service] [restartedMain] .e.DevToolsPropertyDefaultsPostProcessor : For additional web related logging consider setting the 'logging.level.web' property to 'DEBUG'
2026-05-20T15:28:28.021-04:00  INFO 31044 --- [health-service] [restartedMain] .s.d.r.c.RepositoryConfigurationDelegate : Bootstrapping Spring Data JPA repositories in DEFAULT mode.
2026-05-20T15:28:28.136-04:00  INFO 31044 --- [health-service] [restartedMain] .s.d.r.c.RepositoryConfigurationDelegate : Finished Spring Data repository scanning in 99 ms. Found 2 JPA repository interfaces.
2026-05-20T15:28:28.696-04:00  INFO 31044 --- [health-service] [restartedMain] o.s.cloud.context.scope.GenericScope     : BeanFactory id=1fa17820-a0a9-3b24-8e59-449540ba714f
2026-05-20T15:28:30.110-04:00  INFO 31044 --- [health-service] [restartedMain] o.s.b.w.embedded.tomcat.TomcatWebServer  : Tomcat initialized with port 8085 (http)
2026-05-20T15:28:30.131-04:00  INFO 31044 --- [health-service] [restartedMain] o.apache.catalina.core.StandardService   : Starting service [Tomcat]
2026-05-20T15:28:30.131-04:00  INFO 31044 --- [health-service] [restartedMain] o.apache.catalina.core.StandardEngine    : Starting Servlet engine: [Apache Tomcat/10.1.40]
2026-05-20T15:28:30.235-04:00  INFO 31044 --- [health-service] [restartedMain] o.a.c.c.C.[.[localhost].[/health-app]    : Initializing Spring embedded WebApplicationContext
2026-05-20T15:28:30.235-04:00  INFO 31044 --- [health-service] [restartedMain] w.s.c.ServletWebServerApplicationContext : Root WebApplicationContext: initialization completed in 4006 ms
2026-05-20T15:28:30.876-04:00  INFO 31044 --- [health-service] [restartedMain] com.zaxxer.hikari.HikariDataSource       : HikariPool-1 - Starting...
2026-05-20T15:28:31.195-04:00  INFO 31044 --- [health-service] [restartedMain] com.zaxxer.hikari.pool.HikariPool        : HikariPool-1 - Added connection org.postgresql.jdbc.PgConnection@70f5a7ca
2026-05-20T15:28:31.198-04:00  INFO 31044 --- [health-service] [restartedMain] com.zaxxer.hikari.HikariDataSource       : HikariPool-1 - Start completed.
2026-05-20T15:28:31.244-04:00  INFO 31044 --- [health-service] [restartedMain] org.flywaydb.core.FlywayExecutor         : Database: jdbc:postgresql://localhost:5432/health_db (PostgreSQL 18.3)
2026-05-20T15:28:31.258-04:00  WARN 31044 --- [health-service] [restartedMain] o.f.c.internal.database.base.Database    : Flyway upgrade recommended: PostgreSQL 18.3 is newer than this version of Flyway and support has not been tested. The latest supported version of PostgreSQL is 17.
2026-05-20T15:28:31.333-04:00  INFO 31044 --- [health-service] [restartedMain] o.f.core.internal.command.DbValidate     : Successfully validated 3 migrations (execution time 00:00.056s)
2026-05-20T15:28:31.457-04:00  INFO 31044 --- [health-service] [restartedMain] o.f.core.internal.command.DbMigrate      : Current version of schema "public": 3
2026-05-20T15:28:31.462-04:00  INFO 31044 --- [health-service] [restartedMain] o.f.core.internal.command.DbMigrate      : Schema "public" is up to date. No migration necessary.
2026-05-20T15:28:31.779-04:00  INFO 31044 --- [health-service] [restartedMain] o.hibernate.jpa.internal.util.LogHelper  : HHH000204: Processing PersistenceUnitInfo [name: default]
2026-05-20T15:28:31.891-04:00  INFO 31044 --- [health-service] [restartedMain] org.hibernate.Version                    : HHH000412: Hibernate ORM core version 6.6.13.Final
2026-05-20T15:28:31.962-04:00  INFO 31044 --- [health-service] [restartedMain] o.h.c.internal.RegionFactoryInitiator    : HHH000026: Second-level cache disabled
2026-05-20T15:28:32.511-04:00  INFO 31044 --- [health-service] [restartedMain] o.s.o.j.p.SpringPersistenceUnitInfo      : No LoadTimeWeaver setup: ignoring JPA class transformer
2026-05-20T15:28:32.605-04:00  WARN 31044 --- [health-service] [restartedMain] org.hibernate.orm.deprecation            : HHH90000025: PostgreSQLDialect does not need to be specified explicitly using 'hibernate.dialect' (remove the property setting and it will be selected by default)
2026-05-20T15:28:32.629-04:00  INFO 31044 --- [health-service] [restartedMain] org.hibernate.orm.connections.pooling    : HHH10001005: Database info:
	Database JDBC URL [Connecting through datasource 'HikariDataSource (HikariPool-1)']
	Database driver: undefined/unknown
	Database version: 18.3
	Autocommit mode: undefined/unknown
	Isolation level: undefined/unknown
	Minimum pool size: undefined/unknown
	Maximum pool size: undefined/unknown
2026-05-20T15:28:34.440-04:00  INFO 31044 --- [health-service] [restartedMain] o.h.e.t.j.p.i.JtaPlatformInitiator       : HHH000489: No JTA platform available (set 'hibernate.transaction.jta.platform' to enable JTA platform integration)
2026-05-20T15:28:34.559-04:00  INFO 31044 --- [health-service] [restartedMain] j.LocalContainerEntityManagerFactoryBean : Initialized JPA EntityManagerFactory for persistence unit 'default'
2026-05-20T15:28:34.970-04:00  WARN 31044 --- [health-service] [restartedMain] JpaBaseConfiguration$JpaWebConfiguration : spring.jpa.open-in-view is enabled by default. Therefore, database queries may be performed during view rendering. Explicitly configure spring.jpa.open-in-view to disable this warning
2026-05-20T15:28:35.288-04:00  WARN 31044 --- [health-service] [restartedMain] o.s.b.d.a.OptionalLiveReloadServer       : Unable to start LiveReload server
2026-05-20T15:28:36.794-04:00  INFO 31044 --- [health-service] [restartedMain] r$InitializeUserDetailsManagerConfigurer : Global AuthenticationManager configured with UserDetailsService bean with name customUserDetailsService
2026-05-20T15:28:37.157-04:00 DEBUG 31044 --- [health-service] [restartedMain] s.w.s.m.m.a.RequestMappingHandlerMapping : 8 mappings in 'requestMappingHandlerMapping'
2026-05-20T15:28:37.623-04:00 DEBUG 31044 --- [health-service] [restartedMain] o.s.w.s.handler.SimpleUrlHandlerMapping  : Patterns [/webjars/**, /**] in 'resourceHandlerMapping'
2026-05-20T15:28:38.302-04:00 DEBUG 31044 --- [health-service] [restartedMain] s.w.s.m.m.a.RequestMappingHandlerAdapter : ControllerAdvice beans: 0 @ModelAttribute, 0 @InitBinder, 1 RequestBodyAdvice, 1 ResponseBodyAdvice
2026-05-20T15:28:38.450-04:00 DEBUG 31044 --- [health-service] [restartedMain] .m.m.a.ExceptionHandlerExceptionResolver : ControllerAdvice beans: 1 @ExceptionHandler, 1 ResponseBodyAdvice
2026-05-20T15:28:40.601-04:00  INFO 31044 --- [health-service] [restartedMain] o.s.cloud.commons.util.InetUtils         : Cannot determine local hostname
2026-05-20T15:28:40.867-04:00  INFO 31044 --- [health-service] [restartedMain] o.s.b.w.embedded.tomcat.TomcatWebServer  : Tomcat started on port 8085 (http) with context path '/health-app'
2026-05-20T15:28:41.879-04:00  INFO 31044 --- [health-service] [restartedMain] o.s.cloud.commons.util.InetUtils         : Cannot determine local hostname
2026-05-20T15:28:41.894-04:00  INFO 31044 --- [health-service] [restartedMain] c.a.h.HealthServiceApplication           : Started HealthServiceApplication in 17.506 seconds (process running for 18.858)
2026-05-20T15:29:51.285-04:00  INFO 31044 --- [health-service] [http-nio-8085-exec-1] o.a.c.c.C.[.[localhost].[/health-app]    : Initializing Spring DispatcherServlet 'dispatcherServlet'
2026-05-20T15:29:51.285-04:00  INFO 31044 --- [health-service] [http-nio-8085-exec-1] o.s.web.servlet.DispatcherServlet        : Initializing Servlet 'dispatcherServlet'
2026-05-20T15:29:51.290-04:00 DEBUG 31044 --- [health-service] [http-nio-8085-exec-1] o.s.web.servlet.DispatcherServlet        : Detected StandardServletMultipartResolver
2026-05-20T15:29:51.290-04:00 DEBUG 31044 --- [health-service] [http-nio-8085-exec-1] o.s.web.servlet.DispatcherServlet        : Detected AcceptHeaderLocaleResolver
2026-05-20T15:29:51.290-04:00 DEBUG 31044 --- [health-service] [http-nio-8085-exec-1] o.s.web.servlet.DispatcherServlet        : Detected FixedThemeResolver
2026-05-20T15:29:51.290-04:00 DEBUG 31044 --- [health-service] [http-nio-8085-exec-1] o.s.web.servlet.DispatcherServlet        : Detected org.springframework.web.servlet.view.DefaultRequestToViewNameTranslator@40bc8c12
2026-05-20T15:29:51.290-04:00 DEBUG 31044 --- [health-service] [http-nio-8085-exec-1] o.s.web.servlet.DispatcherServlet        : Detected org.springframework.web.servlet.support.SessionFlashMapManager@1f28bcdc
2026-05-20T15:29:51.290-04:00 DEBUG 31044 --- [health-service] [http-nio-8085-exec-1] o.s.web.servlet.DispatcherServlet        : enableLoggingRequestDetails='false': request parameters and headers will be masked to prevent unsafe logging of potentially sensitive data
2026-05-20T15:29:51.290-04:00  INFO 31044 --- [health-service] [http-nio-8085-exec-1] o.s.web.servlet.DispatcherServlet        : Completed initialization in 0 ms
2026-05-20T15:29:51.455-04:00 DEBUG 31044 --- [health-service] [pool-2-thread-1] c.a.h.client.UserServiceClient           : [UserServiceClient#getUserAuthByEmail] ---> GET http://localhost:8081/user-app/users/by-email/admin%40adoptapp.com/auth HTTP/1.1
2026-05-20T15:29:51.593-04:00 DEBUG 31044 --- [health-service] [pool-2-thread-1] c.a.h.client.UserServiceClient           : [UserServiceClient#getUserAuthByEmail] <--- HTTP/1.1 200 (135ms)
2026-05-20T15:29:51.609-04:00 DEBUG 31044 --- [health-service] [pool-2-thread-1] o.s.w.c.HttpMessageConverterExtractor    : Reading to [com.adoptapp.sharedkernel.dto.UserAuthResponse]
2026-05-20T15:29:51.746-04:00 DEBUG 31044 --- [health-service] [http-nio-8085-exec-1] o.s.web.servlet.DispatcherServlet        : POST "/health-app/health", parameters={}
2026-05-20T15:29:51.746-04:00 DEBUG 31044 --- [health-service] [http-nio-8085-exec-1] s.w.s.m.m.a.RequestMappingHandlerMapping : Mapped to com.adoptapp.healthservice.controller.HealthController#createForm(HealthRequest)
2026-05-20T15:29:51.776-04:00 DEBUG 31044 --- [health-service] [http-nio-8085-exec-1] m.m.a.RequestResponseBodyMethodProcessor : Read "application/json;charset=UTF-8" to [HealthRequest[userId=14, petId=10, vaccinationStatus=VACCINATED, sterilizationStatus=STERILIZED, dis (truncated)...]
2026-05-20T15:29:51.875-04:00  INFO 31044 --- [health-service] [http-nio-8085-exec-1] c.a.healthservice.service.HealthService  : Creando ficha clinica: userId=14, petId=10
2026-05-20T15:29:51.875-04:00 DEBUG 31044 --- [health-service] [pool-2-thread-1] c.a.h.client.PetServiceClient            : [PetServiceClient#getPetById] ---> GET http://localhost:8082/pet-app/pets/by-id/10 HTTP/1.1
2026-05-20T15:29:52.166-04:00 DEBUG 31044 --- [health-service] [pool-2-thread-1] c.a.h.client.PetServiceClient            : [PetServiceClient#getPetById] <--- HTTP/1.1 404 (286ms)
2026-05-20T15:29:52.175-04:00  WARN 31044 --- [health-service] [http-nio-8085-exec-1] c.a.h.client.PetServiceClientFallback    : Pet-service no disponible para petId 10
2026-05-20T15:29:52.175-04:00  WARN 31044 --- [health-service] [http-nio-8085-exec-1] c.a.healthservice.service.HealthService  : Mascota no encontrada: ID=10
2026-05-20T15:29:52.180-04:00 DEBUG 31044 --- [health-service] [http-nio-8085-exec-1] .m.m.a.ExceptionHandlerExceptionResolver : Using @ExceptionHandler com.adoptapp.healthservice.exception.GlobalExceptionHandler#handleIllegalArgument(IllegalArgumentException, HttpServletRequest)
2026-05-20T15:29:52.195-04:00 DEBUG 31044 --- [health-service] [http-nio-8085-exec-1] o.s.w.s.m.m.a.HttpEntityMethodProcessor  : Using 'application/json', given [*/*] and supported [application/json, application/*+json]
2026-05-20T15:29:52.205-04:00 DEBUG 31044 --- [health-service] [http-nio-8085-exec-1] o.s.w.s.m.m.a.HttpEntityMethodProcessor  : Writing [ErrorResponse[timestamp=2026-05-20T15:29:52.189544500, status=400, error=Bad Request, message=La mas (truncated)...]
2026-05-20T15:29:52.216-04:00  WARN 31044 --- [health-service] [http-nio-8085-exec-1] .m.m.a.ExceptionHandlerExceptionResolver : Resolved [java.lang.IllegalArgumentException: La mascota con ID 10 no existe]
2026-05-20T15:29:52.221-04:00 DEBUG 31044 --- [health-service] [http-nio-8085-exec-1] o.s.web.servlet.DispatcherServlet        : Completed 400 BAD_REQUEST
2026-05-20T15:29:57.446-04:00 DEBUG 31044 --- [health-service] [pool-2-thread-1] c.a.h.client.UserServiceClient           : [UserServiceClient#getUserAuthByEmail] ---> GET http://localhost:8081/user-app/users/by-email/admin%40adoptapp.com/auth HTTP/1.1
2026-05-20T15:29:57.575-04:00 DEBUG 31044 --- [health-service] [pool-2-thread-1] c.a.h.client.UserServiceClient           : [UserServiceClient#getUserAuthByEmail] <--- HTTP/1.1 200 (134ms)
2026-05-20T15:29:57.575-04:00 DEBUG 31044 --- [health-service] [pool-2-thread-1] o.s.w.c.HttpMessageConverterExtractor    : Reading to [com.adoptapp.sharedkernel.dto.UserAuthResponse]
2026-05-20T15:29:57.692-04:00 DEBUG 31044 --- [health-service] [http-nio-8085-exec-3] o.s.web.servlet.DispatcherServlet        : GET "/health-app/health", parameters={}
2026-05-20T15:29:57.692-04:00 DEBUG 31044 --- [health-service] [http-nio-8085-exec-3] s.w.s.m.m.a.RequestMappingHandlerMapping : Mapped to com.adoptapp.healthservice.controller.HealthController#getAllHealth(String, String)
2026-05-20T15:29:57.815-04:00 DEBUG 31044 --- [health-service] [http-nio-8085-exec-3] org.hibernate.SQL                        : 
    select
        h1_0.id,
        h1_0.created_at,
        h1_0.diseases,
        h1_0.pet_id,
        h1_0.sterilization_status,
        h1_0.updated_at,
        h1_0.user_id,
        h1_0.vaccination_status 
    from
        health h1_0
2026-05-20T15:29:57.871-04:00 DEBUG 31044 --- [health-service] [http-nio-8085-exec-3] o.s.w.s.m.m.a.HttpEntityMethodProcessor  : Using 'application/json', given [*/*] and supported [application/json, application/*+json]
2026-05-20T15:29:57.876-04:00 DEBUG 31044 --- [health-service] [http-nio-8085-exec-3] o.s.w.s.m.m.a.HttpEntityMethodProcessor  : Writing [[HealthResponse[id=1, userId=1, petId=1, vaccinationStatus=VACCINATED, sterilizationStatus=STERILIZE (truncated)...]
2026-05-20T15:29:57.876-04:00 DEBUG 31044 --- [health-service] [http-nio-8085-exec-3] o.s.web.servlet.DispatcherServlet        : Completed 200 OK
2026-05-20T15:29:57.944-04:00 DEBUG 31044 --- [health-service] [pool-2-thread-1] c.a.h.client.UserServiceClient           : [UserServiceClient#getUserAuthByEmail] ---> GET http://localhost:8081/user-app/users/by-email/admin%40adoptapp.com/auth HTTP/1.1
2026-05-20T15:29:58.076-04:00 DEBUG 31044 --- [health-service] [pool-2-thread-1] c.a.h.client.UserServiceClient           : [UserServiceClient#getUserAuthByEmail] <--- HTTP/1.1 200 (134ms)
2026-05-20T15:29:58.076-04:00 DEBUG 31044 --- [health-service] [pool-2-thread-1] o.s.w.c.HttpMessageConverterExtractor    : Reading to [com.adoptapp.sharedkernel.dto.UserAuthResponse]
2026-05-20T15:29:58.186-04:00 DEBUG 31044 --- [health-service] [http-nio-8085-exec-4] o.s.web.servlet.DispatcherServlet        : POST "/health-app/health", parameters={}
2026-05-20T15:29:58.186-04:00 DEBUG 31044 --- [health-service] [http-nio-8085-exec-4] s.w.s.m.m.a.RequestMappingHandlerMapping : Mapped to com.adoptapp.healthservice.controller.HealthController#createForm(HealthRequest)
2026-05-20T15:29:58.186-04:00 DEBUG 31044 --- [health-service] [http-nio-8085-exec-4] m.m.a.RequestResponseBodyMethodProcessor : Read "application/json;charset=UTF-8" to [HealthRequest[userId=14, petId=10, vaccinationStatus=VACCINATED, sterilizationStatus=STERILIZED, dis (truncated)...]
2026-05-20T15:29:58.186-04:00  INFO 31044 --- [health-service] [http-nio-8085-exec-4] c.a.healthservice.service.HealthService  : Creando ficha clinica: userId=14, petId=10
2026-05-20T15:29:58.186-04:00 DEBUG 31044 --- [health-service] [pool-2-thread-1] c.a.h.client.PetServiceClient            : [PetServiceClient#getPetById] ---> GET http://localhost:8082/pet-app/pets/by-id/10 HTTP/1.1
2026-05-20T15:29:58.436-04:00 DEBUG 31044 --- [health-service] [pool-2-thread-1] c.a.h.client.PetServiceClient            : [PetServiceClient#getPetById] <--- HTTP/1.1 200 (247ms)
2026-05-20T15:29:58.440-04:00 DEBUG 31044 --- [health-service] [pool-2-thread-1] o.s.w.c.HttpMessageConverterExtractor    : Reading to [com.adoptapp.healthservice.dto.PetResponse]
2026-05-20T15:29:58.446-04:00 DEBUG 31044 --- [health-service] [pool-2-thread-1] c.a.h.client.UserServiceClient           : [UserServiceClient#getUserById] ---> GET http://localhost:8081/user-app/users/by-id/14 HTTP/1.1
2026-05-20T15:29:58.565-04:00 DEBUG 31044 --- [health-service] [pool-2-thread-1] c.a.h.client.UserServiceClient           : [UserServiceClient#getUserById] <--- HTTP/1.1 200 (120ms)
2026-05-20T15:29:58.568-04:00 DEBUG 31044 --- [health-service] [pool-2-thread-1] o.s.w.c.HttpMessageConverterExtractor    : Reading to [com.adoptapp.healthservice.dto.UserResponse]
2026-05-20T15:29:58.601-04:00 DEBUG 31044 --- [health-service] [http-nio-8085-exec-4] org.hibernate.SQL                        : 
    insert 
    into
        health
        (created_at, diseases, pet_id, sterilization_status, updated_at, user_id, vaccination_status) 
    values
        (?, ?, ?, ?, ?, ?, ?)
2026-05-20T15:29:58.626-04:00 DEBUG 31044 --- [health-service] [http-nio-8085-exec-4] org.hibernate.SQL                        : 
    insert 
    into
        health_history
        (action, changed_at, changed_by_user_id, comment, health_id, new_disease, new_sterilization_status, new_vaccination_status, previous_disease, previous_sterilization_status, previous_vaccination_status) 
    values
        (?, ?, ?, ?, ?, ?, ?, ?, ?, ?, ?)
2026-05-20T15:29:58.635-04:00 DEBUG 31044 --- [health-service] [pool-2-thread-1] c.a.h.client.NotificationServiceClient   : [NotificationServiceClient#sendNotification] ---> POST http://localhost:8084/notification-app/notifications HTTP/1.1
2026-05-20T15:29:58.886-04:00 DEBUG 31044 --- [health-service] [pool-2-thread-1] c.a.h.client.NotificationServiceClient   : [NotificationServiceClient#sendNotification] <--- HTTP/1.1 201 (249ms)
2026-05-20T15:29:58.886-04:00 DEBUG 31044 --- [health-service] [pool-2-thread-1] o.s.w.c.HttpMessageConverterExtractor    : Reading to [java.lang.Void]
2026-05-20T15:29:58.886-04:00  INFO 31044 --- [health-service] [http-nio-8085-exec-4] c.a.healthservice.service.HealthService  : Ficha clínica creada exitosamente: ID=8
2026-05-20T15:29:58.916-04:00 DEBUG 31044 --- [health-service] [http-nio-8085-exec-4] o.s.w.s.m.m.a.HttpEntityMethodProcessor  : Using 'application/json', given [*/*] and supported [application/json, application/*+json]
2026-05-20T15:29:58.916-04:00 DEBUG 31044 --- [health-service] [http-nio-8085-exec-4] o.s.w.s.m.m.a.HttpEntityMethodProcessor  : Writing [HealthResponse[id=8, userId=14, petId=10, vaccinationStatus=VACCINATED, sterilizationStatus=STERILIZ (truncated)...]
2026-05-20T15:29:58.916-04:00 DEBUG 31044 --- [health-service] [http-nio-8085-exec-4] o.s.web.servlet.DispatcherServlet        : Completed 201 CREATED
2026-05-20T15:38:02.527-04:00 DEBUG 31044 --- [health-service] [pool-2-thread-2] c.a.h.client.UserServiceClient           : [UserServiceClient#getUserAuthByEmail] ---> GET http://localhost:8081/user-app/users/by-email/admin%40adoptapp.com/auth HTTP/1.1
2026-05-20T15:38:02.656-04:00 DEBUG 31044 --- [health-service] [pool-2-thread-2] c.a.h.client.UserServiceClient           : [UserServiceClient#getUserAuthByEmail] <--- HTTP/1.1 200 (128ms)
2026-05-20T15:38:02.656-04:00 DEBUG 31044 --- [health-service] [pool-2-thread-2] o.s.w.c.HttpMessageConverterExtractor    : Reading to [com.adoptapp.sharedkernel.dto.UserAuthResponse]
2026-05-20T15:38:02.771-04:00 DEBUG 31044 --- [health-service] [http-nio-8085-exec-6] o.s.web.servlet.DispatcherServlet        : POST "/health-app/health", parameters={}
2026-05-20T15:38:02.771-04:00 DEBUG 31044 --- [health-service] [http-nio-8085-exec-6] s.w.s.m.m.a.RequestMappingHandlerMapping : Mapped to com.adoptapp.healthservice.controller.HealthController#createForm(HealthRequest)
2026-05-20T15:38:02.773-04:00 DEBUG 31044 --- [health-service] [http-nio-8085-exec-6] m.m.a.RequestResponseBodyMethodProcessor : Read "application/json;charset=UTF-8" to [HealthRequest[userId=1, petId=11, vaccinationStatus=VACCINATED, sterilizationStatus=STERILIZED, dise (truncated)...]
2026-05-20T15:38:02.773-04:00  INFO 31044 --- [health-service] [http-nio-8085-exec-6] c.a.healthservice.service.HealthService  : Creando ficha clinica: userId=1, petId=11
2026-05-20T15:38:02.775-04:00 DEBUG 31044 --- [health-service] [pool-2-thread-2] c.a.h.client.PetServiceClient            : [PetServiceClient#getPetById] ---> GET http://localhost:8082/pet-app/pets/by-id/11 HTTP/1.1
2026-05-20T15:38:03.019-04:00 DEBUG 31044 --- [health-service] [pool-2-thread-2] c.a.h.client.PetServiceClient            : [PetServiceClient#getPetById] <--- HTTP/1.1 404 (255ms)
2026-05-20T15:38:03.019-04:00  WARN 31044 --- [health-service] [http-nio-8085-exec-6] c.a.h.client.PetServiceClientFallback    : Pet-service no disponible para petId 11
2026-05-20T15:38:03.019-04:00  WARN 31044 --- [health-service] [http-nio-8085-exec-6] c.a.healthservice.service.HealthService  : Mascota no encontrada: ID=11
2026-05-20T15:38:03.035-04:00 DEBUG 31044 --- [health-service] [http-nio-8085-exec-6] .m.m.a.ExceptionHandlerExceptionResolver : Using @ExceptionHandler com.adoptapp.healthservice.exception.GlobalExceptionHandler#handleIllegalArgument(IllegalArgumentException, HttpServletRequest)
2026-05-20T15:38:03.035-04:00 DEBUG 31044 --- [health-service] [http-nio-8085-exec-6] o.s.w.s.m.m.a.HttpEntityMethodProcessor  : Using 'application/json', given [*/*] and supported [application/json, application/*+json]
2026-05-20T15:38:03.035-04:00 DEBUG 31044 --- [health-service] [http-nio-8085-exec-6] o.s.w.s.m.m.a.HttpEntityMethodProcessor  : Writing [ErrorResponse[timestamp=2026-05-20T15:38:03.035632100, status=400, error=Bad Request, message=La mas (truncated)...]
2026-05-20T15:38:03.035-04:00  WARN 31044 --- [health-service] [http-nio-8085-exec-6] .m.m.a.ExceptionHandlerExceptionResolver : Resolved [java.lang.IllegalArgumentException: La mascota con ID 11 no existe]
2026-05-20T15:38:03.035-04:00 DEBUG 31044 --- [health-service] [http-nio-8085-exec-6] o.s.web.servlet.DispatcherServlet        : Completed 400 BAD_REQUEST
2026-05-20T15:49:44.984-04:00 DEBUG 31044 --- [health-service] [pool-2-thread-3] c.a.h.client.UserServiceClient           : [UserServiceClient#getUserAuthByEmail] ---> GET http://localhost:8081/user-app/users/by-email/admin%40adoptapp.com/auth HTTP/1.1
2026-05-20T15:49:45.097-04:00 DEBUG 31044 --- [health-service] [pool-2-thread-3] c.a.h.client.UserServiceClient           : [UserServiceClient#getUserAuthByEmail] <--- HTTP/1.1 200 (124ms)
2026-05-20T15:49:45.097-04:00 DEBUG 31044 --- [health-service] [pool-2-thread-3] o.s.w.c.HttpMessageConverterExtractor    : Reading to [com.adoptapp.sharedkernel.dto.UserAuthResponse]
2026-05-20T15:49:45.219-04:00 DEBUG 31044 --- [health-service] [http-nio-8085-exec-7] o.s.web.servlet.DispatcherServlet        : POST "/health-app/health", parameters={}
2026-05-20T15:49:45.219-04:00 DEBUG 31044 --- [health-service] [http-nio-8085-exec-7] s.w.s.m.m.a.RequestMappingHandlerMapping : Mapped to com.adoptapp.healthservice.controller.HealthController#createForm(HealthRequest)
2026-05-20T15:49:45.219-04:00 DEBUG 31044 --- [health-service] [http-nio-8085-exec-7] m.m.a.RequestResponseBodyMethodProcessor : Read "application/json;charset=UTF-8" to [HealthRequest[userId=1, petId=12, vaccinationStatus=VACCINATED, sterilizationStatus=STERILIZED, dise (truncated)...]
2026-05-20T15:49:45.219-04:00  INFO 31044 --- [health-service] [http-nio-8085-exec-7] c.a.healthservice.service.HealthService  : Creando ficha clinica: userId=1, petId=12
2026-05-20T15:49:45.219-04:00 DEBUG 31044 --- [health-service] [pool-2-thread-3] c.a.h.client.PetServiceClient            : [PetServiceClient#getPetById] ---> GET http://localhost:8082/pet-app/pets/by-id/12 HTTP/1.1
2026-05-20T15:49:45.476-04:00 DEBUG 31044 --- [health-service] [pool-2-thread-3] c.a.h.client.PetServiceClient            : [PetServiceClient#getPetById] <--- HTTP/1.1 404 (252ms)
2026-05-20T15:49:45.476-04:00  WARN 31044 --- [health-service] [http-nio-8085-exec-7] c.a.h.client.PetServiceClientFallback    : Pet-service no disponible para petId 12
2026-05-20T15:49:45.476-04:00  WARN 31044 --- [health-service] [http-nio-8085-exec-7] c.a.healthservice.service.HealthService  : Mascota no encontrada: ID=12
2026-05-20T15:49:45.476-04:00 DEBUG 31044 --- [health-service] [http-nio-8085-exec-7] .m.m.a.ExceptionHandlerExceptionResolver : Using @ExceptionHandler com.adoptapp.healthservice.exception.GlobalExceptionHandler#handleIllegalArgument(IllegalArgumentException, HttpServletRequest)
2026-05-20T15:49:45.476-04:00 DEBUG 31044 --- [health-service] [http-nio-8085-exec-7] o.s.w.s.m.m.a.HttpEntityMethodProcessor  : Using 'application/json', given [*/*] and supported [application/json, application/*+json]
2026-05-20T15:49:45.476-04:00 DEBUG 31044 --- [health-service] [http-nio-8085-exec-7] o.s.w.s.m.m.a.HttpEntityMethodProcessor  : Writing [ErrorResponse[timestamp=2026-05-20T15:49:45.476346800, status=400, error=Bad Request, message=La mas (truncated)...]
2026-05-20T15:49:45.476-04:00  WARN 31044 --- [health-service] [http-nio-8085-exec-7] .m.m.a.ExceptionHandlerExceptionResolver : Resolved [java.lang.IllegalArgumentException: La mascota con ID 12 no existe]
2026-05-20T15:49:45.476-04:00 DEBUG 31044 --- [health-service] [http-nio-8085-exec-7] o.s.web.servlet.DispatcherServlet        : Completed 400 BAD_REQUEST
2026-05-20T15:49:48.909-04:00 DEBUG 31044 --- [health-service] [pool-2-thread-3] c.a.h.client.UserServiceClient           : [UserServiceClient#getUserAuthByEmail] ---> GET http://localhost:8081/user-app/users/by-email/admin%40adoptapp.com/auth HTTP/1.1
2026-05-20T15:49:49.024-04:00 DEBUG 31044 --- [health-service] [pool-2-thread-3] c.a.h.client.UserServiceClient           : [UserServiceClient#getUserAuthByEmail] <--- HTTP/1.1 200 (118ms)
2026-05-20T15:49:49.024-04:00 DEBUG 31044 --- [health-service] [pool-2-thread-3] o.s.w.c.HttpMessageConverterExtractor    : Reading to [com.adoptapp.sharedkernel.dto.UserAuthResponse]
2026-05-20T15:49:49.140-04:00 DEBUG 31044 --- [health-service] [http-nio-8085-exec-9] o.s.web.servlet.DispatcherServlet        : GET "/health-app/health", parameters={}
2026-05-20T15:49:49.140-04:00 DEBUG 31044 --- [health-service] [http-nio-8085-exec-9] s.w.s.m.m.a.RequestMappingHandlerMapping : Mapped to com.adoptapp.healthservice.controller.HealthController#getAllHealth(String, String)
2026-05-20T15:49:49.140-04:00 DEBUG 31044 --- [health-service] [http-nio-8085-exec-9] org.hibernate.SQL                        : 
    select
        h1_0.id,
        h1_0.created_at,
        h1_0.diseases,
        h1_0.pet_id,
        h1_0.sterilization_status,
        h1_0.updated_at,
        h1_0.user_id,
        h1_0.vaccination_status 
    from
        health h1_0
2026-05-20T15:49:49.140-04:00 DEBUG 31044 --- [health-service] [http-nio-8085-exec-9] o.s.w.s.m.m.a.HttpEntityMethodProcessor  : Using 'application/json', given [*/*] and supported [application/json, application/*+json]
2026-05-20T15:49:49.140-04:00 DEBUG 31044 --- [health-service] [http-nio-8085-exec-9] o.s.w.s.m.m.a.HttpEntityMethodProcessor  : Writing [[HealthResponse[id=1, userId=1, petId=1, vaccinationStatus=VACCINATED, sterilizationStatus=STERILIZE (truncated)...]
2026-05-20T15:49:49.140-04:00 DEBUG 31044 --- [health-service] [http-nio-8085-exec-9] o.s.web.servlet.DispatcherServlet        : Completed 200 OK
2026-05-20T15:49:49.210-04:00 DEBUG 31044 --- [health-service] [pool-2-thread-3] c.a.h.client.UserServiceClient           : [UserServiceClient#getUserAuthByEmail] ---> GET http://localhost:8081/user-app/users/by-email/admin%40adoptapp.com/auth HTTP/1.1
2026-05-20T15:49:49.340-04:00 DEBUG 31044 --- [health-service] [pool-2-thread-3] c.a.h.client.UserServiceClient           : [UserServiceClient#getUserAuthByEmail] <--- HTTP/1.1 200 (128ms)
2026-05-20T15:49:49.341-04:00 DEBUG 31044 --- [health-service] [pool-2-thread-3] o.s.w.c.HttpMessageConverterExtractor    : Reading to [com.adoptapp.sharedkernel.dto.UserAuthResponse]
2026-05-20T15:49:49.441-04:00 DEBUG 31044 --- [health-service] [http-nio-8085-exec-10] o.s.web.servlet.DispatcherServlet        : GET "/health-app/health?vaccinationStatus=VACCINATED", parameters={masked}
2026-05-20T15:49:49.441-04:00 DEBUG 31044 --- [health-service] [http-nio-8085-exec-10] s.w.s.m.m.a.RequestMappingHandlerMapping : Mapped to com.adoptapp.healthservice.controller.HealthController#getAllHealth(String, String)
2026-05-20T15:49:49.491-04:00 DEBUG 31044 --- [health-service] [http-nio-8085-exec-10] org.hibernate.SQL                        : 
    select
        h1_0.id,
        h1_0.created_at,
        h1_0.diseases,
        h1_0.pet_id,
        h1_0.sterilization_status,
        h1_0.updated_at,
        h1_0.user_id,
        h1_0.vaccination_status 
    from
        health h1_0 
    where
        h1_0.vaccination_status=?
2026-05-20T15:49:49.501-04:00 DEBUG 31044 --- [health-service] [http-nio-8085-exec-10] o.s.w.s.m.m.a.HttpEntityMethodProcessor  : Using 'application/json', given [*/*] and supported [application/json, application/*+json]
2026-05-20T15:49:49.501-04:00 DEBUG 31044 --- [health-service] [http-nio-8085-exec-10] o.s.w.s.m.m.a.HttpEntityMethodProcessor  : Writing [[HealthResponse[id=1, userId=1, petId=1, vaccinationStatus=VACCINATED, sterilizationStatus=STERILIZE (truncated)...]
2026-05-20T15:49:49.501-04:00 DEBUG 31044 --- [health-service] [http-nio-8085-exec-10] o.s.web.servlet.DispatcherServlet        : Completed 200 OK
2026-05-20T15:49:49.575-04:00 DEBUG 31044 --- [health-service] [pool-2-thread-3] c.a.h.client.UserServiceClient           : [UserServiceClient#getUserAuthByEmail] ---> GET http://localhost:8081/user-app/users/by-email/admin%40adoptapp.com/auth HTTP/1.1
2026-05-20T15:49:49.708-04:00 DEBUG 31044 --- [health-service] [pool-2-thread-3] c.a.h.client.UserServiceClient           : [UserServiceClient#getUserAuthByEmail] <--- HTTP/1.1 200 (133ms)
2026-05-20T15:49:49.708-04:00 DEBUG 31044 --- [health-service] [pool-2-thread-3] o.s.w.c.HttpMessageConverterExtractor    : Reading to [com.adoptapp.sharedkernel.dto.UserAuthResponse]
2026-05-20T15:49:49.825-04:00 DEBUG 31044 --- [health-service] [http-nio-8085-exec-1] o.s.web.servlet.DispatcherServlet        : GET "/health-app/health?sterilizationStatus=STERILIZED", parameters={masked}
2026-05-20T15:49:49.825-04:00 DEBUG 31044 --- [health-service] [http-nio-8085-exec-1] s.w.s.m.m.a.RequestMappingHandlerMapping : Mapped to com.adoptapp.healthservice.controller.HealthController#getAllHealth(String, String)
2026-05-20T15:49:49.825-04:00 DEBUG 31044 --- [health-service] [http-nio-8085-exec-1] org.hibernate.SQL                        : 
    select
        h1_0.id,
        h1_0.created_at,
        h1_0.diseases,
        h1_0.pet_id,
        h1_0.sterilization_status,
        h1_0.updated_at,
        h1_0.user_id,
        h1_0.vaccination_status 
    from
        health h1_0 
    where
        h1_0.sterilization_status=?
2026-05-20T15:49:49.825-04:00 DEBUG 31044 --- [health-service] [http-nio-8085-exec-1] o.s.w.s.m.m.a.HttpEntityMethodProcessor  : Using 'application/json', given [*/*] and supported [application/json, application/*+json]
2026-05-20T15:49:49.825-04:00 DEBUG 31044 --- [health-service] [http-nio-8085-exec-1] o.s.w.s.m.m.a.HttpEntityMethodProcessor  : Writing [[HealthResponse[id=1, userId=1, petId=1, vaccinationStatus=VACCINATED, sterilizationStatus=STERILIZE (truncated)...]
2026-05-20T15:49:49.825-04:00 DEBUG 31044 --- [health-service] [http-nio-8085-exec-1] o.s.web.servlet.DispatcherServlet        : Completed 200 OK
2026-05-20T15:50:22.665-04:00  INFO 31044 --- [health-service] [SpringApplicationShutdownHook] o.s.b.w.e.tomcat.GracefulShutdown        : Commencing graceful shutdown. Waiting for active requests to complete
2026-05-20T15:50:22.716-04:00  INFO 31044 --- [health-service] [tomcat-shutdown] o.s.b.w.e.tomcat.GracefulShutdown        : Graceful shutdown complete
2026-05-20T15:50:22.743-04:00  INFO 31044 --- [health-service] [SpringApplicationShutdownHook] j.LocalContainerEntityManagerFactoryBean : Closing JPA EntityManagerFactory for persistence unit 'default'
2026-05-20T15:50:22.750-04:00  INFO 31044 --- [health-service] [SpringApplicationShutdownHook] com.zaxxer.hikari.HikariDataSource       : HikariPool-1 - Shutdown initiated...
2026-05-20T15:50:22.759-04:00  INFO 31044 --- [health-service] [SpringApplicationShutdownHook] com.zaxxer.hikari.HikariDataSource       : HikariPool-1 - Shutdown completed.
2026-05-20T16:15:00.755-04:00  INFO 25992 --- [health-service] [restartedMain] c.a.h.HealthServiceApplication           : Starting HealthServiceApplication using Java 26 with PID 25992 (C:\Users\camil\Documents\fullstack1\adoptapp\health-service\target\classes started by camil in C:\Users\camil\Documents\fullstack1\adoptapp)
2026-05-20T16:15:00.758-04:00 DEBUG 25992 --- [health-service] [restartedMain] c.a.h.HealthServiceApplication           : Running with Spring Boot v3.4.5, Spring v6.2.6
2026-05-20T16:15:00.759-04:00  INFO 25992 --- [health-service] [restartedMain] c.a.h.HealthServiceApplication           : No active profile set, falling back to 1 default profile: "default"
2026-05-20T16:15:00.819-04:00  INFO 25992 --- [health-service] [restartedMain] .e.DevToolsPropertyDefaultsPostProcessor : Devtools property defaults active! Set 'spring.devtools.add-properties' to 'false' to disable
2026-05-20T16:15:00.820-04:00  INFO 25992 --- [health-service] [restartedMain] .e.DevToolsPropertyDefaultsPostProcessor : For additional web related logging consider setting the 'logging.level.web' property to 'DEBUG'
2026-05-20T16:15:02.437-04:00  INFO 25992 --- [health-service] [restartedMain] .s.d.r.c.RepositoryConfigurationDelegate : Bootstrapping Spring Data JPA repositories in DEFAULT mode.
2026-05-20T16:15:02.551-04:00  INFO 25992 --- [health-service] [restartedMain] .s.d.r.c.RepositoryConfigurationDelegate : Finished Spring Data repository scanning in 96 ms. Found 2 JPA repository interfaces.
2026-05-20T16:15:03.034-04:00  INFO 25992 --- [health-service] [restartedMain] o.s.cloud.context.scope.GenericScope     : BeanFactory id=1fa17820-a0a9-3b24-8e59-449540ba714f
2026-05-20T16:15:04.478-04:00  INFO 25992 --- [health-service] [restartedMain] o.s.b.w.embedded.tomcat.TomcatWebServer  : Tomcat initialized with port 8085 (http)
2026-05-20T16:15:04.498-04:00  INFO 25992 --- [health-service] [restartedMain] o.apache.catalina.core.StandardService   : Starting service [Tomcat]
2026-05-20T16:15:04.498-04:00  INFO 25992 --- [health-service] [restartedMain] o.apache.catalina.core.StandardEngine    : Starting Servlet engine: [Apache Tomcat/10.1.40]
2026-05-20T16:15:04.593-04:00  INFO 25992 --- [health-service] [restartedMain] o.a.c.c.C.[.[localhost].[/health-app]    : Initializing Spring embedded WebApplicationContext
2026-05-20T16:15:04.593-04:00  INFO 25992 --- [health-service] [restartedMain] w.s.c.ServletWebServerApplicationContext : Root WebApplicationContext: initialization completed in 3772 ms
2026-05-20T16:15:05.216-04:00  INFO 25992 --- [health-service] [restartedMain] com.zaxxer.hikari.HikariDataSource       : HikariPool-1 - Starting...
2026-05-20T16:15:05.560-04:00  INFO 25992 --- [health-service] [restartedMain] com.zaxxer.hikari.pool.HikariPool        : HikariPool-1 - Added connection org.postgresql.jdbc.PgConnection@76cc0a18
2026-05-20T16:15:05.562-04:00  INFO 25992 --- [health-service] [restartedMain] com.zaxxer.hikari.HikariDataSource       : HikariPool-1 - Start completed.
2026-05-20T16:15:05.609-04:00  INFO 25992 --- [health-service] [restartedMain] org.flywaydb.core.FlywayExecutor         : Database: jdbc:postgresql://localhost:5432/health_db (PostgreSQL 18.3)
2026-05-20T16:15:05.628-04:00  WARN 25992 --- [health-service] [restartedMain] o.f.c.internal.database.base.Database    : Flyway upgrade recommended: PostgreSQL 18.3 is newer than this version of Flyway and support has not been tested. The latest supported version of PostgreSQL is 17.
2026-05-20T16:15:05.701-04:00  INFO 25992 --- [health-service] [restartedMain] o.f.core.internal.command.DbValidate     : Successfully validated 3 migrations (execution time 00:00.051s)
2026-05-20T16:15:05.825-04:00  INFO 25992 --- [health-service] [restartedMain] o.f.core.internal.command.DbMigrate      : Current version of schema "public": 3
2026-05-20T16:15:05.831-04:00  INFO 25992 --- [health-service] [restartedMain] o.f.core.internal.command.DbMigrate      : Schema "public" is up to date. No migration necessary.
2026-05-20T16:15:06.070-04:00  INFO 25992 --- [health-service] [restartedMain] o.hibernate.jpa.internal.util.LogHelper  : HHH000204: Processing PersistenceUnitInfo [name: default]
2026-05-20T16:15:06.172-04:00  INFO 25992 --- [health-service] [restartedMain] org.hibernate.Version                    : HHH000412: Hibernate ORM core version 6.6.13.Final
2026-05-20T16:15:06.241-04:00  INFO 25992 --- [health-service] [restartedMain] o.h.c.internal.RegionFactoryInitiator    : HHH000026: Second-level cache disabled
2026-05-20T16:15:06.719-04:00  INFO 25992 --- [health-service] [restartedMain] o.s.o.j.p.SpringPersistenceUnitInfo      : No LoadTimeWeaver setup: ignoring JPA class transformer
2026-05-20T16:15:06.812-04:00  WARN 25992 --- [health-service] [restartedMain] org.hibernate.orm.deprecation            : HHH90000025: PostgreSQLDialect does not need to be specified explicitly using 'hibernate.dialect' (remove the property setting and it will be selected by default)
2026-05-20T16:15:06.835-04:00  INFO 25992 --- [health-service] [restartedMain] org.hibernate.orm.connections.pooling    : HHH10001005: Database info:
	Database JDBC URL [Connecting through datasource 'HikariDataSource (HikariPool-1)']
	Database driver: undefined/unknown
	Database version: 18.3
	Autocommit mode: undefined/unknown
	Isolation level: undefined/unknown
	Minimum pool size: undefined/unknown
	Maximum pool size: undefined/unknown
2026-05-20T16:15:08.541-04:00  INFO 25992 --- [health-service] [restartedMain] o.h.e.t.j.p.i.JtaPlatformInitiator       : HHH000489: No JTA platform available (set 'hibernate.transaction.jta.platform' to enable JTA platform integration)
2026-05-20T16:15:08.618-04:00  INFO 25992 --- [health-service] [restartedMain] j.LocalContainerEntityManagerFactoryBean : Initialized JPA EntityManagerFactory for persistence unit 'default'
2026-05-20T16:15:08.959-04:00  WARN 25992 --- [health-service] [restartedMain] JpaBaseConfiguration$JpaWebConfiguration : spring.jpa.open-in-view is enabled by default. Therefore, database queries may be performed during view rendering. Explicitly configure spring.jpa.open-in-view to disable this warning
2026-05-20T16:15:09.223-04:00  WARN 25992 --- [health-service] [restartedMain] o.s.b.d.a.OptionalLiveReloadServer       : Unable to start LiveReload server
2026-05-20T16:15:10.762-04:00  INFO 25992 --- [health-service] [restartedMain] r$InitializeUserDetailsManagerConfigurer : Global AuthenticationManager configured with UserDetailsService bean with name customUserDetailsService
2026-05-20T16:15:11.103-04:00 DEBUG 25992 --- [health-service] [restartedMain] s.w.s.m.m.a.RequestMappingHandlerMapping : 8 mappings in 'requestMappingHandlerMapping'
2026-05-20T16:15:11.588-04:00 DEBUG 25992 --- [health-service] [restartedMain] o.s.w.s.handler.SimpleUrlHandlerMapping  : Patterns [/webjars/**, /**] in 'resourceHandlerMapping'
2026-05-20T16:15:12.348-04:00 DEBUG 25992 --- [health-service] [restartedMain] s.w.s.m.m.a.RequestMappingHandlerAdapter : ControllerAdvice beans: 0 @ModelAttribute, 0 @InitBinder, 1 RequestBodyAdvice, 1 ResponseBodyAdvice
2026-05-20T16:15:12.491-04:00 DEBUG 25992 --- [health-service] [restartedMain] .m.m.a.ExceptionHandlerExceptionResolver : ControllerAdvice beans: 1 @ExceptionHandler, 1 ResponseBodyAdvice
2026-05-20T16:15:14.350-04:00  INFO 25992 --- [health-service] [restartedMain] o.s.cloud.commons.util.InetUtils         : Cannot determine local hostname
2026-05-20T16:15:14.559-04:00  INFO 25992 --- [health-service] [restartedMain] o.s.b.w.embedded.tomcat.TomcatWebServer  : Tomcat started on port 8085 (http) with context path '/health-app'
2026-05-20T16:15:15.581-04:00  INFO 25992 --- [health-service] [restartedMain] o.s.cloud.commons.util.InetUtils         : Cannot determine local hostname
2026-05-20T16:15:15.598-04:00  INFO 25992 --- [health-service] [restartedMain] c.a.h.HealthServiceApplication           : Started HealthServiceApplication in 16.446 seconds (process running for 17.579)
2026-05-20T16:20:11.757-04:00  INFO 25992 --- [health-service] [http-nio-8085-exec-1] o.a.c.c.C.[.[localhost].[/health-app]    : Initializing Spring DispatcherServlet 'dispatcherServlet'
2026-05-20T16:20:11.758-04:00  INFO 25992 --- [health-service] [http-nio-8085-exec-1] o.s.web.servlet.DispatcherServlet        : Initializing Servlet 'dispatcherServlet'
2026-05-20T16:20:11.758-04:00 DEBUG 25992 --- [health-service] [http-nio-8085-exec-1] o.s.web.servlet.DispatcherServlet        : Detected StandardServletMultipartResolver
2026-05-20T16:20:11.758-04:00 DEBUG 25992 --- [health-service] [http-nio-8085-exec-1] o.s.web.servlet.DispatcherServlet        : Detected AcceptHeaderLocaleResolver
2026-05-20T16:20:11.758-04:00 DEBUG 25992 --- [health-service] [http-nio-8085-exec-1] o.s.web.servlet.DispatcherServlet        : Detected FixedThemeResolver
2026-05-20T16:20:11.758-04:00 DEBUG 25992 --- [health-service] [http-nio-8085-exec-1] o.s.web.servlet.DispatcherServlet        : Detected org.springframework.web.servlet.view.DefaultRequestToViewNameTranslator@4237b06f
2026-05-20T16:20:11.758-04:00 DEBUG 25992 --- [health-service] [http-nio-8085-exec-1] o.s.web.servlet.DispatcherServlet        : Detected org.springframework.web.servlet.support.SessionFlashMapManager@3c28ac9c
2026-05-20T16:20:11.758-04:00 DEBUG 25992 --- [health-service] [http-nio-8085-exec-1] o.s.web.servlet.DispatcherServlet        : enableLoggingRequestDetails='false': request parameters and headers will be masked to prevent unsafe logging of potentially sensitive data
2026-05-20T16:20:11.758-04:00  INFO 25992 --- [health-service] [http-nio-8085-exec-1] o.s.web.servlet.DispatcherServlet        : Completed initialization in 0 ms
2026-05-20T16:20:11.940-04:00 DEBUG 25992 --- [health-service] [pool-2-thread-1] c.a.h.client.UserServiceClient           : [UserServiceClient#getUserAuthByEmail] ---> GET http://localhost:8081/user-app/users/by-email/%7B%7BauthUsername%7D%7D/auth HTTP/1.1
2026-05-20T16:20:12.080-04:00 DEBUG 25992 --- [health-service] [pool-2-thread-1] c.a.h.client.UserServiceClient           : [UserServiceClient#getUserAuthByEmail] <--- HTTP/1.1 401 (148ms)
2026-05-20T16:20:12.092-04:00  WARN 25992 --- [health-service] [http-nio-8085-exec-1] c.a.h.client.UserServiceClientFallback   : User-service no disponible para email {{authUsername}}
2026-05-20T16:20:12.108-04:00  WARN 25992 --- [health-service] [http-nio-8085-exec-1] c.a.h.config.CustomUserDetailsService    : Usuario no encontrado: {{authUsername}}
2026-05-20T16:20:12.335-04:00 DEBUG 25992 --- [health-service] [pool-2-thread-1] c.a.h.client.UserServiceClient           : [UserServiceClient#getUserAuthByEmail] ---> GET http://localhost:8081/user-app/users/by-email/%7B%7BauthUsername%7D%7D/auth HTTP/1.1
2026-05-20T16:20:12.458-04:00 DEBUG 25992 --- [health-service] [pool-2-thread-1] c.a.h.client.UserServiceClient           : [UserServiceClient#getUserAuthByEmail] <--- HTTP/1.1 401 (121ms)
2026-05-20T16:20:12.459-04:00  WARN 25992 --- [health-service] [http-nio-8085-exec-2] c.a.h.client.UserServiceClientFallback   : User-service no disponible para email {{authUsername}}
2026-05-20T16:20:12.459-04:00  WARN 25992 --- [health-service] [http-nio-8085-exec-2] c.a.h.config.CustomUserDetailsService    : Usuario no encontrado: {{authUsername}}
2026-05-20T16:20:12.696-04:00 DEBUG 25992 --- [health-service] [pool-2-thread-1] c.a.h.client.UserServiceClient           : [UserServiceClient#getUserAuthByEmail] ---> GET http://localhost:8081/user-app/users/by-email/%7B%7BauthUsername%7D%7D/auth HTTP/1.1
2026-05-20T16:20:12.815-04:00 DEBUG 25992 --- [health-service] [pool-2-thread-1] c.a.h.client.UserServiceClient           : [UserServiceClient#getUserAuthByEmail] <--- HTTP/1.1 401 (125ms)
2026-05-20T16:20:12.815-04:00  WARN 25992 --- [health-service] [http-nio-8085-exec-7] c.a.h.client.UserServiceClientFallback   : User-service no disponible para email {{authUsername}}
2026-05-20T16:20:12.815-04:00  WARN 25992 --- [health-service] [http-nio-8085-exec-7] c.a.h.config.CustomUserDetailsService    : Usuario no encontrado: {{authUsername}}
2026-05-20T16:20:12.962-04:00 DEBUG 25992 --- [health-service] [pool-2-thread-1] c.a.h.client.UserServiceClient           : [UserServiceClient#getUserAuthByEmail] ---> GET http://localhost:8081/user-app/users/by-email/%7B%7BauthUsername%7D%7D/auth HTTP/1.1
2026-05-20T16:20:13.085-04:00 DEBUG 25992 --- [health-service] [pool-2-thread-1] c.a.h.client.UserServiceClient           : [UserServiceClient#getUserAuthByEmail] <--- HTTP/1.1 401 (118ms)
2026-05-20T16:20:13.086-04:00  WARN 25992 --- [health-service] [http-nio-8085-exec-5] c.a.h.client.UserServiceClientFallback   : User-service no disponible para email {{authUsername}}
2026-05-20T16:20:13.086-04:00  WARN 25992 --- [health-service] [http-nio-8085-exec-5] c.a.h.config.CustomUserDetailsService    : Usuario no encontrado: {{authUsername}}
2026-05-20T16:20:13.262-04:00 DEBUG 25992 --- [health-service] [pool-2-thread-1] c.a.h.client.UserServiceClient           : [UserServiceClient#getUserAuthByEmail] ---> GET http://localhost:8081/user-app/users/by-email/%7B%7BauthUsername%7D%7D/auth HTTP/1.1
2026-05-20T16:20:13.380-04:00 DEBUG 25992 --- [health-service] [pool-2-thread-1] c.a.h.client.UserServiceClient           : [UserServiceClient#getUserAuthByEmail] <--- HTTP/1.1 401 (118ms)
2026-05-20T16:20:13.380-04:00  WARN 25992 --- [health-service] [http-nio-8085-exec-6] c.a.h.client.UserServiceClientFallback   : User-service no disponible para email {{authUsername}}
2026-05-20T16:20:13.380-04:00  WARN 25992 --- [health-service] [http-nio-8085-exec-6] c.a.h.config.CustomUserDetailsService    : Usuario no encontrado: {{authUsername}}
2026-05-20T16:21:47.270-04:00  INFO 25992 --- [health-service] [SpringApplicationShutdownHook] o.s.b.w.e.tomcat.GracefulShutdown        : Commencing graceful shutdown. Waiting for active requests to complete
2026-05-20T16:21:47.572-04:00  INFO 25992 --- [health-service] [tomcat-shutdown] o.s.b.w.e.tomcat.GracefulShutdown        : Graceful shutdown complete
2026-05-20T16:21:47.608-04:00  INFO 25992 --- [health-service] [SpringApplicationShutdownHook] j.LocalContainerEntityManagerFactoryBean : Closing JPA EntityManagerFactory for persistence unit 'default'
2026-05-20T16:21:47.627-04:00  INFO 25992 --- [health-service] [SpringApplicationShutdownHook] com.zaxxer.hikari.HikariDataSource       : HikariPool-1 - Shutdown initiated...
2026-05-20T16:21:47.647-04:00  INFO 25992 --- [health-service] [SpringApplicationShutdownHook] com.zaxxer.hikari.HikariDataSource       : HikariPool-1 - Shutdown completed.
2026-05-20T16:22:12.933-04:00  INFO 22204 --- [health-service] [restartedMain] c.a.h.HealthServiceApplication           : Starting HealthServiceApplication using Java 26 with PID 22204 (C:\Users\camil\Documents\fullstack1\adoptapp\health-service\target\classes started by camil in C:\Users\camil\Documents\fullstack1\adoptapp)
2026-05-20T16:22:12.936-04:00 DEBUG 22204 --- [health-service] [restartedMain] c.a.h.HealthServiceApplication           : Running with Spring Boot v3.4.5, Spring v6.2.6
2026-05-20T16:22:12.937-04:00  INFO 22204 --- [health-service] [restartedMain] c.a.h.HealthServiceApplication           : No active profile set, falling back to 1 default profile: "default"
2026-05-20T16:22:12.986-04:00  INFO 22204 --- [health-service] [restartedMain] .e.DevToolsPropertyDefaultsPostProcessor : Devtools property defaults active! Set 'spring.devtools.add-properties' to 'false' to disable
2026-05-20T16:22:12.986-04:00  INFO 22204 --- [health-service] [restartedMain] .e.DevToolsPropertyDefaultsPostProcessor : For additional web related logging consider setting the 'logging.level.web' property to 'DEBUG'
2026-05-20T16:22:14.192-04:00  INFO 22204 --- [health-service] [restartedMain] .s.d.r.c.RepositoryConfigurationDelegate : Bootstrapping Spring Data JPA repositories in DEFAULT mode.
2026-05-20T16:22:14.288-04:00  INFO 22204 --- [health-service] [restartedMain] .s.d.r.c.RepositoryConfigurationDelegate : Finished Spring Data repository scanning in 81 ms. Found 2 JPA repository interfaces.
2026-05-20T16:22:14.809-04:00  INFO 22204 --- [health-service] [restartedMain] o.s.cloud.context.scope.GenericScope     : BeanFactory id=1fa17820-a0a9-3b24-8e59-449540ba714f
2026-05-20T16:22:16.126-04:00  INFO 22204 --- [health-service] [restartedMain] o.s.b.w.embedded.tomcat.TomcatWebServer  : Tomcat initialized with port 8085 (http)
2026-05-20T16:22:16.139-04:00  INFO 22204 --- [health-service] [restartedMain] o.apache.catalina.core.StandardService   : Starting service [Tomcat]
2026-05-20T16:22:16.139-04:00  INFO 22204 --- [health-service] [restartedMain] o.apache.catalina.core.StandardEngine    : Starting Servlet engine: [Apache Tomcat/10.1.40]
2026-05-20T16:22:16.195-04:00  INFO 22204 --- [health-service] [restartedMain] o.a.c.c.C.[.[localhost].[/health-app]    : Initializing Spring embedded WebApplicationContext
2026-05-20T16:22:16.195-04:00  INFO 22204 --- [health-service] [restartedMain] w.s.c.ServletWebServerApplicationContext : Root WebApplicationContext: initialization completed in 3209 ms
2026-05-20T16:22:16.570-04:00  INFO 22204 --- [health-service] [restartedMain] com.zaxxer.hikari.HikariDataSource       : HikariPool-1 - Starting...
2026-05-20T16:22:17.052-04:00  INFO 22204 --- [health-service] [restartedMain] com.zaxxer.hikari.pool.HikariPool        : HikariPool-1 - Added connection org.postgresql.jdbc.PgConnection@53fd2d6f
2026-05-20T16:22:17.054-04:00  INFO 22204 --- [health-service] [restartedMain] com.zaxxer.hikari.HikariDataSource       : HikariPool-1 - Start completed.
2026-05-20T16:22:17.087-04:00  INFO 22204 --- [health-service] [restartedMain] org.flywaydb.core.FlywayExecutor         : Database: jdbc:postgresql://localhost:5432/health_db (PostgreSQL 18.3)
2026-05-20T16:22:17.103-04:00  WARN 22204 --- [health-service] [restartedMain] o.f.c.internal.database.base.Database    : Flyway upgrade recommended: PostgreSQL 18.3 is newer than this version of Flyway and support has not been tested. The latest supported version of PostgreSQL is 17.
2026-05-20T16:22:17.155-04:00  INFO 22204 --- [health-service] [restartedMain] o.f.core.internal.command.DbValidate     : Successfully validated 3 migrations (execution time 00:00.037s)
2026-05-20T16:22:17.742-04:00  INFO 22204 --- [health-service] [restartedMain] o.f.core.internal.command.DbMigrate      : Current version of schema "public": 3
2026-05-20T16:22:17.748-04:00  INFO 22204 --- [health-service] [restartedMain] o.f.core.internal.command.DbMigrate      : Schema "public" is up to date. No migration necessary.
2026-05-20T16:22:18.010-04:00  INFO 22204 --- [health-service] [restartedMain] o.hibernate.jpa.internal.util.LogHelper  : HHH000204: Processing PersistenceUnitInfo [name: default]
2026-05-20T16:22:18.105-04:00  INFO 22204 --- [health-service] [restartedMain] org.hibernate.Version                    : HHH000412: Hibernate ORM core version 6.6.13.Final
2026-05-20T16:22:18.170-04:00  INFO 22204 --- [health-service] [restartedMain] o.h.c.internal.RegionFactoryInitiator    : HHH000026: Second-level cache disabled
2026-05-20T16:22:18.667-04:00  INFO 22204 --- [health-service] [restartedMain] o.s.o.j.p.SpringPersistenceUnitInfo      : No LoadTimeWeaver setup: ignoring JPA class transformer
2026-05-20T16:22:18.786-04:00  WARN 22204 --- [health-service] [restartedMain] org.hibernate.orm.deprecation            : HHH90000025: PostgreSQLDialect does not need to be specified explicitly using 'hibernate.dialect' (remove the property setting and it will be selected by default)
2026-05-20T16:22:18.814-04:00  INFO 22204 --- [health-service] [restartedMain] org.hibernate.orm.connections.pooling    : HHH10001005: Database info:
	Database JDBC URL [Connecting through datasource 'HikariDataSource (HikariPool-1)']
	Database driver: undefined/unknown
	Database version: 18.3
	Autocommit mode: undefined/unknown
	Isolation level: undefined/unknown
	Minimum pool size: undefined/unknown
	Maximum pool size: undefined/unknown
2026-05-20T16:22:20.736-04:00  INFO 22204 --- [health-service] [restartedMain] o.h.e.t.j.p.i.JtaPlatformInitiator       : HHH000489: No JTA platform available (set 'hibernate.transaction.jta.platform' to enable JTA platform integration)
2026-05-20T16:22:20.807-04:00  INFO 22204 --- [health-service] [restartedMain] j.LocalContainerEntityManagerFactoryBean : Initialized JPA EntityManagerFactory for persistence unit 'default'
2026-05-20T16:22:21.176-04:00  WARN 22204 --- [health-service] [restartedMain] JpaBaseConfiguration$JpaWebConfiguration : spring.jpa.open-in-view is enabled by default. Therefore, database queries may be performed during view rendering. Explicitly configure spring.jpa.open-in-view to disable this warning
2026-05-20T16:22:21.385-04:00  WARN 22204 --- [health-service] [restartedMain] o.s.b.d.a.OptionalLiveReloadServer       : Unable to start LiveReload server
2026-05-20T16:22:22.575-04:00  INFO 22204 --- [health-service] [restartedMain] r$InitializeUserDetailsManagerConfigurer : Global AuthenticationManager configured with UserDetailsService bean with name customUserDetailsService
2026-05-20T16:22:22.912-04:00 DEBUG 22204 --- [health-service] [restartedMain] s.w.s.m.m.a.RequestMappingHandlerMapping : 8 mappings in 'requestMappingHandlerMapping'
2026-05-20T16:22:23.380-04:00 DEBUG 22204 --- [health-service] [restartedMain] o.s.w.s.handler.SimpleUrlHandlerMapping  : Patterns [/webjars/**, /**] in 'resourceHandlerMapping'
2026-05-20T16:22:24.223-04:00 DEBUG 22204 --- [health-service] [restartedMain] s.w.s.m.m.a.RequestMappingHandlerAdapter : ControllerAdvice beans: 0 @ModelAttribute, 0 @InitBinder, 1 RequestBodyAdvice, 1 ResponseBodyAdvice
2026-05-20T16:22:24.400-04:00 DEBUG 22204 --- [health-service] [restartedMain] .m.m.a.ExceptionHandlerExceptionResolver : ControllerAdvice beans: 1 @ExceptionHandler, 1 ResponseBodyAdvice
2026-05-20T16:22:26.358-04:00  INFO 22204 --- [health-service] [restartedMain] o.s.cloud.commons.util.InetUtils         : Cannot determine local hostname
2026-05-20T16:22:26.600-04:00  INFO 22204 --- [health-service] [restartedMain] o.s.b.w.embedded.tomcat.TomcatWebServer  : Tomcat started on port 8085 (http) with context path '/health-app'
2026-05-20T16:22:27.627-04:00  INFO 22204 --- [health-service] [restartedMain] o.s.cloud.commons.util.InetUtils         : Cannot determine local hostname
2026-05-20T16:22:27.648-04:00  INFO 22204 --- [health-service] [restartedMain] c.a.h.HealthServiceApplication           : Started HealthServiceApplication in 16.31 seconds (process running for 17.758)
2026-05-20T16:23:42.055-04:00  INFO 22204 --- [health-service] [http-nio-8085-exec-1] o.a.c.c.C.[.[localhost].[/health-app]    : Initializing Spring DispatcherServlet 'dispatcherServlet'
2026-05-20T16:23:42.055-04:00  INFO 22204 --- [health-service] [http-nio-8085-exec-1] o.s.web.servlet.DispatcherServlet        : Initializing Servlet 'dispatcherServlet'
2026-05-20T16:23:42.055-04:00 DEBUG 22204 --- [health-service] [http-nio-8085-exec-1] o.s.web.servlet.DispatcherServlet        : Detected StandardServletMultipartResolver
2026-05-20T16:23:42.055-04:00 DEBUG 22204 --- [health-service] [http-nio-8085-exec-1] o.s.web.servlet.DispatcherServlet        : Detected AcceptHeaderLocaleResolver
2026-05-20T16:23:42.055-04:00 DEBUG 22204 --- [health-service] [http-nio-8085-exec-1] o.s.web.servlet.DispatcherServlet        : Detected FixedThemeResolver
2026-05-20T16:23:42.055-04:00 DEBUG 22204 --- [health-service] [http-nio-8085-exec-1] o.s.web.servlet.DispatcherServlet        : Detected org.springframework.web.servlet.view.DefaultRequestToViewNameTranslator@a963e5a
2026-05-20T16:23:42.055-04:00 DEBUG 22204 --- [health-service] [http-nio-8085-exec-1] o.s.web.servlet.DispatcherServlet        : Detected org.springframework.web.servlet.support.SessionFlashMapManager@42a02bda
2026-05-20T16:23:42.055-04:00 DEBUG 22204 --- [health-service] [http-nio-8085-exec-1] o.s.web.servlet.DispatcherServlet        : enableLoggingRequestDetails='false': request parameters and headers will be masked to prevent unsafe logging of potentially sensitive data
2026-05-20T16:23:42.055-04:00  INFO 22204 --- [health-service] [http-nio-8085-exec-1] o.s.web.servlet.DispatcherServlet        : Completed initialization in 0 ms
2026-05-20T16:23:42.192-04:00 DEBUG 22204 --- [health-service] [pool-2-thread-1] c.a.h.client.UserServiceClient           : [UserServiceClient#getUserAuthByEmail] ---> GET http://localhost:8081/user-app/users/by-email/%7B%7BauthUsername%7D%7D/auth HTTP/1.1
2026-05-20T16:23:42.324-04:00 DEBUG 22204 --- [health-service] [pool-2-thread-1] c.a.h.client.UserServiceClient           : [UserServiceClient#getUserAuthByEmail] <--- HTTP/1.1 401 (129ms)
2026-05-20T16:23:42.336-04:00  WARN 22204 --- [health-service] [http-nio-8085-exec-1] c.a.h.client.UserServiceClientFallback   : User-service no disponible para email {{authUsername}}
2026-05-20T16:23:42.341-04:00  WARN 22204 --- [health-service] [http-nio-8085-exec-1] c.a.h.config.CustomUserDetailsService    : Usuario no encontrado: {{authUsername}}
2026-05-20T16:23:42.536-04:00 DEBUG 22204 --- [health-service] [pool-2-thread-1] c.a.h.client.UserServiceClient           : [UserServiceClient#getUserAuthByEmail] ---> GET http://localhost:8081/user-app/users/by-email/%7B%7BauthUsername%7D%7D/auth HTTP/1.1
2026-05-20T16:23:42.657-04:00 DEBUG 22204 --- [health-service] [pool-2-thread-1] c.a.h.client.UserServiceClient           : [UserServiceClient#getUserAuthByEmail] <--- HTTP/1.1 401 (121ms)
2026-05-20T16:23:42.657-04:00  WARN 22204 --- [health-service] [http-nio-8085-exec-3] c.a.h.client.UserServiceClientFallback   : User-service no disponible para email {{authUsername}}
2026-05-20T16:23:42.657-04:00  WARN 22204 --- [health-service] [http-nio-8085-exec-3] c.a.h.config.CustomUserDetailsService    : Usuario no encontrado: {{authUsername}}
2026-05-20T16:23:42.888-04:00 DEBUG 22204 --- [health-service] [pool-2-thread-1] c.a.h.client.UserServiceClient           : [UserServiceClient#getUserAuthByEmail] ---> GET http://localhost:8081/user-app/users/by-email/%7B%7BauthUsername%7D%7D/auth HTTP/1.1
2026-05-20T16:23:43.003-04:00 DEBUG 22204 --- [health-service] [pool-2-thread-1] c.a.h.client.UserServiceClient           : [UserServiceClient#getUserAuthByEmail] <--- HTTP/1.1 401 (113ms)
2026-05-20T16:23:43.005-04:00  WARN 22204 --- [health-service] [http-nio-8085-exec-5] c.a.h.client.UserServiceClientFallback   : User-service no disponible para email {{authUsername}}
2026-05-20T16:23:43.005-04:00  WARN 22204 --- [health-service] [http-nio-8085-exec-5] c.a.h.config.CustomUserDetailsService    : Usuario no encontrado: {{authUsername}}
2026-05-20T16:23:43.140-04:00 DEBUG 22204 --- [health-service] [pool-2-thread-1] c.a.h.client.UserServiceClient           : [UserServiceClient#getUserAuthByEmail] ---> GET http://localhost:8081/user-app/users/by-email/%7B%7BauthUsername%7D%7D/auth HTTP/1.1
2026-05-20T16:23:43.257-04:00 DEBUG 22204 --- [health-service] [pool-2-thread-1] c.a.h.client.UserServiceClient           : [UserServiceClient#getUserAuthByEmail] <--- HTTP/1.1 401 (120ms)
2026-05-20T16:23:43.257-04:00  WARN 22204 --- [health-service] [http-nio-8085-exec-6] c.a.h.client.UserServiceClientFallback   : User-service no disponible para email {{authUsername}}
2026-05-20T16:23:43.257-04:00  WARN 22204 --- [health-service] [http-nio-8085-exec-6] c.a.h.config.CustomUserDetailsService    : Usuario no encontrado: {{authUsername}}
2026-05-20T16:23:43.472-04:00 DEBUG 22204 --- [health-service] [pool-2-thread-1] c.a.h.client.UserServiceClient           : [UserServiceClient#getUserAuthByEmail] ---> GET http://localhost:8081/user-app/users/by-email/%7B%7BauthUsername%7D%7D/auth HTTP/1.1
2026-05-20T16:23:43.589-04:00 DEBUG 22204 --- [health-service] [pool-2-thread-1] c.a.h.client.UserServiceClient           : [UserServiceClient#getUserAuthByEmail] <--- HTTP/1.1 401 (124ms)
2026-05-20T16:23:43.589-04:00  WARN 22204 --- [health-service] [http-nio-8085-exec-7] c.a.h.client.UserServiceClientFallback   : User-service no disponible para email {{authUsername}}
2026-05-20T16:23:43.589-04:00  WARN 22204 --- [health-service] [http-nio-8085-exec-7] c.a.h.config.CustomUserDetailsService    : Usuario no encontrado: {{authUsername}}
2026-05-20T16:25:40.015-04:00 DEBUG 22204 --- [health-service] [pool-2-thread-2] c.a.h.client.UserServiceClient           : [UserServiceClient#getUserAuthByEmail] ---> GET http://localhost:8081/user-app/users/by-email/%7B%7BauthUsername%7D%7D/auth HTTP/1.1
2026-05-20T16:25:40.135-04:00 DEBUG 22204 --- [health-service] [pool-2-thread-2] c.a.h.client.UserServiceClient           : [UserServiceClient#getUserAuthByEmail] <--- HTTP/1.1 401 (121ms)
2026-05-20T16:25:40.135-04:00  WARN 22204 --- [health-service] [http-nio-8085-exec-10] c.a.h.client.UserServiceClientFallback   : User-service no disponible para email {{authUsername}}
2026-05-20T16:25:40.135-04:00  WARN 22204 --- [health-service] [http-nio-8085-exec-10] c.a.h.config.CustomUserDetailsService    : Usuario no encontrado: {{authUsername}}
2026-05-20T16:25:40.331-04:00 DEBUG 22204 --- [health-service] [pool-2-thread-2] c.a.h.client.UserServiceClient           : [UserServiceClient#getUserAuthByEmail] ---> GET http://localhost:8081/user-app/users/by-email/%7B%7BauthUsername%7D%7D/auth HTTP/1.1
2026-05-20T16:25:40.447-04:00 DEBUG 22204 --- [health-service] [pool-2-thread-2] c.a.h.client.UserServiceClient           : [UserServiceClient#getUserAuthByEmail] <--- HTTP/1.1 401 (115ms)
2026-05-20T16:25:40.447-04:00  WARN 22204 --- [health-service] [http-nio-8085-exec-2] c.a.h.client.UserServiceClientFallback   : User-service no disponible para email {{authUsername}}
2026-05-20T16:25:40.447-04:00  WARN 22204 --- [health-service] [http-nio-8085-exec-2] c.a.h.config.CustomUserDetailsService    : Usuario no encontrado: {{authUsername}}
2026-05-20T16:25:40.699-04:00 DEBUG 22204 --- [health-service] [pool-2-thread-2] c.a.h.client.UserServiceClient           : [UserServiceClient#getUserAuthByEmail] ---> GET http://localhost:8081/user-app/users/by-email/%7B%7BauthUsername%7D%7D/auth HTTP/1.1
2026-05-20T16:25:40.814-04:00 DEBUG 22204 --- [health-service] [pool-2-thread-2] c.a.h.client.UserServiceClient           : [UserServiceClient#getUserAuthByEmail] <--- HTTP/1.1 401 (117ms)
2026-05-20T16:25:40.814-04:00  WARN 22204 --- [health-service] [http-nio-8085-exec-3] c.a.h.client.UserServiceClientFallback   : User-service no disponible para email {{authUsername}}
2026-05-20T16:25:40.814-04:00  WARN 22204 --- [health-service] [http-nio-8085-exec-3] c.a.h.config.CustomUserDetailsService    : Usuario no encontrado: {{authUsername}}
2026-05-20T16:25:41.018-04:00 DEBUG 22204 --- [health-service] [pool-2-thread-2] c.a.h.client.UserServiceClient           : [UserServiceClient#getUserAuthByEmail] ---> GET http://localhost:8081/user-app/users/by-email/%7B%7BauthUsername%7D%7D/auth HTTP/1.1
2026-05-20T16:25:41.133-04:00 DEBUG 22204 --- [health-service] [pool-2-thread-2] c.a.h.client.UserServiceClient           : [UserServiceClient#getUserAuthByEmail] <--- HTTP/1.1 401 (119ms)
2026-05-20T16:25:41.133-04:00  WARN 22204 --- [health-service] [http-nio-8085-exec-4] c.a.h.client.UserServiceClientFallback   : User-service no disponible para email {{authUsername}}
2026-05-20T16:25:41.133-04:00  WARN 22204 --- [health-service] [http-nio-8085-exec-4] c.a.h.config.CustomUserDetailsService    : Usuario no encontrado: {{authUsername}}
2026-05-20T16:25:41.319-04:00 DEBUG 22204 --- [health-service] [pool-2-thread-2] c.a.h.client.UserServiceClient           : [UserServiceClient#getUserAuthByEmail] ---> GET http://localhost:8081/user-app/users/by-email/%7B%7BauthUsername%7D%7D/auth HTTP/1.1
2026-05-20T16:25:41.437-04:00 DEBUG 22204 --- [health-service] [pool-2-thread-2] c.a.h.client.UserServiceClient           : [UserServiceClient#getUserAuthByEmail] <--- HTTP/1.1 401 (121ms)
2026-05-20T16:25:41.437-04:00  WARN 22204 --- [health-service] [http-nio-8085-exec-5] c.a.h.client.UserServiceClientFallback   : User-service no disponible para email {{authUsername}}
2026-05-20T16:25:41.437-04:00  WARN 22204 --- [health-service] [http-nio-8085-exec-5] c.a.h.config.CustomUserDetailsService    : Usuario no encontrado: {{authUsername}}
2026-05-20T16:29:59.935-04:00 DEBUG 22204 --- [health-service] [pool-2-thread-3] c.a.h.client.UserServiceClient           : [UserServiceClient#getUserAuthByEmail] ---> GET http://localhost:8081/user-app/users/by-email/admin/auth HTTP/1.1
2026-05-20T16:30:00.064-04:00 DEBUG 22204 --- [health-service] [pool-2-thread-3] c.a.h.client.UserServiceClient           : [UserServiceClient#getUserAuthByEmail] <--- HTTP/1.1 401 (128ms)
2026-05-20T16:30:00.065-04:00  WARN 22204 --- [health-service] [http-nio-8085-exec-8] c.a.h.client.UserServiceClientFallback   : User-service no disponible para email admin
2026-05-20T16:30:00.065-04:00  WARN 22204 --- [health-service] [http-nio-8085-exec-8] c.a.h.config.CustomUserDetailsService    : Usuario no encontrado: admin
2026-05-20T16:30:00.216-04:00 DEBUG 22204 --- [health-service] [pool-2-thread-3] c.a.h.client.UserServiceClient           : [UserServiceClient#getUserAuthByEmail] ---> GET http://localhost:8081/user-app/users/by-email/admin/auth HTTP/1.1
2026-05-20T16:30:00.333-04:00 DEBUG 22204 --- [health-service] [pool-2-thread-3] c.a.h.client.UserServiceClient           : [UserServiceClient#getUserAuthByEmail] <--- HTTP/1.1 401 (116ms)
2026-05-20T16:30:00.333-04:00  WARN 22204 --- [health-service] [http-nio-8085-exec-9] c.a.h.client.UserServiceClientFallback   : User-service no disponible para email admin
2026-05-20T16:30:00.333-04:00  WARN 22204 --- [health-service] [http-nio-8085-exec-9] c.a.h.config.CustomUserDetailsService    : Usuario no encontrado: admin
2026-05-20T16:30:00.582-04:00 DEBUG 22204 --- [health-service] [pool-2-thread-3] c.a.h.client.UserServiceClient           : [UserServiceClient#getUserAuthByEmail] ---> GET http://localhost:8081/user-app/users/by-email/admin/auth HTTP/1.1
2026-05-20T16:30:00.698-04:00 DEBUG 22204 --- [health-service] [pool-2-thread-3] c.a.h.client.UserServiceClient           : [UserServiceClient#getUserAuthByEmail] <--- HTTP/1.1 401 (115ms)
2026-05-20T16:30:00.699-04:00  WARN 22204 --- [health-service] [http-nio-8085-exec-2] c.a.h.client.UserServiceClientFallback   : User-service no disponible para email admin
2026-05-20T16:30:00.699-04:00  WARN 22204 --- [health-service] [http-nio-8085-exec-2] c.a.h.config.CustomUserDetailsService    : Usuario no encontrado: admin
2026-05-20T16:30:00.900-04:00 DEBUG 22204 --- [health-service] [pool-2-thread-3] c.a.h.client.UserServiceClient           : [UserServiceClient#getUserAuthByEmail] ---> GET http://localhost:8081/user-app/users/by-email/admin/auth HTTP/1.1
2026-05-20T16:30:01.000-04:00 DEBUG 22204 --- [health-service] [pool-2-thread-3] c.a.h.client.UserServiceClient           : [UserServiceClient#getUserAuthByEmail] <--- HTTP/1.1 401 (111ms)
2026-05-20T16:30:01.000-04:00  WARN 22204 --- [health-service] [http-nio-8085-exec-1] c.a.h.client.UserServiceClientFallback   : User-service no disponible para email admin
2026-05-20T16:30:01.000-04:00  WARN 22204 --- [health-service] [http-nio-8085-exec-1] c.a.h.config.CustomUserDetailsService    : Usuario no encontrado: admin
2026-05-20T16:30:01.201-04:00 DEBUG 22204 --- [health-service] [pool-2-thread-3] c.a.h.client.UserServiceClient           : [UserServiceClient#getUserAuthByEmail] ---> GET http://localhost:8081/user-app/users/by-email/admin/auth HTTP/1.1
2026-05-20T16:30:01.320-04:00 DEBUG 22204 --- [health-service] [pool-2-thread-3] c.a.h.client.UserServiceClient           : [UserServiceClient#getUserAuthByEmail] <--- HTTP/1.1 401 (118ms)
2026-05-20T16:30:01.320-04:00  WARN 22204 --- [health-service] [http-nio-8085-exec-3] c.a.h.client.UserServiceClientFallback   : User-service no disponible para email admin
2026-05-20T16:30:01.320-04:00  WARN 22204 --- [health-service] [http-nio-8085-exec-3] c.a.h.config.CustomUserDetailsService    : Usuario no encontrado: admin
2026-05-20T16:30:17.392-04:00  INFO 22204 --- [health-service] [SpringApplicationShutdownHook] o.s.b.w.e.tomcat.GracefulShutdown        : Commencing graceful shutdown. Waiting for active requests to complete
2026-05-20T16:30:17.415-04:00  INFO 22204 --- [health-service] [tomcat-shutdown] o.s.b.w.e.tomcat.GracefulShutdown        : Graceful shutdown complete
2026-05-20T16:30:17.429-04:00  INFO 22204 --- [health-service] [SpringApplicationShutdownHook] j.LocalContainerEntityManagerFactoryBean : Closing JPA EntityManagerFactory for persistence unit 'default'
2026-05-20T16:30:17.437-04:00  INFO 22204 --- [health-service] [SpringApplicationShutdownHook] com.zaxxer.hikari.HikariDataSource       : HikariPool-1 - Shutdown initiated...
2026-05-20T16:30:17.441-04:00  INFO 22204 --- [health-service] [SpringApplicationShutdownHook] com.zaxxer.hikari.HikariDataSource       : HikariPool-1 - Shutdown completed.
2026-05-20T16:32:10.141-04:00  INFO 34460 --- [health-service] [restartedMain] c.a.h.HealthServiceApplication           : Starting HealthServiceApplication using Java 26 with PID 34460 (C:\Users\camil\Documents\fullstack1\adoptapp\health-service\target\classes started by camil in C:\Users\camil\Documents\fullstack1\adoptapp)
2026-05-20T16:32:10.145-04:00 DEBUG 34460 --- [health-service] [restartedMain] c.a.h.HealthServiceApplication           : Running with Spring Boot v3.4.5, Spring v6.2.6
2026-05-20T16:32:10.145-04:00  INFO 34460 --- [health-service] [restartedMain] c.a.h.HealthServiceApplication           : No active profile set, falling back to 1 default profile: "default"
2026-05-20T16:32:10.212-04:00  INFO 34460 --- [health-service] [restartedMain] .e.DevToolsPropertyDefaultsPostProcessor : Devtools property defaults active! Set 'spring.devtools.add-properties' to 'false' to disable
2026-05-20T16:32:10.214-04:00  INFO 34460 --- [health-service] [restartedMain] .e.DevToolsPropertyDefaultsPostProcessor : For additional web related logging consider setting the 'logging.level.web' property to 'DEBUG'
2026-05-20T16:32:11.910-04:00  INFO 34460 --- [health-service] [restartedMain] .s.d.r.c.RepositoryConfigurationDelegate : Bootstrapping Spring Data JPA repositories in DEFAULT mode.
2026-05-20T16:32:12.011-04:00  INFO 34460 --- [health-service] [restartedMain] .s.d.r.c.RepositoryConfigurationDelegate : Finished Spring Data repository scanning in 85 ms. Found 2 JPA repository interfaces.
2026-05-20T16:32:12.561-04:00  INFO 34460 --- [health-service] [restartedMain] o.s.cloud.context.scope.GenericScope     : BeanFactory id=1fa17820-a0a9-3b24-8e59-449540ba714f
2026-05-20T16:32:13.881-04:00  INFO 34460 --- [health-service] [restartedMain] o.s.b.w.embedded.tomcat.TomcatWebServer  : Tomcat initialized with port 8085 (http)
2026-05-20T16:32:13.898-04:00  INFO 34460 --- [health-service] [restartedMain] o.apache.catalina.core.StandardService   : Starting service [Tomcat]
2026-05-20T16:32:13.899-04:00  INFO 34460 --- [health-service] [restartedMain] o.apache.catalina.core.StandardEngine    : Starting Servlet engine: [Apache Tomcat/10.1.40]
2026-05-20T16:32:13.967-04:00  INFO 34460 --- [health-service] [restartedMain] o.a.c.c.C.[.[localhost].[/health-app]    : Initializing Spring embedded WebApplicationContext
2026-05-20T16:32:13.967-04:00  INFO 34460 --- [health-service] [restartedMain] w.s.c.ServletWebServerApplicationContext : Root WebApplicationContext: initialization completed in 3753 ms
2026-05-20T16:32:14.474-04:00  INFO 34460 --- [health-service] [restartedMain] com.zaxxer.hikari.HikariDataSource       : HikariPool-1 - Starting...
2026-05-20T16:32:15.141-04:00  INFO 34460 --- [health-service] [restartedMain] com.zaxxer.hikari.pool.HikariPool        : HikariPool-1 - Added connection org.postgresql.jdbc.PgConnection@f133136
2026-05-20T16:32:15.144-04:00  INFO 34460 --- [health-service] [restartedMain] com.zaxxer.hikari.HikariDataSource       : HikariPool-1 - Start completed.
2026-05-20T16:32:15.188-04:00  INFO 34460 --- [health-service] [restartedMain] org.flywaydb.core.FlywayExecutor         : Database: jdbc:postgresql://localhost:5432/health_db (PostgreSQL 18.3)
2026-05-20T16:32:15.205-04:00  WARN 34460 --- [health-service] [restartedMain] o.f.c.internal.database.base.Database    : Flyway upgrade recommended: PostgreSQL 18.3 is newer than this version of Flyway and support has not been tested. The latest supported version of PostgreSQL is 17.
2026-05-20T16:32:15.278-04:00  INFO 34460 --- [health-service] [restartedMain] o.f.core.internal.command.DbValidate     : Successfully validated 3 migrations (execution time 00:00.051s)
2026-05-20T16:32:15.467-04:00  INFO 34460 --- [health-service] [restartedMain] o.f.core.internal.command.DbMigrate      : Current version of schema "public": 3
2026-05-20T16:32:15.472-04:00  INFO 34460 --- [health-service] [restartedMain] o.f.core.internal.command.DbMigrate      : Schema "public" is up to date. No migration necessary.
2026-05-20T16:32:15.717-04:00  INFO 34460 --- [health-service] [restartedMain] o.hibernate.jpa.internal.util.LogHelper  : HHH000204: Processing PersistenceUnitInfo [name: default]
2026-05-20T16:32:15.817-04:00  INFO 34460 --- [health-service] [restartedMain] org.hibernate.Version                    : HHH000412: Hibernate ORM core version 6.6.13.Final
2026-05-20T16:32:15.874-04:00  INFO 34460 --- [health-service] [restartedMain] o.h.c.internal.RegionFactoryInitiator    : HHH000026: Second-level cache disabled
2026-05-20T16:32:16.301-04:00  INFO 34460 --- [health-service] [restartedMain] o.s.o.j.p.SpringPersistenceUnitInfo      : No LoadTimeWeaver setup: ignoring JPA class transformer
2026-05-20T16:32:16.440-04:00  WARN 34460 --- [health-service] [restartedMain] org.hibernate.orm.deprecation            : HHH90000025: PostgreSQLDialect does not need to be specified explicitly using 'hibernate.dialect' (remove the property setting and it will be selected by default)
2026-05-20T16:32:16.469-04:00  INFO 34460 --- [health-service] [restartedMain] org.hibernate.orm.connections.pooling    : HHH10001005: Database info:
	Database JDBC URL [Connecting through datasource 'HikariDataSource (HikariPool-1)']
	Database driver: undefined/unknown
	Database version: 18.3
	Autocommit mode: undefined/unknown
	Isolation level: undefined/unknown
	Minimum pool size: undefined/unknown
	Maximum pool size: undefined/unknown
2026-05-20T16:32:17.917-04:00  INFO 34460 --- [health-service] [restartedMain] o.h.e.t.j.p.i.JtaPlatformInitiator       : HHH000489: No JTA platform available (set 'hibernate.transaction.jta.platform' to enable JTA platform integration)
2026-05-20T16:32:17.962-04:00  INFO 34460 --- [health-service] [restartedMain] j.LocalContainerEntityManagerFactoryBean : Initialized JPA EntityManagerFactory for persistence unit 'default'
2026-05-20T16:32:18.196-04:00  WARN 34460 --- [health-service] [restartedMain] JpaBaseConfiguration$JpaWebConfiguration : spring.jpa.open-in-view is enabled by default. Therefore, database queries may be performed during view rendering. Explicitly configure spring.jpa.open-in-view to disable this warning
2026-05-20T16:32:18.382-04:00  WARN 34460 --- [health-service] [restartedMain] o.s.b.d.a.OptionalLiveReloadServer       : Unable to start LiveReload server
2026-05-20T16:32:19.171-04:00  INFO 34460 --- [health-service] [restartedMain] r$InitializeUserDetailsManagerConfigurer : Global AuthenticationManager configured with UserDetailsService bean with name customUserDetailsService
2026-05-20T16:32:19.364-04:00 DEBUG 34460 --- [health-service] [restartedMain] s.w.s.m.m.a.RequestMappingHandlerMapping : 8 mappings in 'requestMappingHandlerMapping'
2026-05-20T16:32:19.787-04:00 DEBUG 34460 --- [health-service] [restartedMain] o.s.w.s.handler.SimpleUrlHandlerMapping  : Patterns [/webjars/**, /**] in 'resourceHandlerMapping'
2026-05-20T16:32:20.444-04:00 DEBUG 34460 --- [health-service] [restartedMain] s.w.s.m.m.a.RequestMappingHandlerAdapter : ControllerAdvice beans: 0 @ModelAttribute, 0 @InitBinder, 1 RequestBodyAdvice, 1 ResponseBodyAdvice
2026-05-20T16:32:20.607-04:00 DEBUG 34460 --- [health-service] [restartedMain] .m.m.a.ExceptionHandlerExceptionResolver : ControllerAdvice beans: 1 @ExceptionHandler, 1 ResponseBodyAdvice
2026-05-20T16:32:22.620-04:00  INFO 34460 --- [health-service] [restartedMain] o.s.cloud.commons.util.InetUtils         : Cannot determine local hostname
2026-05-20T16:32:22.827-04:00  INFO 34460 --- [health-service] [restartedMain] o.s.b.w.embedded.tomcat.TomcatWebServer  : Tomcat started on port 8085 (http) with context path '/health-app'
2026-05-20T16:32:23.836-04:00  INFO 34460 --- [health-service] [restartedMain] o.s.cloud.commons.util.InetUtils         : Cannot determine local hostname
2026-05-20T16:32:23.848-04:00  INFO 34460 --- [health-service] [restartedMain] c.a.h.HealthServiceApplication           : Started HealthServiceApplication in 15.483 seconds (process running for 16.82)
2026-05-20T16:32:59.312-04:00  INFO 34460 --- [health-service] [http-nio-8085-exec-1] o.a.c.c.C.[.[localhost].[/health-app]    : Initializing Spring DispatcherServlet 'dispatcherServlet'
2026-05-20T16:32:59.312-04:00  INFO 34460 --- [health-service] [http-nio-8085-exec-1] o.s.web.servlet.DispatcherServlet        : Initializing Servlet 'dispatcherServlet'
2026-05-20T16:32:59.312-04:00 DEBUG 34460 --- [health-service] [http-nio-8085-exec-1] o.s.web.servlet.DispatcherServlet        : Detected StandardServletMultipartResolver
2026-05-20T16:32:59.312-04:00 DEBUG 34460 --- [health-service] [http-nio-8085-exec-1] o.s.web.servlet.DispatcherServlet        : Detected AcceptHeaderLocaleResolver
2026-05-20T16:32:59.312-04:00 DEBUG 34460 --- [health-service] [http-nio-8085-exec-1] o.s.web.servlet.DispatcherServlet        : Detected FixedThemeResolver
2026-05-20T16:32:59.327-04:00 DEBUG 34460 --- [health-service] [http-nio-8085-exec-1] o.s.web.servlet.DispatcherServlet        : Detected org.springframework.web.servlet.view.DefaultRequestToViewNameTranslator@5d50518e
2026-05-20T16:32:59.328-04:00 DEBUG 34460 --- [health-service] [http-nio-8085-exec-1] o.s.web.servlet.DispatcherServlet        : Detected org.springframework.web.servlet.support.SessionFlashMapManager@6fbe057f
2026-05-20T16:32:59.328-04:00 DEBUG 34460 --- [health-service] [http-nio-8085-exec-1] o.s.web.servlet.DispatcherServlet        : enableLoggingRequestDetails='false': request parameters and headers will be masked to prevent unsafe logging of potentially sensitive data
2026-05-20T16:32:59.329-04:00  INFO 34460 --- [health-service] [http-nio-8085-exec-1] o.s.web.servlet.DispatcherServlet        : Completed initialization in 16 ms
2026-05-20T16:32:59.482-04:00 DEBUG 34460 --- [health-service] [pool-2-thread-1] c.a.h.client.UserServiceClient           : [UserServiceClient#getUserAuthByEmail] ---> GET http://localhost:8081/user-app/users/by-email/admin/auth HTTP/1.1
2026-05-20T16:32:59.628-04:00 DEBUG 34460 --- [health-service] [pool-2-thread-1] c.a.h.client.UserServiceClient           : [UserServiceClient#getUserAuthByEmail] <--- HTTP/1.1 401 (145ms)
2026-05-20T16:32:59.628-04:00  WARN 34460 --- [health-service] [http-nio-8085-exec-1] c.a.h.client.UserServiceClientFallback   : User-service no disponible para email admin
2026-05-20T16:32:59.644-04:00  WARN 34460 --- [health-service] [http-nio-8085-exec-1] c.a.h.config.CustomUserDetailsService    : Usuario no encontrado: admin
2026-05-20T16:32:59.831-04:00 DEBUG 34460 --- [health-service] [pool-2-thread-1] c.a.h.client.UserServiceClient           : [UserServiceClient#getUserAuthByEmail] ---> GET http://localhost:8081/user-app/users/by-email/admin/auth HTTP/1.1
2026-05-20T16:32:59.945-04:00 DEBUG 34460 --- [health-service] [pool-2-thread-1] c.a.h.client.UserServiceClient           : [UserServiceClient#getUserAuthByEmail] <--- HTTP/1.1 401 (113ms)
2026-05-20T16:32:59.945-04:00  WARN 34460 --- [health-service] [http-nio-8085-exec-3] c.a.h.client.UserServiceClientFallback   : User-service no disponible para email admin
2026-05-20T16:32:59.945-04:00  WARN 34460 --- [health-service] [http-nio-8085-exec-3] c.a.h.config.CustomUserDetailsService    : Usuario no encontrado: admin
2026-05-20T16:33:00.235-04:00 DEBUG 34460 --- [health-service] [pool-2-thread-1] c.a.h.client.UserServiceClient           : [UserServiceClient#getUserAuthByEmail] ---> GET http://localhost:8081/user-app/users/by-email/admin/auth HTTP/1.1
2026-05-20T16:33:00.354-04:00 DEBUG 34460 --- [health-service] [pool-2-thread-1] c.a.h.client.UserServiceClient           : [UserServiceClient#getUserAuthByEmail] <--- HTTP/1.1 401 (126ms)
2026-05-20T16:33:00.354-04:00  WARN 34460 --- [health-service] [http-nio-8085-exec-5] c.a.h.client.UserServiceClientFallback   : User-service no disponible para email admin
2026-05-20T16:33:00.363-04:00  WARN 34460 --- [health-service] [http-nio-8085-exec-5] c.a.h.config.CustomUserDetailsService    : Usuario no encontrado: admin
2026-05-20T16:33:00.551-04:00 DEBUG 34460 --- [health-service] [pool-2-thread-1] c.a.h.client.UserServiceClient           : [UserServiceClient#getUserAuthByEmail] ---> GET http://localhost:8081/user-app/users/by-email/admin/auth HTTP/1.1
2026-05-20T16:33:00.671-04:00 DEBUG 34460 --- [health-service] [pool-2-thread-1] c.a.h.client.UserServiceClient           : [UserServiceClient#getUserAuthByEmail] <--- HTTP/1.1 401 (118ms)
2026-05-20T16:33:00.671-04:00  WARN 34460 --- [health-service] [http-nio-8085-exec-6] c.a.h.client.UserServiceClientFallback   : User-service no disponible para email admin
2026-05-20T16:33:00.671-04:00  WARN 34460 --- [health-service] [http-nio-8085-exec-6] c.a.h.config.CustomUserDetailsService    : Usuario no encontrado: admin
2026-05-20T16:33:00.852-04:00 DEBUG 34460 --- [health-service] [pool-2-thread-1] c.a.h.client.UserServiceClient           : [UserServiceClient#getUserAuthByEmail] ---> GET http://localhost:8081/user-app/users/by-email/admin/auth HTTP/1.1
2026-05-20T16:33:00.969-04:00 DEBUG 34460 --- [health-service] [pool-2-thread-1] c.a.h.client.UserServiceClient           : [UserServiceClient#getUserAuthByEmail] <--- HTTP/1.1 401 (116ms)
2026-05-20T16:33:00.970-04:00  WARN 34460 --- [health-service] [http-nio-8085-exec-7] c.a.h.client.UserServiceClientFallback   : User-service no disponible para email admin
2026-05-20T16:33:00.970-04:00  WARN 34460 --- [health-service] [http-nio-8085-exec-7] c.a.h.config.CustomUserDetailsService    : Usuario no encontrado: admin
2026-05-20T16:38:53.474-04:00 DEBUG 34460 --- [health-service] [pool-2-thread-2] c.a.h.client.UserServiceClient           : [UserServiceClient#getUserAuthByEmail] ---> GET http://localhost:8081/user-app/users/by-email/admin%40empresa.com/auth HTTP/1.1
2026-05-20T16:38:53.602-04:00 DEBUG 34460 --- [health-service] [pool-2-thread-2] c.a.h.client.UserServiceClient           : [UserServiceClient#getUserAuthByEmail] <--- HTTP/1.1 200 (126ms)
2026-05-20T16:38:53.620-04:00 DEBUG 34460 --- [health-service] [pool-2-thread-2] o.s.w.c.HttpMessageConverterExtractor    : Reading to [com.adoptapp.sharedkernel.dto.UserAuthResponse]
2026-05-20T16:38:53.774-04:00 DEBUG 34460 --- [health-service] [http-nio-8085-exec-10] o.s.web.servlet.DispatcherServlet        : GET "/health-app/health/?vaccinationStatus=VACCINATED&sterilizationStatus=", parameters={masked}
2026-05-20T16:38:53.774-04:00 DEBUG 34460 --- [health-service] [http-nio-8085-exec-10] o.s.w.s.handler.SimpleUrlHandlerMapping  : Mapped to ResourceHttpRequestHandler [classpath [META-INF/resources/], classpath [resources/], classpath [static/], classpath [public/], ServletContext [/]]
2026-05-20T16:38:53.789-04:00 DEBUG 34460 --- [health-service] [http-nio-8085-exec-10] o.s.w.s.r.ResourceHttpRequestHandler     : Resource not found
2026-05-20T16:38:53.803-04:00 DEBUG 34460 --- [health-service] [http-nio-8085-exec-10] .m.m.a.ExceptionHandlerExceptionResolver : Using @ExceptionHandler com.adoptapp.healthservice.exception.GlobalExceptionHandler#handleGeneric(Exception, HttpServletRequest)
2026-05-20T16:38:53.804-04:00 ERROR 34460 --- [health-service] [http-nio-8085-exec-10] c.a.h.exception.GlobalExceptionHandler   : Error interno no manejado en /health-app/health/: No static resource health.

org.springframework.web.servlet.resource.NoResourceFoundException: No static resource health.
	at org.springframework.web.servlet.resource.ResourceHttpRequestHandler.handleRequest(ResourceHttpRequestHandler.java:585) ~[spring-webmvc-6.2.6.jar:6.2.6]
	at org.springframework.web.servlet.mvc.HttpRequestHandlerAdapter.handle(HttpRequestHandlerAdapter.java:52) ~[spring-webmvc-6.2.6.jar:6.2.6]
	at org.springframework.web.servlet.DispatcherServlet.doDispatch(DispatcherServlet.java:1089) ~[spring-webmvc-6.2.6.jar:6.2.6]
	at org.springframework.web.servlet.DispatcherServlet.doService(DispatcherServlet.java:979) ~[spring-webmvc-6.2.6.jar:6.2.6]
	at org.springframework.web.servlet.FrameworkServlet.processRequest(FrameworkServlet.java:1014) ~[spring-webmvc-6.2.6.jar:6.2.6]
	at org.springframework.web.servlet.FrameworkServlet.doGet(FrameworkServlet.java:903) ~[spring-webmvc-6.2.6.jar:6.2.6]
	at jakarta.servlet.http.HttpServlet.service(HttpServlet.java:564) ~[tomcat-embed-core-10.1.40.jar:6.0]
	at org.springframework.web.servlet.FrameworkServlet.service(FrameworkServlet.java:885) ~[spring-webmvc-6.2.6.jar:6.2.6]
	at jakarta.servlet.http.HttpServlet.service(HttpServlet.java:658) ~[tomcat-embed-core-10.1.40.jar:6.0]
	at org.apache.catalina.core.ApplicationFilterChain.internalDoFilter(ApplicationFilterChain.java:195) ~[tomcat-embed-core-10.1.40.jar:10.1.40]
	at org.apache.catalina.core.ApplicationFilterChain.doFilter(ApplicationFilterChain.java:140) ~[tomcat-embed-core-10.1.40.jar:10.1.40]
	at org.apache.tomcat.websocket.server.WsFilter.doFilter(WsFilter.java:51) ~[tomcat-embed-websocket-10.1.40.jar:10.1.40]
	at org.apache.catalina.core.ApplicationFilterChain.internalDoFilter(ApplicationFilterChain.java:164) ~[tomcat-embed-core-10.1.40.jar:10.1.40]
	at org.apache.catalina.core.ApplicationFilterChain.doFilter(ApplicationFilterChain.java:140) ~[tomcat-embed-core-10.1.40.jar:10.1.40]
	at org.springframework.web.filter.CompositeFilter$VirtualFilterChain.doFilter(CompositeFilter.java:108) ~[spring-web-6.2.6.jar:6.2.6]
	at org.springframework.security.web.FilterChainProxy.lambda$doFilterInternal$3(FilterChainProxy.java:231) ~[spring-security-web-6.4.5.jar:6.4.5]
	at org.springframework.security.web.FilterChainProxy$VirtualFilterChain.doFilter(FilterChainProxy.java:365) ~[spring-security-web-6.4.5.jar:6.4.5]
	at org.springframework.security.web.access.intercept.AuthorizationFilter.doFilter(AuthorizationFilter.java:101) ~[spring-security-web-6.4.5.jar:6.4.5]
	at org.springframework.security.web.FilterChainProxy$VirtualFilterChain.doFilter(FilterChainProxy.java:374) ~[spring-security-web-6.4.5.jar:6.4.5]
	at org.springframework.security.web.access.ExceptionTranslationFilter.doFilter(ExceptionTranslationFilter.java:126) ~[spring-security-web-6.4.5.jar:6.4.5]
	at org.springframework.security.web.access.ExceptionTranslationFilter.doFilter(ExceptionTranslationFilter.java:120) ~[spring-security-web-6.4.5.jar:6.4.5]
	at org.springframework.security.web.FilterChainProxy$VirtualFilterChain.doFilter(FilterChainProxy.java:374) ~[spring-security-web-6.4.5.jar:6.4.5]
	at org.springframework.security.web.session.SessionManagementFilter.doFilter(SessionManagementFilter.java:131) ~[spring-security-web-6.4.5.jar:6.4.5]
	at org.springframework.security.web.session.SessionManagementFilter.doFilter(SessionManagementFilter.java:85) ~[spring-security-web-6.4.5.jar:6.4.5]
	at org.springframework.security.web.FilterChainProxy$VirtualFilterChain.doFilter(FilterChainProxy.java:374) ~[spring-security-web-6.4.5.jar:6.4.5]
	at org.springframework.security.web.authentication.AnonymousAuthenticationFilter.doFilter(AnonymousAuthenticationFilter.java:100) ~[spring-security-web-6.4.5.jar:6.4.5]
	at org.springframework.security.web.FilterChainProxy$VirtualFilterChain.doFilter(FilterChainProxy.java:374) ~[spring-security-web-6.4.5.jar:6.4.5]
	at org.springframework.security.web.servletapi.SecurityContextHolderAwareRequestFilter.doFilter(SecurityContextHolderAwareRequestFilter.java:179) ~[spring-security-web-6.4.5.jar:6.4.5]
	at org.springframework.security.web.FilterChainProxy$VirtualFilterChain.doFilter(FilterChainProxy.java:374) ~[spring-security-web-6.4.5.jar:6.4.5]
	at org.springframework.security.web.savedrequest.RequestCacheAwareFilter.doFilter(RequestCacheAwareFilter.java:63) ~[spring-security-web-6.4.5.jar:6.4.5]
	at org.springframework.security.web.FilterChainProxy$VirtualFilterChain.doFilter(FilterChainProxy.java:374) ~[spring-security-web-6.4.5.jar:6.4.5]
	at org.springframework.security.web.authentication.www.BasicAuthenticationFilter.doFilterInternal(BasicAuthenticationFilter.java:213) ~[spring-security-web-6.4.5.jar:6.4.5]
	at org.springframework.web.filter.OncePerRequestFilter.doFilter(OncePerRequestFilter.java:116) ~[spring-web-6.2.6.jar:6.2.6]
	at org.springframework.security.web.FilterChainProxy$VirtualFilterChain.doFilter(FilterChainProxy.java:374) ~[spring-security-web-6.4.5.jar:6.4.5]
	at org.springframework.security.web.authentication.logout.LogoutFilter.doFilter(LogoutFilter.java:107) ~[spring-security-web-6.4.5.jar:6.4.5]
	at org.springframework.security.web.authentication.logout.LogoutFilter.doFilter(LogoutFilter.java:93) ~[spring-security-web-6.4.5.jar:6.4.5]
	at org.springframework.security.web.FilterChainProxy$VirtualFilterChain.doFilter(FilterChainProxy.java:374) ~[spring-security-web-6.4.5.jar:6.4.5]
	at org.springframework.security.web.header.HeaderWriterFilter.doHeadersAfter(HeaderWriterFilter.java:90) ~[spring-security-web-6.4.5.jar:6.4.5]
	at org.springframework.security.web.header.HeaderWriterFilter.doFilterInternal(HeaderWriterFilter.java:75) ~[spring-security-web-6.4.5.jar:6.4.5]
	at org.springframework.web.filter.OncePerRequestFilter.doFilter(OncePerRequestFilter.java:116) ~[spring-web-6.2.6.jar:6.2.6]
	at org.springframework.security.web.FilterChainProxy$VirtualFilterChain.doFilter(FilterChainProxy.java:374) ~[spring-security-web-6.4.5.jar:6.4.5]
	at org.springframework.security.web.context.SecurityContextHolderFilter.doFilter(SecurityContextHolderFilter.java:82) ~[spring-security-web-6.4.5.jar:6.4.5]
	at org.springframework.security.web.context.SecurityContextHolderFilter.doFilter(SecurityContextHolderFilter.java:69) ~[spring-security-web-6.4.5.jar:6.4.5]
	at org.springframework.security.web.FilterChainProxy$VirtualFilterChain.doFilter(FilterChainProxy.java:374) ~[spring-security-web-6.4.5.jar:6.4.5]
	at org.springframework.security.web.context.request.async.WebAsyncManagerIntegrationFilter.doFilterInternal(WebAsyncManagerIntegrationFilter.java:62) ~[spring-security-web-6.4.5.jar:6.4.5]
	at org.springframework.web.filter.OncePerRequestFilter.doFilter(OncePerRequestFilter.java:116) ~[spring-web-6.2.6.jar:6.2.6]
	at org.springframework.security.web.FilterChainProxy$VirtualFilterChain.doFilter(FilterChainProxy.java:374) ~[spring-security-web-6.4.5.jar:6.4.5]
	at org.springframework.security.web.session.DisableEncodeUrlFilter.doFilterInternal(DisableEncodeUrlFilter.java:42) ~[spring-security-web-6.4.5.jar:6.4.5]
	at org.springframework.web.filter.OncePerRequestFilter.doFilter(OncePerRequestFilter.java:116) ~[spring-web-6.2.6.jar:6.2.6]
	at org.springframework.security.web.FilterChainProxy$VirtualFilterChain.doFilter(FilterChainProxy.java:374) ~[spring-security-web-6.4.5.jar:6.4.5]
	at org.springframework.security.web.FilterChainProxy.doFilterInternal(FilterChainProxy.java:233) ~[spring-security-web-6.4.5.jar:6.4.5]
	at org.springframework.security.web.FilterChainProxy.doFilter(FilterChainProxy.java:191) ~[spring-security-web-6.4.5.jar:6.4.5]
	at org.springframework.web.filter.CompositeFilter$VirtualFilterChain.doFilter(CompositeFilter.java:113) ~[spring-web-6.2.6.jar:6.2.6]
	at org.springframework.web.servlet.handler.HandlerMappingIntrospector.lambda$createCacheFilter$3(HandlerMappingIntrospector.java:243) ~[spring-webmvc-6.2.6.jar:6.2.6]
	at org.springframework.web.filter.CompositeFilter$VirtualFilterChain.doFilter(CompositeFilter.java:113) ~[spring-web-6.2.6.jar:6.2.6]
	at org.springframework.web.filter.CompositeFilter.doFilter(CompositeFilter.java:74) ~[spring-web-6.2.6.jar:6.2.6]
	at org.springframework.security.config.annotation.web.configuration.WebMvcSecurityConfiguration$CompositeFilterChainProxy.doFilter(WebMvcSecurityConfiguration.java:238) ~[spring-security-config-6.4.5.jar:6.4.5]
	at org.springframework.web.filter.DelegatingFilterProxy.invokeDelegate(DelegatingFilterProxy.java:362) ~[spring-web-6.2.6.jar:6.2.6]
	at org.springframework.web.filter.DelegatingFilterProxy.doFilter(DelegatingFilterProxy.java:278) ~[spring-web-6.2.6.jar:6.2.6]
	at org.apache.catalina.core.ApplicationFilterChain.internalDoFilter(ApplicationFilterChain.java:164) ~[tomcat-embed-core-10.1.40.jar:10.1.40]
	at org.apache.catalina.core.ApplicationFilterChain.doFilter(ApplicationFilterChain.java:140) ~[tomcat-embed-core-10.1.40.jar:10.1.40]
	at org.springframework.web.filter.RequestContextFilter.doFilterInternal(RequestContextFilter.java:100) ~[spring-web-6.2.6.jar:6.2.6]
	at org.springframework.web.filter.OncePerRequestFilter.doFilter(OncePerRequestFilter.java:116) ~[spring-web-6.2.6.jar:6.2.6]
	at org.apache.catalina.core.ApplicationFilterChain.internalDoFilter(ApplicationFilterChain.java:164) ~[tomcat-embed-core-10.1.40.jar:10.1.40]
	at org.apache.catalina.core.ApplicationFilterChain.doFilter(ApplicationFilterChain.java:140) ~[tomcat-embed-core-10.1.40.jar:10.1.40]
	at org.springframework.web.filter.FormContentFilter.doFilterInternal(FormContentFilter.java:93) ~[spring-web-6.2.6.jar:6.2.6]
	at org.springframework.web.filter.OncePerRequestFilter.doFilter(OncePerRequestFilter.java:116) ~[spring-web-6.2.6.jar:6.2.6]
	at org.apache.catalina.core.ApplicationFilterChain.internalDoFilter(ApplicationFilterChain.java:164) ~[tomcat-embed-core-10.1.40.jar:10.1.40]
	at org.apache.catalina.core.ApplicationFilterChain.doFilter(ApplicationFilterChain.java:140) ~[tomcat-embed-core-10.1.40.jar:10.1.40]
	at org.springframework.web.filter.CharacterEncodingFilter.doFilterInternal(CharacterEncodingFilter.java:201) ~[spring-web-6.2.6.jar:6.2.6]
	at org.springframework.web.filter.OncePerRequestFilter.doFilter(OncePerRequestFilter.java:116) ~[spring-web-6.2.6.jar:6.2.6]
	at org.apache.catalina.core.ApplicationFilterChain.internalDoFilter(ApplicationFilterChain.java:164) ~[tomcat-embed-core-10.1.40.jar:10.1.40]
	at org.apache.catalina.core.ApplicationFilterChain.doFilter(ApplicationFilterChain.java:140) ~[tomcat-embed-core-10.1.40.jar:10.1.40]
	at org.apache.catalina.core.StandardWrapperValve.invoke(StandardWrapperValve.java:167) ~[tomcat-embed-core-10.1.40.jar:10.1.40]
	at org.apache.catalina.core.StandardContextValve.invoke(StandardContextValve.java:90) ~[tomcat-embed-core-10.1.40.jar:10.1.40]
	at org.apache.catalina.authenticator.AuthenticatorBase.invoke(AuthenticatorBase.java:483) ~[tomcat-embed-core-10.1.40.jar:10.1.40]
	at org.apache.catalina.core.StandardHostValve.invoke(StandardHostValve.java:116) ~[tomcat-embed-core-10.1.40.jar:10.1.40]
	at org.apache.catalina.valves.ErrorReportValve.invoke(ErrorReportValve.java:93) ~[tomcat-embed-core-10.1.40.jar:10.1.40]
	at org.apache.catalina.core.StandardEngineValve.invoke(StandardEngineValve.java:74) ~[tomcat-embed-core-10.1.40.jar:10.1.40]
	at org.apache.catalina.connector.CoyoteAdapter.service(CoyoteAdapter.java:344) ~[tomcat-embed-core-10.1.40.jar:10.1.40]
	at org.apache.coyote.http11.Http11Processor.service(Http11Processor.java:398) ~[tomcat-embed-core-10.1.40.jar:10.1.40]
	at org.apache.coyote.AbstractProcessorLight.process(AbstractProcessorLight.java:63) ~[tomcat-embed-core-10.1.40.jar:10.1.40]
	at org.apache.coyote.AbstractProtocol$ConnectionHandler.process(AbstractProtocol.java:903) ~[tomcat-embed-core-10.1.40.jar:10.1.40]
	at org.apache.tomcat.util.net.NioEndpoint$SocketProcessor.doRun(NioEndpoint.java:1740) ~[tomcat-embed-core-10.1.40.jar:10.1.40]
	at org.apache.tomcat.util.net.SocketProcessorBase.run(SocketProcessorBase.java:52) ~[tomcat-embed-core-10.1.40.jar:10.1.40]
	at org.apache.tomcat.util.threads.ThreadPoolExecutor.runWorker(ThreadPoolExecutor.java:1189) ~[tomcat-embed-core-10.1.40.jar:10.1.40]
	at org.apache.tomcat.util.threads.ThreadPoolExecutor$Worker.run(ThreadPoolExecutor.java:658) ~[tomcat-embed-core-10.1.40.jar:10.1.40]
	at org.apache.tomcat.util.threads.TaskThread$WrappingRunnable.run(TaskThread.java:63) ~[tomcat-embed-core-10.1.40.jar:10.1.40]
	at java.base/java.lang.Thread.run(Thread.java:1516) ~[na:na]

2026-05-20T16:38:53.823-04:00 DEBUG 34460 --- [health-service] [http-nio-8085-exec-10] o.s.w.s.m.m.a.HttpEntityMethodProcessor  : Using 'application/json', given [*/*] and supported [application/json, application/*+json]
2026-05-20T16:38:53.839-04:00 DEBUG 34460 --- [health-service] [http-nio-8085-exec-10] o.s.w.s.m.m.a.HttpEntityMethodProcessor  : Writing [ErrorResponse[timestamp=2026-05-20T16:38:53.806124500, status=500, error=Internal Server Error, mess (truncated)...]
2026-05-20T16:38:53.853-04:00  WARN 34460 --- [health-service] [http-nio-8085-exec-10] .m.m.a.ExceptionHandlerExceptionResolver : Resolved [org.springframework.web.servlet.resource.NoResourceFoundException: No static resource health.]
2026-05-20T16:38:53.854-04:00 DEBUG 34460 --- [health-service] [http-nio-8085-exec-10] o.s.web.servlet.DispatcherServlet        : Completed 500 INTERNAL_SERVER_ERROR
2026-05-20T16:38:53.926-04:00 DEBUG 34460 --- [health-service] [pool-2-thread-2] c.a.h.client.UserServiceClient           : [UserServiceClient#getUserAuthByEmail] ---> GET http://localhost:8081/user-app/users/by-email/admin%40empresa.com/auth HTTP/1.1
2026-05-20T16:38:54.054-04:00 DEBUG 34460 --- [health-service] [pool-2-thread-2] c.a.h.client.UserServiceClient           : [UserServiceClient#getUserAuthByEmail] <--- HTTP/1.1 200 (130ms)
2026-05-20T16:38:54.054-04:00 DEBUG 34460 --- [health-service] [pool-2-thread-2] o.s.w.c.HttpMessageConverterExtractor    : Reading to [com.adoptapp.sharedkernel.dto.UserAuthResponse]
2026-05-20T16:38:54.172-04:00 DEBUG 34460 --- [health-service] [http-nio-8085-exec-1] o.s.web.servlet.DispatcherServlet        : GET "/health-app/health/by-id/", parameters={}
2026-05-20T16:38:54.172-04:00 DEBUG 34460 --- [health-service] [http-nio-8085-exec-1] o.s.w.s.handler.SimpleUrlHandlerMapping  : Mapped to ResourceHttpRequestHandler [classpath [META-INF/resources/], classpath [resources/], classpath [static/], classpath [public/], ServletContext [/]]
2026-05-20T16:38:54.187-04:00 DEBUG 34460 --- [health-service] [http-nio-8085-exec-1] o.s.w.s.r.ResourceHttpRequestHandler     : Resource not found
2026-05-20T16:38:54.187-04:00 DEBUG 34460 --- [health-service] [http-nio-8085-exec-1] .m.m.a.ExceptionHandlerExceptionResolver : Using @ExceptionHandler com.adoptapp.healthservice.exception.GlobalExceptionHandler#handleGeneric(Exception, HttpServletRequest)
2026-05-20T16:38:54.187-04:00 ERROR 34460 --- [health-service] [http-nio-8085-exec-1] c.a.h.exception.GlobalExceptionHandler   : Error interno no manejado en /health-app/health/by-id/: No static resource health/by-id.

org.springframework.web.servlet.resource.NoResourceFoundException: No static resource health/by-id.
	at org.springframework.web.servlet.resource.ResourceHttpRequestHandler.handleRequest(ResourceHttpRequestHandler.java:585) ~[spring-webmvc-6.2.6.jar:6.2.6]
	at org.springframework.web.servlet.mvc.HttpRequestHandlerAdapter.handle(HttpRequestHandlerAdapter.java:52) ~[spring-webmvc-6.2.6.jar:6.2.6]
	at org.springframework.web.servlet.DispatcherServlet.doDispatch(DispatcherServlet.java:1089) ~[spring-webmvc-6.2.6.jar:6.2.6]
	at org.springframework.web.servlet.DispatcherServlet.doService(DispatcherServlet.java:979) ~[spring-webmvc-6.2.6.jar:6.2.6]
	at org.springframework.web.servlet.FrameworkServlet.processRequest(FrameworkServlet.java:1014) ~[spring-webmvc-6.2.6.jar:6.2.6]
	at org.springframework.web.servlet.FrameworkServlet.doGet(FrameworkServlet.java:903) ~[spring-webmvc-6.2.6.jar:6.2.6]
	at jakarta.servlet.http.HttpServlet.service(HttpServlet.java:564) ~[tomcat-embed-core-10.1.40.jar:6.0]
	at org.springframework.web.servlet.FrameworkServlet.service(FrameworkServlet.java:885) ~[spring-webmvc-6.2.6.jar:6.2.6]
	at jakarta.servlet.http.HttpServlet.service(HttpServlet.java:658) ~[tomcat-embed-core-10.1.40.jar:6.0]
	at org.apache.catalina.core.ApplicationFilterChain.internalDoFilter(ApplicationFilterChain.java:195) ~[tomcat-embed-core-10.1.40.jar:10.1.40]
	at org.apache.catalina.core.ApplicationFilterChain.doFilter(ApplicationFilterChain.java:140) ~[tomcat-embed-core-10.1.40.jar:10.1.40]
	at org.apache.tomcat.websocket.server.WsFilter.doFilter(WsFilter.java:51) ~[tomcat-embed-websocket-10.1.40.jar:10.1.40]
	at org.apache.catalina.core.ApplicationFilterChain.internalDoFilter(ApplicationFilterChain.java:164) ~[tomcat-embed-core-10.1.40.jar:10.1.40]
	at org.apache.catalina.core.ApplicationFilterChain.doFilter(ApplicationFilterChain.java:140) ~[tomcat-embed-core-10.1.40.jar:10.1.40]
	at org.springframework.web.filter.CompositeFilter$VirtualFilterChain.doFilter(CompositeFilter.java:108) ~[spring-web-6.2.6.jar:6.2.6]
	at org.springframework.security.web.FilterChainProxy.lambda$doFilterInternal$3(FilterChainProxy.java:231) ~[spring-security-web-6.4.5.jar:6.4.5]
	at org.springframework.security.web.FilterChainProxy$VirtualFilterChain.doFilter(FilterChainProxy.java:365) ~[spring-security-web-6.4.5.jar:6.4.5]
	at org.springframework.security.web.access.intercept.AuthorizationFilter.doFilter(AuthorizationFilter.java:101) ~[spring-security-web-6.4.5.jar:6.4.5]
	at org.springframework.security.web.FilterChainProxy$VirtualFilterChain.doFilter(FilterChainProxy.java:374) ~[spring-security-web-6.4.5.jar:6.4.5]
	at org.springframework.security.web.access.ExceptionTranslationFilter.doFilter(ExceptionTranslationFilter.java:126) ~[spring-security-web-6.4.5.jar:6.4.5]
	at org.springframework.security.web.access.ExceptionTranslationFilter.doFilter(ExceptionTranslationFilter.java:120) ~[spring-security-web-6.4.5.jar:6.4.5]
	at org.springframework.security.web.FilterChainProxy$VirtualFilterChain.doFilter(FilterChainProxy.java:374) ~[spring-security-web-6.4.5.jar:6.4.5]
	at org.springframework.security.web.session.SessionManagementFilter.doFilter(SessionManagementFilter.java:131) ~[spring-security-web-6.4.5.jar:6.4.5]
	at org.springframework.security.web.session.SessionManagementFilter.doFilter(SessionManagementFilter.java:85) ~[spring-security-web-6.4.5.jar:6.4.5]
	at org.springframework.security.web.FilterChainProxy$VirtualFilterChain.doFilter(FilterChainProxy.java:374) ~[spring-security-web-6.4.5.jar:6.4.5]
	at org.springframework.security.web.authentication.AnonymousAuthenticationFilter.doFilter(AnonymousAuthenticationFilter.java:100) ~[spring-security-web-6.4.5.jar:6.4.5]
	at org.springframework.security.web.FilterChainProxy$VirtualFilterChain.doFilter(FilterChainProxy.java:374) ~[spring-security-web-6.4.5.jar:6.4.5]
	at org.springframework.security.web.servletapi.SecurityContextHolderAwareRequestFilter.doFilter(SecurityContextHolderAwareRequestFilter.java:179) ~[spring-security-web-6.4.5.jar:6.4.5]
	at org.springframework.security.web.FilterChainProxy$VirtualFilterChain.doFilter(FilterChainProxy.java:374) ~[spring-security-web-6.4.5.jar:6.4.5]
	at org.springframework.security.web.savedrequest.RequestCacheAwareFilter.doFilter(RequestCacheAwareFilter.java:63) ~[spring-security-web-6.4.5.jar:6.4.5]
	at org.springframework.security.web.FilterChainProxy$VirtualFilterChain.doFilter(FilterChainProxy.java:374) ~[spring-security-web-6.4.5.jar:6.4.5]
	at org.springframework.security.web.authentication.www.BasicAuthenticationFilter.doFilterInternal(BasicAuthenticationFilter.java:213) ~[spring-security-web-6.4.5.jar:6.4.5]
	at org.springframework.web.filter.OncePerRequestFilter.doFilter(OncePerRequestFilter.java:116) ~[spring-web-6.2.6.jar:6.2.6]
	at org.springframework.security.web.FilterChainProxy$VirtualFilterChain.doFilter(FilterChainProxy.java:374) ~[spring-security-web-6.4.5.jar:6.4.5]
	at org.springframework.security.web.authentication.logout.LogoutFilter.doFilter(LogoutFilter.java:107) ~[spring-security-web-6.4.5.jar:6.4.5]
	at org.springframework.security.web.authentication.logout.LogoutFilter.doFilter(LogoutFilter.java:93) ~[spring-security-web-6.4.5.jar:6.4.5]
	at org.springframework.security.web.FilterChainProxy$VirtualFilterChain.doFilter(FilterChainProxy.java:374) ~[spring-security-web-6.4.5.jar:6.4.5]
	at org.springframework.security.web.header.HeaderWriterFilter.doHeadersAfter(HeaderWriterFilter.java:90) ~[spring-security-web-6.4.5.jar:6.4.5]
	at org.springframework.security.web.header.HeaderWriterFilter.doFilterInternal(HeaderWriterFilter.java:75) ~[spring-security-web-6.4.5.jar:6.4.5]
	at org.springframework.web.filter.OncePerRequestFilter.doFilter(OncePerRequestFilter.java:116) ~[spring-web-6.2.6.jar:6.2.6]
	at org.springframework.security.web.FilterChainProxy$VirtualFilterChain.doFilter(FilterChainProxy.java:374) ~[spring-security-web-6.4.5.jar:6.4.5]
	at org.springframework.security.web.context.SecurityContextHolderFilter.doFilter(SecurityContextHolderFilter.java:82) ~[spring-security-web-6.4.5.jar:6.4.5]
	at org.springframework.security.web.context.SecurityContextHolderFilter.doFilter(SecurityContextHolderFilter.java:69) ~[spring-security-web-6.4.5.jar:6.4.5]
	at org.springframework.security.web.FilterChainProxy$VirtualFilterChain.doFilter(FilterChainProxy.java:374) ~[spring-security-web-6.4.5.jar:6.4.5]
	at org.springframework.security.web.context.request.async.WebAsyncManagerIntegrationFilter.doFilterInternal(WebAsyncManagerIntegrationFilter.java:62) ~[spring-security-web-6.4.5.jar:6.4.5]
	at org.springframework.web.filter.OncePerRequestFilter.doFilter(OncePerRequestFilter.java:116) ~[spring-web-6.2.6.jar:6.2.6]
	at org.springframework.security.web.FilterChainProxy$VirtualFilterChain.doFilter(FilterChainProxy.java:374) ~[spring-security-web-6.4.5.jar:6.4.5]
	at org.springframework.security.web.session.DisableEncodeUrlFilter.doFilterInternal(DisableEncodeUrlFilter.java:42) ~[spring-security-web-6.4.5.jar:6.4.5]
	at org.springframework.web.filter.OncePerRequestFilter.doFilter(OncePerRequestFilter.java:116) ~[spring-web-6.2.6.jar:6.2.6]
	at org.springframework.security.web.FilterChainProxy$VirtualFilterChain.doFilter(FilterChainProxy.java:374) ~[spring-security-web-6.4.5.jar:6.4.5]
	at org.springframework.security.web.FilterChainProxy.doFilterInternal(FilterChainProxy.java:233) ~[spring-security-web-6.4.5.jar:6.4.5]
	at org.springframework.security.web.FilterChainProxy.doFilter(FilterChainProxy.java:191) ~[spring-security-web-6.4.5.jar:6.4.5]
	at org.springframework.web.filter.CompositeFilter$VirtualFilterChain.doFilter(CompositeFilter.java:113) ~[spring-web-6.2.6.jar:6.2.6]
	at org.springframework.web.servlet.handler.HandlerMappingIntrospector.lambda$createCacheFilter$3(HandlerMappingIntrospector.java:243) ~[spring-webmvc-6.2.6.jar:6.2.6]
	at org.springframework.web.filter.CompositeFilter$VirtualFilterChain.doFilter(CompositeFilter.java:113) ~[spring-web-6.2.6.jar:6.2.6]
	at org.springframework.web.filter.CompositeFilter.doFilter(CompositeFilter.java:74) ~[spring-web-6.2.6.jar:6.2.6]
	at org.springframework.security.config.annotation.web.configuration.WebMvcSecurityConfiguration$CompositeFilterChainProxy.doFilter(WebMvcSecurityConfiguration.java:238) ~[spring-security-config-6.4.5.jar:6.4.5]
	at org.springframework.web.filter.DelegatingFilterProxy.invokeDelegate(DelegatingFilterProxy.java:362) ~[spring-web-6.2.6.jar:6.2.6]
	at org.springframework.web.filter.DelegatingFilterProxy.doFilter(DelegatingFilterProxy.java:278) ~[spring-web-6.2.6.jar:6.2.6]
	at org.apache.catalina.core.ApplicationFilterChain.internalDoFilter(ApplicationFilterChain.java:164) ~[tomcat-embed-core-10.1.40.jar:10.1.40]
	at org.apache.catalina.core.ApplicationFilterChain.doFilter(ApplicationFilterChain.java:140) ~[tomcat-embed-core-10.1.40.jar:10.1.40]
	at org.springframework.web.filter.RequestContextFilter.doFilterInternal(RequestContextFilter.java:100) ~[spring-web-6.2.6.jar:6.2.6]
	at org.springframework.web.filter.OncePerRequestFilter.doFilter(OncePerRequestFilter.java:116) ~[spring-web-6.2.6.jar:6.2.6]
	at org.apache.catalina.core.ApplicationFilterChain.internalDoFilter(ApplicationFilterChain.java:164) ~[tomcat-embed-core-10.1.40.jar:10.1.40]
	at org.apache.catalina.core.ApplicationFilterChain.doFilter(ApplicationFilterChain.java:140) ~[tomcat-embed-core-10.1.40.jar:10.1.40]
	at org.springframework.web.filter.FormContentFilter.doFilterInternal(FormContentFilter.java:93) ~[spring-web-6.2.6.jar:6.2.6]
	at org.springframework.web.filter.OncePerRequestFilter.doFilter(OncePerRequestFilter.java:116) ~[spring-web-6.2.6.jar:6.2.6]
	at org.apache.catalina.core.ApplicationFilterChain.internalDoFilter(ApplicationFilterChain.java:164) ~[tomcat-embed-core-10.1.40.jar:10.1.40]
	at org.apache.catalina.core.ApplicationFilterChain.doFilter(ApplicationFilterChain.java:140) ~[tomcat-embed-core-10.1.40.jar:10.1.40]
	at org.springframework.web.filter.CharacterEncodingFilter.doFilterInternal(CharacterEncodingFilter.java:201) ~[spring-web-6.2.6.jar:6.2.6]
	at org.springframework.web.filter.OncePerRequestFilter.doFilter(OncePerRequestFilter.java:116) ~[spring-web-6.2.6.jar:6.2.6]
	at org.apache.catalina.core.ApplicationFilterChain.internalDoFilter(ApplicationFilterChain.java:164) ~[tomcat-embed-core-10.1.40.jar:10.1.40]
	at org.apache.catalina.core.ApplicationFilterChain.doFilter(ApplicationFilterChain.java:140) ~[tomcat-embed-core-10.1.40.jar:10.1.40]
	at org.apache.catalina.core.StandardWrapperValve.invoke(StandardWrapperValve.java:167) ~[tomcat-embed-core-10.1.40.jar:10.1.40]
	at org.apache.catalina.core.StandardContextValve.invoke(StandardContextValve.java:90) ~[tomcat-embed-core-10.1.40.jar:10.1.40]
	at org.apache.catalina.authenticator.AuthenticatorBase.invoke(AuthenticatorBase.java:483) ~[tomcat-embed-core-10.1.40.jar:10.1.40]
	at org.apache.catalina.core.StandardHostValve.invoke(StandardHostValve.java:116) ~[tomcat-embed-core-10.1.40.jar:10.1.40]
	at org.apache.catalina.valves.ErrorReportValve.invoke(ErrorReportValve.java:93) ~[tomcat-embed-core-10.1.40.jar:10.1.40]
	at org.apache.catalina.core.StandardEngineValve.invoke(StandardEngineValve.java:74) ~[tomcat-embed-core-10.1.40.jar:10.1.40]
	at org.apache.catalina.connector.CoyoteAdapter.service(CoyoteAdapter.java:344) ~[tomcat-embed-core-10.1.40.jar:10.1.40]
	at org.apache.coyote.http11.Http11Processor.service(Http11Processor.java:398) ~[tomcat-embed-core-10.1.40.jar:10.1.40]
	at org.apache.coyote.AbstractProcessorLight.process(AbstractProcessorLight.java:63) ~[tomcat-embed-core-10.1.40.jar:10.1.40]
	at org.apache.coyote.AbstractProtocol$ConnectionHandler.process(AbstractProtocol.java:903) ~[tomcat-embed-core-10.1.40.jar:10.1.40]
	at org.apache.tomcat.util.net.NioEndpoint$SocketProcessor.doRun(NioEndpoint.java:1740) ~[tomcat-embed-core-10.1.40.jar:10.1.40]
	at org.apache.tomcat.util.net.SocketProcessorBase.run(SocketProcessorBase.java:52) ~[tomcat-embed-core-10.1.40.jar:10.1.40]
	at org.apache.tomcat.util.threads.ThreadPoolExecutor.runWorker(ThreadPoolExecutor.java:1189) ~[tomcat-embed-core-10.1.40.jar:10.1.40]
	at org.apache.tomcat.util.threads.ThreadPoolExecutor$Worker.run(ThreadPoolExecutor.java:658) ~[tomcat-embed-core-10.1.40.jar:10.1.40]
	at org.apache.tomcat.util.threads.TaskThread$WrappingRunnable.run(TaskThread.java:63) ~[tomcat-embed-core-10.1.40.jar:10.1.40]
	at java.base/java.lang.Thread.run(Thread.java:1516) ~[na:na]

2026-05-20T16:38:54.187-04:00 DEBUG 34460 --- [health-service] [http-nio-8085-exec-1] o.s.w.s.m.m.a.HttpEntityMethodProcessor  : Using 'application/json', given [*/*] and supported [application/json, application/*+json]
2026-05-20T16:38:54.187-04:00 DEBUG 34460 --- [health-service] [http-nio-8085-exec-1] o.s.w.s.m.m.a.HttpEntityMethodProcessor  : Writing [ErrorResponse[timestamp=2026-05-20T16:38:54.187832600, status=500, error=Internal Server Error, mess (truncated)...]
2026-05-20T16:38:54.187-04:00  WARN 34460 --- [health-service] [http-nio-8085-exec-1] .m.m.a.ExceptionHandlerExceptionResolver : Resolved [org.springframework.web.servlet.resource.NoResourceFoundException: No static resource health/by-id.]
2026-05-20T16:38:54.187-04:00 DEBUG 34460 --- [health-service] [http-nio-8085-exec-1] o.s.web.servlet.DispatcherServlet        : Completed 500 INTERNAL_SERVER_ERROR
2026-05-20T16:38:54.308-04:00 DEBUG 34460 --- [health-service] [pool-2-thread-2] c.a.h.client.UserServiceClient           : [UserServiceClient#getUserAuthByEmail] ---> GET http://localhost:8081/user-app/users/by-email/admin%40empresa.com/auth HTTP/1.1
2026-05-20T16:38:54.423-04:00 DEBUG 34460 --- [health-service] [pool-2-thread-2] c.a.h.client.UserServiceClient           : [UserServiceClient#getUserAuthByEmail] <--- HTTP/1.1 200 (117ms)
2026-05-20T16:38:54.423-04:00 DEBUG 34460 --- [health-service] [pool-2-thread-2] o.s.w.c.HttpMessageConverterExtractor    : Reading to [com.adoptapp.sharedkernel.dto.UserAuthResponse]
2026-05-20T16:38:54.540-04:00 DEBUG 34460 --- [health-service] [http-nio-8085-exec-5] o.s.web.servlet.DispatcherServlet        : POST "/health-app/health", parameters={}
2026-05-20T16:38:54.540-04:00 DEBUG 34460 --- [health-service] [http-nio-8085-exec-5] s.w.s.m.m.a.RequestMappingHandlerMapping : Mapped to com.adoptapp.healthservice.controller.HealthController#createForm(HealthRequest)
2026-05-20T16:38:54.571-04:00 DEBUG 34460 --- [health-service] [http-nio-8085-exec-5] o.s.web.method.HandlerMethod             : Could not resolve parameter [0] in public org.springframework.http.ResponseEntity<com.adoptapp.healthservice.dto.HealthResponse> com.adoptapp.healthservice.controller.HealthController.createForm(com.adoptapp.healthservice.dto.HealthRequest): JSON parse error: Unexpected character (',' (code 44)): expected a value
2026-05-20T16:38:54.572-04:00 DEBUG 34460 --- [health-service] [http-nio-8085-exec-5] .m.m.a.ExceptionHandlerExceptionResolver : Using @ExceptionHandler com.adoptapp.healthservice.exception.GlobalExceptionHandler#handleGeneric(Exception, HttpServletRequest)
2026-05-20T16:38:54.572-04:00 ERROR 34460 --- [health-service] [http-nio-8085-exec-5] c.a.h.exception.GlobalExceptionHandler   : Error interno no manejado en /health-app/health: JSON parse error: Unexpected character (',' (code 44)): expected a value

org.springframework.http.converter.HttpMessageNotReadableException: JSON parse error: Unexpected character (',' (code 44)): expected a value
	at org.springframework.http.converter.json.AbstractJackson2HttpMessageConverter.readJavaType(AbstractJackson2HttpMessageConverter.java:409) ~[spring-web-6.2.6.jar:6.2.6]
	at org.springframework.http.converter.json.AbstractJackson2HttpMessageConverter.read(AbstractJackson2HttpMessageConverter.java:357) ~[spring-web-6.2.6.jar:6.2.6]
	at org.springframework.web.servlet.mvc.method.annotation.AbstractMessageConverterMethodArgumentResolver.readWithMessageConverters(AbstractMessageConverterMethodArgumentResolver.java:204) ~[spring-webmvc-6.2.6.jar:6.2.6]
	at org.springframework.web.servlet.mvc.method.annotation.RequestResponseBodyMethodProcessor.readWithMessageConverters(RequestResponseBodyMethodProcessor.java:176) ~[spring-webmvc-6.2.6.jar:6.2.6]
	at org.springframework.web.servlet.mvc.method.annotation.RequestResponseBodyMethodProcessor.resolveArgument(RequestResponseBodyMethodProcessor.java:150) ~[spring-webmvc-6.2.6.jar:6.2.6]
	at org.springframework.web.method.support.HandlerMethodArgumentResolverComposite.resolveArgument(HandlerMethodArgumentResolverComposite.java:122) ~[spring-web-6.2.6.jar:6.2.6]
	at org.springframework.web.method.support.InvocableHandlerMethod.getMethodArgumentValues(InvocableHandlerMethod.java:227) ~[spring-web-6.2.6.jar:6.2.6]
	at org.springframework.web.method.support.InvocableHandlerMethod.invokeForRequest(InvocableHandlerMethod.java:181) ~[spring-web-6.2.6.jar:6.2.6]
	at org.springframework.web.servlet.mvc.method.annotation.ServletInvocableHandlerMethod.invokeAndHandle(ServletInvocableHandlerMethod.java:118) ~[spring-webmvc-6.2.6.jar:6.2.6]
	at org.springframework.web.servlet.mvc.method.annotation.RequestMappingHandlerAdapter.invokeHandlerMethod(RequestMappingHandlerAdapter.java:986) ~[spring-webmvc-6.2.6.jar:6.2.6]
	at org.springframework.web.servlet.mvc.method.annotation.RequestMappingHandlerAdapter.handleInternal(RequestMappingHandlerAdapter.java:891) ~[spring-webmvc-6.2.6.jar:6.2.6]
	at org.springframework.web.servlet.mvc.method.AbstractHandlerMethodAdapter.handle(AbstractHandlerMethodAdapter.java:87) ~[spring-webmvc-6.2.6.jar:6.2.6]
	at org.springframework.web.servlet.DispatcherServlet.doDispatch(DispatcherServlet.java:1089) ~[spring-webmvc-6.2.6.jar:6.2.6]
	at org.springframework.web.servlet.DispatcherServlet.doService(DispatcherServlet.java:979) ~[spring-webmvc-6.2.6.jar:6.2.6]
	at org.springframework.web.servlet.FrameworkServlet.processRequest(FrameworkServlet.java:1014) ~[spring-webmvc-6.2.6.jar:6.2.6]
	at org.springframework.web.servlet.FrameworkServlet.doPost(FrameworkServlet.java:914) ~[spring-webmvc-6.2.6.jar:6.2.6]
	at jakarta.servlet.http.HttpServlet.service(HttpServlet.java:590) ~[tomcat-embed-core-10.1.40.jar:6.0]
	at org.springframework.web.servlet.FrameworkServlet.service(FrameworkServlet.java:885) ~[spring-webmvc-6.2.6.jar:6.2.6]
	at jakarta.servlet.http.HttpServlet.service(HttpServlet.java:658) ~[tomcat-embed-core-10.1.40.jar:6.0]
	at org.apache.catalina.core.ApplicationFilterChain.internalDoFilter(ApplicationFilterChain.java:195) ~[tomcat-embed-core-10.1.40.jar:10.1.40]
	at org.apache.catalina.core.ApplicationFilterChain.doFilter(ApplicationFilterChain.java:140) ~[tomcat-embed-core-10.1.40.jar:10.1.40]
	at org.apache.tomcat.websocket.server.WsFilter.doFilter(WsFilter.java:51) ~[tomcat-embed-websocket-10.1.40.jar:10.1.40]
	at org.apache.catalina.core.ApplicationFilterChain.internalDoFilter(ApplicationFilterChain.java:164) ~[tomcat-embed-core-10.1.40.jar:10.1.40]
	at org.apache.catalina.core.ApplicationFilterChain.doFilter(ApplicationFilterChain.java:140) ~[tomcat-embed-core-10.1.40.jar:10.1.40]
	at org.springframework.web.filter.CompositeFilter$VirtualFilterChain.doFilter(CompositeFilter.java:108) ~[spring-web-6.2.6.jar:6.2.6]
	at org.springframework.security.web.FilterChainProxy.lambda$doFilterInternal$3(FilterChainProxy.java:231) ~[spring-security-web-6.4.5.jar:6.4.5]
	at org.springframework.security.web.FilterChainProxy$VirtualFilterChain.doFilter(FilterChainProxy.java:365) ~[spring-security-web-6.4.5.jar:6.4.5]
	at org.springframework.security.web.access.intercept.AuthorizationFilter.doFilter(AuthorizationFilter.java:101) ~[spring-security-web-6.4.5.jar:6.4.5]
	at org.springframework.security.web.FilterChainProxy$VirtualFilterChain.doFilter(FilterChainProxy.java:374) ~[spring-security-web-6.4.5.jar:6.4.5]
	at org.springframework.security.web.access.ExceptionTranslationFilter.doFilter(ExceptionTranslationFilter.java:126) ~[spring-security-web-6.4.5.jar:6.4.5]
	at org.springframework.security.web.access.ExceptionTranslationFilter.doFilter(ExceptionTranslationFilter.java:120) ~[spring-security-web-6.4.5.jar:6.4.5]
	at org.springframework.security.web.FilterChainProxy$VirtualFilterChain.doFilter(FilterChainProxy.java:374) ~[spring-security-web-6.4.5.jar:6.4.5]
	at org.springframework.security.web.session.SessionManagementFilter.doFilter(SessionManagementFilter.java:131) ~[spring-security-web-6.4.5.jar:6.4.5]
	at org.springframework.security.web.session.SessionManagementFilter.doFilter(SessionManagementFilter.java:85) ~[spring-security-web-6.4.5.jar:6.4.5]
	at org.springframework.security.web.FilterChainProxy$VirtualFilterChain.doFilter(FilterChainProxy.java:374) ~[spring-security-web-6.4.5.jar:6.4.5]
	at org.springframework.security.web.authentication.AnonymousAuthenticationFilter.doFilter(AnonymousAuthenticationFilter.java:100) ~[spring-security-web-6.4.5.jar:6.4.5]
	at org.springframework.security.web.FilterChainProxy$VirtualFilterChain.doFilter(FilterChainProxy.java:374) ~[spring-security-web-6.4.5.jar:6.4.5]
	at org.springframework.security.web.servletapi.SecurityContextHolderAwareRequestFilter.doFilter(SecurityContextHolderAwareRequestFilter.java:179) ~[spring-security-web-6.4.5.jar:6.4.5]
	at org.springframework.security.web.FilterChainProxy$VirtualFilterChain.doFilter(FilterChainProxy.java:374) ~[spring-security-web-6.4.5.jar:6.4.5]
	at org.springframework.security.web.savedrequest.RequestCacheAwareFilter.doFilter(RequestCacheAwareFilter.java:63) ~[spring-security-web-6.4.5.jar:6.4.5]
	at org.springframework.security.web.FilterChainProxy$VirtualFilterChain.doFilter(FilterChainProxy.java:374) ~[spring-security-web-6.4.5.jar:6.4.5]
	at org.springframework.security.web.authentication.www.BasicAuthenticationFilter.doFilterInternal(BasicAuthenticationFilter.java:213) ~[spring-security-web-6.4.5.jar:6.4.5]
	at org.springframework.web.filter.OncePerRequestFilter.doFilter(OncePerRequestFilter.java:116) ~[spring-web-6.2.6.jar:6.2.6]
	at org.springframework.security.web.FilterChainProxy$VirtualFilterChain.doFilter(FilterChainProxy.java:374) ~[spring-security-web-6.4.5.jar:6.4.5]
	at org.springframework.security.web.authentication.logout.LogoutFilter.doFilter(LogoutFilter.java:107) ~[spring-security-web-6.4.5.jar:6.4.5]
	at org.springframework.security.web.authentication.logout.LogoutFilter.doFilter(LogoutFilter.java:93) ~[spring-security-web-6.4.5.jar:6.4.5]
	at org.springframework.security.web.FilterChainProxy$VirtualFilterChain.doFilter(FilterChainProxy.java:374) ~[spring-security-web-6.4.5.jar:6.4.5]
	at org.springframework.security.web.header.HeaderWriterFilter.doHeadersAfter(HeaderWriterFilter.java:90) ~[spring-security-web-6.4.5.jar:6.4.5]
	at org.springframework.security.web.header.HeaderWriterFilter.doFilterInternal(HeaderWriterFilter.java:75) ~[spring-security-web-6.4.5.jar:6.4.5]
	at org.springframework.web.filter.OncePerRequestFilter.doFilter(OncePerRequestFilter.java:116) ~[spring-web-6.2.6.jar:6.2.6]
	at org.springframework.security.web.FilterChainProxy$VirtualFilterChain.doFilter(FilterChainProxy.java:374) ~[spring-security-web-6.4.5.jar:6.4.5]
	at org.springframework.security.web.context.SecurityContextHolderFilter.doFilter(SecurityContextHolderFilter.java:82) ~[spring-security-web-6.4.5.jar:6.4.5]
	at org.springframework.security.web.context.SecurityContextHolderFilter.doFilter(SecurityContextHolderFilter.java:69) ~[spring-security-web-6.4.5.jar:6.4.5]
	at org.springframework.security.web.FilterChainProxy$VirtualFilterChain.doFilter(FilterChainProxy.java:374) ~[spring-security-web-6.4.5.jar:6.4.5]
	at org.springframework.security.web.context.request.async.WebAsyncManagerIntegrationFilter.doFilterInternal(WebAsyncManagerIntegrationFilter.java:62) ~[spring-security-web-6.4.5.jar:6.4.5]
	at org.springframework.web.filter.OncePerRequestFilter.doFilter(OncePerRequestFilter.java:116) ~[spring-web-6.2.6.jar:6.2.6]
	at org.springframework.security.web.FilterChainProxy$VirtualFilterChain.doFilter(FilterChainProxy.java:374) ~[spring-security-web-6.4.5.jar:6.4.5]
	at org.springframework.security.web.session.DisableEncodeUrlFilter.doFilterInternal(DisableEncodeUrlFilter.java:42) ~[spring-security-web-6.4.5.jar:6.4.5]
	at org.springframework.web.filter.OncePerRequestFilter.doFilter(OncePerRequestFilter.java:116) ~[spring-web-6.2.6.jar:6.2.6]
	at org.springframework.security.web.FilterChainProxy$VirtualFilterChain.doFilter(FilterChainProxy.java:374) ~[spring-security-web-6.4.5.jar:6.4.5]
	at org.springframework.security.web.FilterChainProxy.doFilterInternal(FilterChainProxy.java:233) ~[spring-security-web-6.4.5.jar:6.4.5]
	at org.springframework.security.web.FilterChainProxy.doFilter(FilterChainProxy.java:191) ~[spring-security-web-6.4.5.jar:6.4.5]
	at org.springframework.web.filter.CompositeFilter$VirtualFilterChain.doFilter(CompositeFilter.java:113) ~[spring-web-6.2.6.jar:6.2.6]
	at org.springframework.web.servlet.handler.HandlerMappingIntrospector.lambda$createCacheFilter$3(HandlerMappingIntrospector.java:243) ~[spring-webmvc-6.2.6.jar:6.2.6]
	at org.springframework.web.filter.CompositeFilter$VirtualFilterChain.doFilter(CompositeFilter.java:113) ~[spring-web-6.2.6.jar:6.2.6]
	at org.springframework.web.filter.CompositeFilter.doFilter(CompositeFilter.java:74) ~[spring-web-6.2.6.jar:6.2.6]
	at org.springframework.security.config.annotation.web.configuration.WebMvcSecurityConfiguration$CompositeFilterChainProxy.doFilter(WebMvcSecurityConfiguration.java:238) ~[spring-security-config-6.4.5.jar:6.4.5]
	at org.springframework.web.filter.DelegatingFilterProxy.invokeDelegate(DelegatingFilterProxy.java:362) ~[spring-web-6.2.6.jar:6.2.6]
	at org.springframework.web.filter.DelegatingFilterProxy.doFilter(DelegatingFilterProxy.java:278) ~[spring-web-6.2.6.jar:6.2.6]
	at org.apache.catalina.core.ApplicationFilterChain.internalDoFilter(ApplicationFilterChain.java:164) ~[tomcat-embed-core-10.1.40.jar:10.1.40]
	at org.apache.catalina.core.ApplicationFilterChain.doFilter(ApplicationFilterChain.java:140) ~[tomcat-embed-core-10.1.40.jar:10.1.40]
	at org.springframework.web.filter.RequestContextFilter.doFilterInternal(RequestContextFilter.java:100) ~[spring-web-6.2.6.jar:6.2.6]
	at org.springframework.web.filter.OncePerRequestFilter.doFilter(OncePerRequestFilter.java:116) ~[spring-web-6.2.6.jar:6.2.6]
	at org.apache.catalina.core.ApplicationFilterChain.internalDoFilter(ApplicationFilterChain.java:164) ~[tomcat-embed-core-10.1.40.jar:10.1.40]
	at org.apache.catalina.core.ApplicationFilterChain.doFilter(ApplicationFilterChain.java:140) ~[tomcat-embed-core-10.1.40.jar:10.1.40]
	at org.springframework.web.filter.FormContentFilter.doFilterInternal(FormContentFilter.java:93) ~[spring-web-6.2.6.jar:6.2.6]
	at org.springframework.web.filter.OncePerRequestFilter.doFilter(OncePerRequestFilter.java:116) ~[spring-web-6.2.6.jar:6.2.6]
	at org.apache.catalina.core.ApplicationFilterChain.internalDoFilter(ApplicationFilterChain.java:164) ~[tomcat-embed-core-10.1.40.jar:10.1.40]
	at org.apache.catalina.core.ApplicationFilterChain.doFilter(ApplicationFilterChain.java:140) ~[tomcat-embed-core-10.1.40.jar:10.1.40]
	at org.springframework.web.filter.CharacterEncodingFilter.doFilterInternal(CharacterEncodingFilter.java:201) ~[spring-web-6.2.6.jar:6.2.6]
	at org.springframework.web.filter.OncePerRequestFilter.doFilter(OncePerRequestFilter.java:116) ~[spring-web-6.2.6.jar:6.2.6]
	at org.apache.catalina.core.ApplicationFilterChain.internalDoFilter(ApplicationFilterChain.java:164) ~[tomcat-embed-core-10.1.40.jar:10.1.40]
	at org.apache.catalina.core.ApplicationFilterChain.doFilter(ApplicationFilterChain.java:140) ~[tomcat-embed-core-10.1.40.jar:10.1.40]
	at org.apache.catalina.core.StandardWrapperValve.invoke(StandardWrapperValve.java:167) ~[tomcat-embed-core-10.1.40.jar:10.1.40]
	at org.apache.catalina.core.StandardContextValve.invoke(StandardContextValve.java:90) ~[tomcat-embed-core-10.1.40.jar:10.1.40]
	at org.apache.catalina.authenticator.AuthenticatorBase.invoke(AuthenticatorBase.java:483) ~[tomcat-embed-core-10.1.40.jar:10.1.40]
	at org.apache.catalina.core.StandardHostValve.invoke(StandardHostValve.java:116) ~[tomcat-embed-core-10.1.40.jar:10.1.40]
	at org.apache.catalina.valves.ErrorReportValve.invoke(ErrorReportValve.java:93) ~[tomcat-embed-core-10.1.40.jar:10.1.40]
	at org.apache.catalina.core.StandardEngineValve.invoke(StandardEngineValve.java:74) ~[tomcat-embed-core-10.1.40.jar:10.1.40]
	at org.apache.catalina.connector.CoyoteAdapter.service(CoyoteAdapter.java:344) ~[tomcat-embed-core-10.1.40.jar:10.1.40]
	at org.apache.coyote.http11.Http11Processor.service(Http11Processor.java:398) ~[tomcat-embed-core-10.1.40.jar:10.1.40]
	at org.apache.coyote.AbstractProcessorLight.process(AbstractProcessorLight.java:63) ~[tomcat-embed-core-10.1.40.jar:10.1.40]
	at org.apache.coyote.AbstractProtocol$ConnectionHandler.process(AbstractProtocol.java:903) ~[tomcat-embed-core-10.1.40.jar:10.1.40]
	at org.apache.tomcat.util.net.NioEndpoint$SocketProcessor.doRun(NioEndpoint.java:1740) ~[tomcat-embed-core-10.1.40.jar:10.1.40]
	at org.apache.tomcat.util.net.SocketProcessorBase.run(SocketProcessorBase.java:52) ~[tomcat-embed-core-10.1.40.jar:10.1.40]
	at org.apache.tomcat.util.threads.ThreadPoolExecutor.runWorker(ThreadPoolExecutor.java:1189) ~[tomcat-embed-core-10.1.40.jar:10.1.40]
	at org.apache.tomcat.util.threads.ThreadPoolExecutor$Worker.run(ThreadPoolExecutor.java:658) ~[tomcat-embed-core-10.1.40.jar:10.1.40]
	at org.apache.tomcat.util.threads.TaskThread$WrappingRunnable.run(TaskThread.java:63) ~[tomcat-embed-core-10.1.40.jar:10.1.40]
	at java.base/java.lang.Thread.run(Thread.java:1516) ~[na:na]
Caused by: com.fasterxml.jackson.core.JsonParseException: Unexpected character (',' (code 44)): expected a value
 at [Source: REDACTED (`StreamReadFeature.INCLUDE_SOURCE_IN_LOCATION` disabled); line: 3, column: 14]
	at com.fasterxml.jackson.core.JsonParser._constructReadException(JsonParser.java:2660) ~[jackson-core-2.18.3.jar:2.18.3]
	at com.fasterxml.jackson.core.base.ParserMinimalBase._reportUnexpectedChar(ParserMinimalBase.java:741) ~[jackson-core-2.18.3.jar:2.18.3]
	at com.fasterxml.jackson.core.json.UTF8StreamJsonParser._handleUnexpectedValue(UTF8StreamJsonParser.java:2719) ~[jackson-core-2.18.3.jar:2.18.3]
	at com.fasterxml.jackson.core.json.UTF8StreamJsonParser.nextToken(UTF8StreamJsonParser.java:818) ~[jackson-core-2.18.3.jar:2.18.3]
	at com.fasterxml.jackson.databind.deser.BeanDeserializer._deserializeUsingPropertyBased(BeanDeserializer.java:432) ~[jackson-databind-2.18.3.jar:2.18.3]
	at com.fasterxml.jackson.databind.deser.BeanDeserializerBase.deserializeFromObjectUsingNonDefault(BeanDeserializerBase.java:1497) ~[jackson-databind-2.18.3.jar:2.18.3]
	at com.fasterxml.jackson.databind.deser.BeanDeserializer.deserializeFromObject(BeanDeserializer.java:348) ~[jackson-databind-2.18.3.jar:2.18.3]
	at com.fasterxml.jackson.databind.deser.BeanDeserializer.deserialize(BeanDeserializer.java:185) ~[jackson-databind-2.18.3.jar:2.18.3]
	at com.fasterxml.jackson.databind.deser.DefaultDeserializationContext.readRootValue(DefaultDeserializationContext.java:342) ~[jackson-databind-2.18.3.jar:2.18.3]
	at com.fasterxml.jackson.databind.ObjectReader._bindAndClose(ObjectReader.java:2131) ~[jackson-databind-2.18.3.jar:2.18.3]
	at com.fasterxml.jackson.databind.ObjectReader.readValue(ObjectReader.java:1501) ~[jackson-databind-2.18.3.jar:2.18.3]
	at org.springframework.http.converter.json.AbstractJackson2HttpMessageConverter.readJavaType(AbstractJackson2HttpMessageConverter.java:398) ~[spring-web-6.2.6.jar:6.2.6]
	... 98 common frames omitted

2026-05-20T16:38:54.575-04:00 DEBUG 34460 --- [health-service] [http-nio-8085-exec-5] o.s.w.s.m.m.a.HttpEntityMethodProcessor  : Using 'application/json', given [*/*] and supported [application/json, application/*+json]
2026-05-20T16:38:54.575-04:00 DEBUG 34460 --- [health-service] [http-nio-8085-exec-5] o.s.w.s.m.m.a.HttpEntityMethodProcessor  : Writing [ErrorResponse[timestamp=2026-05-20T16:38:54.575371500, status=500, error=Internal Server Error, mess (truncated)...]
2026-05-20T16:38:54.575-04:00  WARN 34460 --- [health-service] [http-nio-8085-exec-5] .m.m.a.ExceptionHandlerExceptionResolver : Resolved [org.springframework.http.converter.HttpMessageNotReadableException: JSON parse error: Unexpected character (',' (code 44)): expected a value]
2026-05-20T16:38:54.575-04:00 DEBUG 34460 --- [health-service] [http-nio-8085-exec-5] o.s.web.servlet.DispatcherServlet        : Completed 500 INTERNAL_SERVER_ERROR
2026-05-20T16:38:54.652-04:00 DEBUG 34460 --- [health-service] [pool-2-thread-2] c.a.h.client.UserServiceClient           : [UserServiceClient#getUserAuthByEmail] ---> GET http://localhost:8081/user-app/users/by-email/admin%40empresa.com/auth HTTP/1.1
2026-05-20T16:38:54.776-04:00 DEBUG 34460 --- [health-service] [pool-2-thread-2] c.a.h.client.UserServiceClient           : [UserServiceClient#getUserAuthByEmail] <--- HTTP/1.1 200 (127ms)
2026-05-20T16:38:54.776-04:00 DEBUG 34460 --- [health-service] [pool-2-thread-2] o.s.w.c.HttpMessageConverterExtractor    : Reading to [com.adoptapp.sharedkernel.dto.UserAuthResponse]
2026-05-20T16:38:54.962-04:00 DEBUG 34460 --- [health-service] [http-nio-8085-exec-7] o.s.web.servlet.DispatcherServlet        : PUT "/health-app/health/by-id/", parameters={}
2026-05-20T16:38:54.963-04:00 DEBUG 34460 --- [health-service] [http-nio-8085-exec-7] o.s.w.s.handler.SimpleUrlHandlerMapping  : Mapped to ResourceHttpRequestHandler [classpath [META-INF/resources/], classpath [resources/], classpath [static/], classpath [public/], ServletContext [/]]
2026-05-20T16:38:54.965-04:00 DEBUG 34460 --- [health-service] [http-nio-8085-exec-7] o.s.w.s.r.ResourceHttpRequestHandler     : Resource not found
2026-05-20T16:38:54.966-04:00 DEBUG 34460 --- [health-service] [http-nio-8085-exec-7] .m.m.a.ExceptionHandlerExceptionResolver : Using @ExceptionHandler com.adoptapp.healthservice.exception.GlobalExceptionHandler#handleGeneric(Exception, HttpServletRequest)
2026-05-20T16:38:54.966-04:00 ERROR 34460 --- [health-service] [http-nio-8085-exec-7] c.a.h.exception.GlobalExceptionHandler   : Error interno no manejado en /health-app/health/by-id/: No static resource health/by-id.

org.springframework.web.servlet.resource.NoResourceFoundException: No static resource health/by-id.
	at org.springframework.web.servlet.resource.ResourceHttpRequestHandler.handleRequest(ResourceHttpRequestHandler.java:585) ~[spring-webmvc-6.2.6.jar:6.2.6]
	at org.springframework.web.servlet.mvc.HttpRequestHandlerAdapter.handle(HttpRequestHandlerAdapter.java:52) ~[spring-webmvc-6.2.6.jar:6.2.6]
	at org.springframework.web.servlet.DispatcherServlet.doDispatch(DispatcherServlet.java:1089) ~[spring-webmvc-6.2.6.jar:6.2.6]
	at org.springframework.web.servlet.DispatcherServlet.doService(DispatcherServlet.java:979) ~[spring-webmvc-6.2.6.jar:6.2.6]
	at org.springframework.web.servlet.FrameworkServlet.processRequest(FrameworkServlet.java:1014) ~[spring-webmvc-6.2.6.jar:6.2.6]
	at org.springframework.web.servlet.FrameworkServlet.doPut(FrameworkServlet.java:925) ~[spring-webmvc-6.2.6.jar:6.2.6]
	at jakarta.servlet.http.HttpServlet.service(HttpServlet.java:593) ~[tomcat-embed-core-10.1.40.jar:6.0]
	at org.springframework.web.servlet.FrameworkServlet.service(FrameworkServlet.java:885) ~[spring-webmvc-6.2.6.jar:6.2.6]
	at jakarta.servlet.http.HttpServlet.service(HttpServlet.java:658) ~[tomcat-embed-core-10.1.40.jar:6.0]
	at org.apache.catalina.core.ApplicationFilterChain.internalDoFilter(ApplicationFilterChain.java:195) ~[tomcat-embed-core-10.1.40.jar:10.1.40]
	at org.apache.catalina.core.ApplicationFilterChain.doFilter(ApplicationFilterChain.java:140) ~[tomcat-embed-core-10.1.40.jar:10.1.40]
	at org.apache.tomcat.websocket.server.WsFilter.doFilter(WsFilter.java:51) ~[tomcat-embed-websocket-10.1.40.jar:10.1.40]
	at org.apache.catalina.core.ApplicationFilterChain.internalDoFilter(ApplicationFilterChain.java:164) ~[tomcat-embed-core-10.1.40.jar:10.1.40]
	at org.apache.catalina.core.ApplicationFilterChain.doFilter(ApplicationFilterChain.java:140) ~[tomcat-embed-core-10.1.40.jar:10.1.40]
	at org.springframework.web.filter.CompositeFilter$VirtualFilterChain.doFilter(CompositeFilter.java:108) ~[spring-web-6.2.6.jar:6.2.6]
	at org.springframework.security.web.FilterChainProxy.lambda$doFilterInternal$3(FilterChainProxy.java:231) ~[spring-security-web-6.4.5.jar:6.4.5]
	at org.springframework.security.web.FilterChainProxy$VirtualFilterChain.doFilter(FilterChainProxy.java:365) ~[spring-security-web-6.4.5.jar:6.4.5]
	at org.springframework.security.web.access.intercept.AuthorizationFilter.doFilter(AuthorizationFilter.java:101) ~[spring-security-web-6.4.5.jar:6.4.5]
	at org.springframework.security.web.FilterChainProxy$VirtualFilterChain.doFilter(FilterChainProxy.java:374) ~[spring-security-web-6.4.5.jar:6.4.5]
	at org.springframework.security.web.access.ExceptionTranslationFilter.doFilter(ExceptionTranslationFilter.java:126) ~[spring-security-web-6.4.5.jar:6.4.5]
	at org.springframework.security.web.access.ExceptionTranslationFilter.doFilter(ExceptionTranslationFilter.java:120) ~[spring-security-web-6.4.5.jar:6.4.5]
	at org.springframework.security.web.FilterChainProxy$VirtualFilterChain.doFilter(FilterChainProxy.java:374) ~[spring-security-web-6.4.5.jar:6.4.5]
	at org.springframework.security.web.session.SessionManagementFilter.doFilter(SessionManagementFilter.java:131) ~[spring-security-web-6.4.5.jar:6.4.5]
	at org.springframework.security.web.session.SessionManagementFilter.doFilter(SessionManagementFilter.java:85) ~[spring-security-web-6.4.5.jar:6.4.5]
	at org.springframework.security.web.FilterChainProxy$VirtualFilterChain.doFilter(FilterChainProxy.java:374) ~[spring-security-web-6.4.5.jar:6.4.5]
	at org.springframework.security.web.authentication.AnonymousAuthenticationFilter.doFilter(AnonymousAuthenticationFilter.java:100) ~[spring-security-web-6.4.5.jar:6.4.5]
	at org.springframework.security.web.FilterChainProxy$VirtualFilterChain.doFilter(FilterChainProxy.java:374) ~[spring-security-web-6.4.5.jar:6.4.5]
	at org.springframework.security.web.servletapi.SecurityContextHolderAwareRequestFilter.doFilter(SecurityContextHolderAwareRequestFilter.java:179) ~[spring-security-web-6.4.5.jar:6.4.5]
	at org.springframework.security.web.FilterChainProxy$VirtualFilterChain.doFilter(FilterChainProxy.java:374) ~[spring-security-web-6.4.5.jar:6.4.5]
	at org.springframework.security.web.savedrequest.RequestCacheAwareFilter.doFilter(RequestCacheAwareFilter.java:63) ~[spring-security-web-6.4.5.jar:6.4.5]
	at org.springframework.security.web.FilterChainProxy$VirtualFilterChain.doFilter(FilterChainProxy.java:374) ~[spring-security-web-6.4.5.jar:6.4.5]
	at org.springframework.security.web.authentication.www.BasicAuthenticationFilter.doFilterInternal(BasicAuthenticationFilter.java:213) ~[spring-security-web-6.4.5.jar:6.4.5]
	at org.springframework.web.filter.OncePerRequestFilter.doFilter(OncePerRequestFilter.java:116) ~[spring-web-6.2.6.jar:6.2.6]
	at org.springframework.security.web.FilterChainProxy$VirtualFilterChain.doFilter(FilterChainProxy.java:374) ~[spring-security-web-6.4.5.jar:6.4.5]
	at org.springframework.security.web.authentication.logout.LogoutFilter.doFilter(LogoutFilter.java:107) ~[spring-security-web-6.4.5.jar:6.4.5]
	at org.springframework.security.web.authentication.logout.LogoutFilter.doFilter(LogoutFilter.java:93) ~[spring-security-web-6.4.5.jar:6.4.5]
	at org.springframework.security.web.FilterChainProxy$VirtualFilterChain.doFilter(FilterChainProxy.java:374) ~[spring-security-web-6.4.5.jar:6.4.5]
	at org.springframework.security.web.header.HeaderWriterFilter.doHeadersAfter(HeaderWriterFilter.java:90) ~[spring-security-web-6.4.5.jar:6.4.5]
	at org.springframework.security.web.header.HeaderWriterFilter.doFilterInternal(HeaderWriterFilter.java:75) ~[spring-security-web-6.4.5.jar:6.4.5]
	at org.springframework.web.filter.OncePerRequestFilter.doFilter(OncePerRequestFilter.java:116) ~[spring-web-6.2.6.jar:6.2.6]
	at org.springframework.security.web.FilterChainProxy$VirtualFilterChain.doFilter(FilterChainProxy.java:374) ~[spring-security-web-6.4.5.jar:6.4.5]
	at org.springframework.security.web.context.SecurityContextHolderFilter.doFilter(SecurityContextHolderFilter.java:82) ~[spring-security-web-6.4.5.jar:6.4.5]
	at org.springframework.security.web.context.SecurityContextHolderFilter.doFilter(SecurityContextHolderFilter.java:69) ~[spring-security-web-6.4.5.jar:6.4.5]
	at org.springframework.security.web.FilterChainProxy$VirtualFilterChain.doFilter(FilterChainProxy.java:374) ~[spring-security-web-6.4.5.jar:6.4.5]
	at org.springframework.security.web.context.request.async.WebAsyncManagerIntegrationFilter.doFilterInternal(WebAsyncManagerIntegrationFilter.java:62) ~[spring-security-web-6.4.5.jar:6.4.5]
	at org.springframework.web.filter.OncePerRequestFilter.doFilter(OncePerRequestFilter.java:116) ~[spring-web-6.2.6.jar:6.2.6]
	at org.springframework.security.web.FilterChainProxy$VirtualFilterChain.doFilter(FilterChainProxy.java:374) ~[spring-security-web-6.4.5.jar:6.4.5]
	at org.springframework.security.web.session.DisableEncodeUrlFilter.doFilterInternal(DisableEncodeUrlFilter.java:42) ~[spring-security-web-6.4.5.jar:6.4.5]
	at org.springframework.web.filter.OncePerRequestFilter.doFilter(OncePerRequestFilter.java:116) ~[spring-web-6.2.6.jar:6.2.6]
	at org.springframework.security.web.FilterChainProxy$VirtualFilterChain.doFilter(FilterChainProxy.java:374) ~[spring-security-web-6.4.5.jar:6.4.5]
	at org.springframework.security.web.FilterChainProxy.doFilterInternal(FilterChainProxy.java:233) ~[spring-security-web-6.4.5.jar:6.4.5]
	at org.springframework.security.web.FilterChainProxy.doFilter(FilterChainProxy.java:191) ~[spring-security-web-6.4.5.jar:6.4.5]
	at org.springframework.web.filter.CompositeFilter$VirtualFilterChain.doFilter(CompositeFilter.java:113) ~[spring-web-6.2.6.jar:6.2.6]
	at org.springframework.web.servlet.handler.HandlerMappingIntrospector.lambda$createCacheFilter$3(HandlerMappingIntrospector.java:243) ~[spring-webmvc-6.2.6.jar:6.2.6]
	at org.springframework.web.filter.CompositeFilter$VirtualFilterChain.doFilter(CompositeFilter.java:113) ~[spring-web-6.2.6.jar:6.2.6]
	at org.springframework.web.filter.CompositeFilter.doFilter(CompositeFilter.java:74) ~[spring-web-6.2.6.jar:6.2.6]
	at org.springframework.security.config.annotation.web.configuration.WebMvcSecurityConfiguration$CompositeFilterChainProxy.doFilter(WebMvcSecurityConfiguration.java:238) ~[spring-security-config-6.4.5.jar:6.4.5]
	at org.springframework.web.filter.DelegatingFilterProxy.invokeDelegate(DelegatingFilterProxy.java:362) ~[spring-web-6.2.6.jar:6.2.6]
	at org.springframework.web.filter.DelegatingFilterProxy.doFilter(DelegatingFilterProxy.java:278) ~[spring-web-6.2.6.jar:6.2.6]
	at org.apache.catalina.core.ApplicationFilterChain.internalDoFilter(ApplicationFilterChain.java:164) ~[tomcat-embed-core-10.1.40.jar:10.1.40]
	at org.apache.catalina.core.ApplicationFilterChain.doFilter(ApplicationFilterChain.java:140) ~[tomcat-embed-core-10.1.40.jar:10.1.40]
	at org.springframework.web.filter.RequestContextFilter.doFilterInternal(RequestContextFilter.java:100) ~[spring-web-6.2.6.jar:6.2.6]
	at org.springframework.web.filter.OncePerRequestFilter.doFilter(OncePerRequestFilter.java:116) ~[spring-web-6.2.6.jar:6.2.6]
	at org.apache.catalina.core.ApplicationFilterChain.internalDoFilter(ApplicationFilterChain.java:164) ~[tomcat-embed-core-10.1.40.jar:10.1.40]
	at org.apache.catalina.core.ApplicationFilterChain.doFilter(ApplicationFilterChain.java:140) ~[tomcat-embed-core-10.1.40.jar:10.1.40]
	at org.springframework.web.filter.FormContentFilter.doFilterInternal(FormContentFilter.java:93) ~[spring-web-6.2.6.jar:6.2.6]
	at org.springframework.web.filter.OncePerRequestFilter.doFilter(OncePerRequestFilter.java:116) ~[spring-web-6.2.6.jar:6.2.6]
	at org.apache.catalina.core.ApplicationFilterChain.internalDoFilter(ApplicationFilterChain.java:164) ~[tomcat-embed-core-10.1.40.jar:10.1.40]
	at org.apache.catalina.core.ApplicationFilterChain.doFilter(ApplicationFilterChain.java:140) ~[tomcat-embed-core-10.1.40.jar:10.1.40]
	at org.springframework.web.filter.CharacterEncodingFilter.doFilterInternal(CharacterEncodingFilter.java:201) ~[spring-web-6.2.6.jar:6.2.6]
	at org.springframework.web.filter.OncePerRequestFilter.doFilter(OncePerRequestFilter.java:116) ~[spring-web-6.2.6.jar:6.2.6]
	at org.apache.catalina.core.ApplicationFilterChain.internalDoFilter(ApplicationFilterChain.java:164) ~[tomcat-embed-core-10.1.40.jar:10.1.40]
	at org.apache.catalina.core.ApplicationFilterChain.doFilter(ApplicationFilterChain.java:140) ~[tomcat-embed-core-10.1.40.jar:10.1.40]
	at org.apache.catalina.core.StandardWrapperValve.invoke(StandardWrapperValve.java:167) ~[tomcat-embed-core-10.1.40.jar:10.1.40]
	at org.apache.catalina.core.StandardContextValve.invoke(StandardContextValve.java:90) ~[tomcat-embed-core-10.1.40.jar:10.1.40]
	at org.apache.catalina.authenticator.AuthenticatorBase.invoke(AuthenticatorBase.java:483) ~[tomcat-embed-core-10.1.40.jar:10.1.40]
	at org.apache.catalina.core.StandardHostValve.invoke(StandardHostValve.java:116) ~[tomcat-embed-core-10.1.40.jar:10.1.40]
	at org.apache.catalina.valves.ErrorReportValve.invoke(ErrorReportValve.java:93) ~[tomcat-embed-core-10.1.40.jar:10.1.40]
	at org.apache.catalina.core.StandardEngineValve.invoke(StandardEngineValve.java:74) ~[tomcat-embed-core-10.1.40.jar:10.1.40]
	at org.apache.catalina.connector.CoyoteAdapter.service(CoyoteAdapter.java:344) ~[tomcat-embed-core-10.1.40.jar:10.1.40]
	at org.apache.coyote.http11.Http11Processor.service(Http11Processor.java:398) ~[tomcat-embed-core-10.1.40.jar:10.1.40]
	at org.apache.coyote.AbstractProcessorLight.process(AbstractProcessorLight.java:63) ~[tomcat-embed-core-10.1.40.jar:10.1.40]
	at org.apache.coyote.AbstractProtocol$ConnectionHandler.process(AbstractProtocol.java:903) ~[tomcat-embed-core-10.1.40.jar:10.1.40]
	at org.apache.tomcat.util.net.NioEndpoint$SocketProcessor.doRun(NioEndpoint.java:1740) ~[tomcat-embed-core-10.1.40.jar:10.1.40]
	at org.apache.tomcat.util.net.SocketProcessorBase.run(SocketProcessorBase.java:52) ~[tomcat-embed-core-10.1.40.jar:10.1.40]
	at org.apache.tomcat.util.threads.ThreadPoolExecutor.runWorker(ThreadPoolExecutor.java:1189) ~[tomcat-embed-core-10.1.40.jar:10.1.40]
	at org.apache.tomcat.util.threads.ThreadPoolExecutor$Worker.run(ThreadPoolExecutor.java:658) ~[tomcat-embed-core-10.1.40.jar:10.1.40]
	at org.apache.tomcat.util.threads.TaskThread$WrappingRunnable.run(TaskThread.java:63) ~[tomcat-embed-core-10.1.40.jar:10.1.40]
	at java.base/java.lang.Thread.run(Thread.java:1516) ~[na:na]

2026-05-20T16:38:54.968-04:00 DEBUG 34460 --- [health-service] [http-nio-8085-exec-7] o.s.w.s.m.m.a.HttpEntityMethodProcessor  : Using 'application/json', given [*/*] and supported [application/json, application/*+json]
2026-05-20T16:38:54.968-04:00 DEBUG 34460 --- [health-service] [http-nio-8085-exec-7] o.s.w.s.m.m.a.HttpEntityMethodProcessor  : Writing [ErrorResponse[timestamp=2026-05-20T16:38:54.968277700, status=500, error=Internal Server Error, mess (truncated)...]
2026-05-20T16:38:54.969-04:00  WARN 34460 --- [health-service] [http-nio-8085-exec-7] .m.m.a.ExceptionHandlerExceptionResolver : Resolved [org.springframework.web.servlet.resource.NoResourceFoundException: No static resource health/by-id.]
2026-05-20T16:38:54.970-04:00 DEBUG 34460 --- [health-service] [http-nio-8085-exec-7] o.s.web.servlet.DispatcherServlet        : Completed 500 INTERNAL_SERVER_ERROR
2026-05-20T16:38:55.047-04:00 DEBUG 34460 --- [health-service] [pool-2-thread-2] c.a.h.client.UserServiceClient           : [UserServiceClient#getUserAuthByEmail] ---> GET http://localhost:8081/user-app/users/by-email/admin%40empresa.com/auth HTTP/1.1
2026-05-20T16:38:55.172-04:00 DEBUG 34460 --- [health-service] [pool-2-thread-2] c.a.h.client.UserServiceClient           : [UserServiceClient#getUserAuthByEmail] <--- HTTP/1.1 200 (127ms)
2026-05-20T16:38:55.172-04:00 DEBUG 34460 --- [health-service] [pool-2-thread-2] o.s.w.c.HttpMessageConverterExtractor    : Reading to [com.adoptapp.sharedkernel.dto.UserAuthResponse]
2026-05-20T16:38:55.290-04:00 DEBUG 34460 --- [health-service] [http-nio-8085-exec-9] o.s.web.servlet.DispatcherServlet        : DELETE "/health-app/health/by-id/", parameters={}
2026-05-20T16:38:55.291-04:00 DEBUG 34460 --- [health-service] [http-nio-8085-exec-9] o.s.w.s.handler.SimpleUrlHandlerMapping  : Mapped to ResourceHttpRequestHandler [classpath [META-INF/resources/], classpath [resources/], classpath [static/], classpath [public/], ServletContext [/]]
2026-05-20T16:38:55.291-04:00 DEBUG 34460 --- [health-service] [http-nio-8085-exec-9] o.s.w.s.r.ResourceHttpRequestHandler     : Resource not found
2026-05-20T16:38:55.291-04:00 DEBUG 34460 --- [health-service] [http-nio-8085-exec-9] .m.m.a.ExceptionHandlerExceptionResolver : Using @ExceptionHandler com.adoptapp.healthservice.exception.GlobalExceptionHandler#handleGeneric(Exception, HttpServletRequest)
2026-05-20T16:38:55.291-04:00 ERROR 34460 --- [health-service] [http-nio-8085-exec-9] c.a.h.exception.GlobalExceptionHandler   : Error interno no manejado en /health-app/health/by-id/: No static resource health/by-id.

org.springframework.web.servlet.resource.NoResourceFoundException: No static resource health/by-id.
	at org.springframework.web.servlet.resource.ResourceHttpRequestHandler.handleRequest(ResourceHttpRequestHandler.java:585) ~[spring-webmvc-6.2.6.jar:6.2.6]
	at org.springframework.web.servlet.mvc.HttpRequestHandlerAdapter.handle(HttpRequestHandlerAdapter.java:52) ~[spring-webmvc-6.2.6.jar:6.2.6]
	at org.springframework.web.servlet.DispatcherServlet.doDispatch(DispatcherServlet.java:1089) ~[spring-webmvc-6.2.6.jar:6.2.6]
	at org.springframework.web.servlet.DispatcherServlet.doService(DispatcherServlet.java:979) ~[spring-webmvc-6.2.6.jar:6.2.6]
	at org.springframework.web.servlet.FrameworkServlet.processRequest(FrameworkServlet.java:1014) ~[spring-webmvc-6.2.6.jar:6.2.6]
	at org.springframework.web.servlet.FrameworkServlet.doDelete(FrameworkServlet.java:936) ~[spring-webmvc-6.2.6.jar:6.2.6]
	at jakarta.servlet.http.HttpServlet.service(HttpServlet.java:596) ~[tomcat-embed-core-10.1.40.jar:6.0]
	at org.springframework.web.servlet.FrameworkServlet.service(FrameworkServlet.java:885) ~[spring-webmvc-6.2.6.jar:6.2.6]
	at jakarta.servlet.http.HttpServlet.service(HttpServlet.java:658) ~[tomcat-embed-core-10.1.40.jar:6.0]
	at org.apache.catalina.core.ApplicationFilterChain.internalDoFilter(ApplicationFilterChain.java:195) ~[tomcat-embed-core-10.1.40.jar:10.1.40]
	at org.apache.catalina.core.ApplicationFilterChain.doFilter(ApplicationFilterChain.java:140) ~[tomcat-embed-core-10.1.40.jar:10.1.40]
	at org.apache.tomcat.websocket.server.WsFilter.doFilter(WsFilter.java:51) ~[tomcat-embed-websocket-10.1.40.jar:10.1.40]
	at org.apache.catalina.core.ApplicationFilterChain.internalDoFilter(ApplicationFilterChain.java:164) ~[tomcat-embed-core-10.1.40.jar:10.1.40]
	at org.apache.catalina.core.ApplicationFilterChain.doFilter(ApplicationFilterChain.java:140) ~[tomcat-embed-core-10.1.40.jar:10.1.40]
	at org.springframework.web.filter.CompositeFilter$VirtualFilterChain.doFilter(CompositeFilter.java:108) ~[spring-web-6.2.6.jar:6.2.6]
	at org.springframework.security.web.FilterChainProxy.lambda$doFilterInternal$3(FilterChainProxy.java:231) ~[spring-security-web-6.4.5.jar:6.4.5]
	at org.springframework.security.web.FilterChainProxy$VirtualFilterChain.doFilter(FilterChainProxy.java:365) ~[spring-security-web-6.4.5.jar:6.4.5]
	at org.springframework.security.web.access.intercept.AuthorizationFilter.doFilter(AuthorizationFilter.java:101) ~[spring-security-web-6.4.5.jar:6.4.5]
	at org.springframework.security.web.FilterChainProxy$VirtualFilterChain.doFilter(FilterChainProxy.java:374) ~[spring-security-web-6.4.5.jar:6.4.5]
	at org.springframework.security.web.access.ExceptionTranslationFilter.doFilter(ExceptionTranslationFilter.java:126) ~[spring-security-web-6.4.5.jar:6.4.5]
	at org.springframework.security.web.access.ExceptionTranslationFilter.doFilter(ExceptionTranslationFilter.java:120) ~[spring-security-web-6.4.5.jar:6.4.5]
	at org.springframework.security.web.FilterChainProxy$VirtualFilterChain.doFilter(FilterChainProxy.java:374) ~[spring-security-web-6.4.5.jar:6.4.5]
	at org.springframework.security.web.session.SessionManagementFilter.doFilter(SessionManagementFilter.java:131) ~[spring-security-web-6.4.5.jar:6.4.5]
	at org.springframework.security.web.session.SessionManagementFilter.doFilter(SessionManagementFilter.java:85) ~[spring-security-web-6.4.5.jar:6.4.5]
	at org.springframework.security.web.FilterChainProxy$VirtualFilterChain.doFilter(FilterChainProxy.java:374) ~[spring-security-web-6.4.5.jar:6.4.5]
	at org.springframework.security.web.authentication.AnonymousAuthenticationFilter.doFilter(AnonymousAuthenticationFilter.java:100) ~[spring-security-web-6.4.5.jar:6.4.5]
	at org.springframework.security.web.FilterChainProxy$VirtualFilterChain.doFilter(FilterChainProxy.java:374) ~[spring-security-web-6.4.5.jar:6.4.5]
	at org.springframework.security.web.servletapi.SecurityContextHolderAwareRequestFilter.doFilter(SecurityContextHolderAwareRequestFilter.java:179) ~[spring-security-web-6.4.5.jar:6.4.5]
	at org.springframework.security.web.FilterChainProxy$VirtualFilterChain.doFilter(FilterChainProxy.java:374) ~[spring-security-web-6.4.5.jar:6.4.5]
	at org.springframework.security.web.savedrequest.RequestCacheAwareFilter.doFilter(RequestCacheAwareFilter.java:63) ~[spring-security-web-6.4.5.jar:6.4.5]
	at org.springframework.security.web.FilterChainProxy$VirtualFilterChain.doFilter(FilterChainProxy.java:374) ~[spring-security-web-6.4.5.jar:6.4.5]
	at org.springframework.security.web.authentication.www.BasicAuthenticationFilter.doFilterInternal(BasicAuthenticationFilter.java:213) ~[spring-security-web-6.4.5.jar:6.4.5]
	at org.springframework.web.filter.OncePerRequestFilter.doFilter(OncePerRequestFilter.java:116) ~[spring-web-6.2.6.jar:6.2.6]
	at org.springframework.security.web.FilterChainProxy$VirtualFilterChain.doFilter(FilterChainProxy.java:374) ~[spring-security-web-6.4.5.jar:6.4.5]
	at org.springframework.security.web.authentication.logout.LogoutFilter.doFilter(LogoutFilter.java:107) ~[spring-security-web-6.4.5.jar:6.4.5]
	at org.springframework.security.web.authentication.logout.LogoutFilter.doFilter(LogoutFilter.java:93) ~[spring-security-web-6.4.5.jar:6.4.5]
	at org.springframework.security.web.FilterChainProxy$VirtualFilterChain.doFilter(FilterChainProxy.java:374) ~[spring-security-web-6.4.5.jar:6.4.5]
	at org.springframework.security.web.header.HeaderWriterFilter.doHeadersAfter(HeaderWriterFilter.java:90) ~[spring-security-web-6.4.5.jar:6.4.5]
	at org.springframework.security.web.header.HeaderWriterFilter.doFilterInternal(HeaderWriterFilter.java:75) ~[spring-security-web-6.4.5.jar:6.4.5]
	at org.springframework.web.filter.OncePerRequestFilter.doFilter(OncePerRequestFilter.java:116) ~[spring-web-6.2.6.jar:6.2.6]
	at org.springframework.security.web.FilterChainProxy$VirtualFilterChain.doFilter(FilterChainProxy.java:374) ~[spring-security-web-6.4.5.jar:6.4.5]
	at org.springframework.security.web.context.SecurityContextHolderFilter.doFilter(SecurityContextHolderFilter.java:82) ~[spring-security-web-6.4.5.jar:6.4.5]
	at org.springframework.security.web.context.SecurityContextHolderFilter.doFilter(SecurityContextHolderFilter.java:69) ~[spring-security-web-6.4.5.jar:6.4.5]
	at org.springframework.security.web.FilterChainProxy$VirtualFilterChain.doFilter(FilterChainProxy.java:374) ~[spring-security-web-6.4.5.jar:6.4.5]
	at org.springframework.security.web.context.request.async.WebAsyncManagerIntegrationFilter.doFilterInternal(WebAsyncManagerIntegrationFilter.java:62) ~[spring-security-web-6.4.5.jar:6.4.5]
	at org.springframework.web.filter.OncePerRequestFilter.doFilter(OncePerRequestFilter.java:116) ~[spring-web-6.2.6.jar:6.2.6]
	at org.springframework.security.web.FilterChainProxy$VirtualFilterChain.doFilter(FilterChainProxy.java:374) ~[spring-security-web-6.4.5.jar:6.4.5]
	at org.springframework.security.web.session.DisableEncodeUrlFilter.doFilterInternal(DisableEncodeUrlFilter.java:42) ~[spring-security-web-6.4.5.jar:6.4.5]
	at org.springframework.web.filter.OncePerRequestFilter.doFilter(OncePerRequestFilter.java:116) ~[spring-web-6.2.6.jar:6.2.6]
	at org.springframework.security.web.FilterChainProxy$VirtualFilterChain.doFilter(FilterChainProxy.java:374) ~[spring-security-web-6.4.5.jar:6.4.5]
	at org.springframework.security.web.FilterChainProxy.doFilterInternal(FilterChainProxy.java:233) ~[spring-security-web-6.4.5.jar:6.4.5]
	at org.springframework.security.web.FilterChainProxy.doFilter(FilterChainProxy.java:191) ~[spring-security-web-6.4.5.jar:6.4.5]
	at org.springframework.web.filter.CompositeFilter$VirtualFilterChain.doFilter(CompositeFilter.java:113) ~[spring-web-6.2.6.jar:6.2.6]
	at org.springframework.web.servlet.handler.HandlerMappingIntrospector.lambda$createCacheFilter$3(HandlerMappingIntrospector.java:243) ~[spring-webmvc-6.2.6.jar:6.2.6]
	at org.springframework.web.filter.CompositeFilter$VirtualFilterChain.doFilter(CompositeFilter.java:113) ~[spring-web-6.2.6.jar:6.2.6]
	at org.springframework.web.filter.CompositeFilter.doFilter(CompositeFilter.java:74) ~[spring-web-6.2.6.jar:6.2.6]
	at org.springframework.security.config.annotation.web.configuration.WebMvcSecurityConfiguration$CompositeFilterChainProxy.doFilter(WebMvcSecurityConfiguration.java:238) ~[spring-security-config-6.4.5.jar:6.4.5]
	at org.springframework.web.filter.DelegatingFilterProxy.invokeDelegate(DelegatingFilterProxy.java:362) ~[spring-web-6.2.6.jar:6.2.6]
	at org.springframework.web.filter.DelegatingFilterProxy.doFilter(DelegatingFilterProxy.java:278) ~[spring-web-6.2.6.jar:6.2.6]
	at org.apache.catalina.core.ApplicationFilterChain.internalDoFilter(ApplicationFilterChain.java:164) ~[tomcat-embed-core-10.1.40.jar:10.1.40]
	at org.apache.catalina.core.ApplicationFilterChain.doFilter(ApplicationFilterChain.java:140) ~[tomcat-embed-core-10.1.40.jar:10.1.40]
	at org.springframework.web.filter.RequestContextFilter.doFilterInternal(RequestContextFilter.java:100) ~[spring-web-6.2.6.jar:6.2.6]
	at org.springframework.web.filter.OncePerRequestFilter.doFilter(OncePerRequestFilter.java:116) ~[spring-web-6.2.6.jar:6.2.6]
	at org.apache.catalina.core.ApplicationFilterChain.internalDoFilter(ApplicationFilterChain.java:164) ~[tomcat-embed-core-10.1.40.jar:10.1.40]
	at org.apache.catalina.core.ApplicationFilterChain.doFilter(ApplicationFilterChain.java:140) ~[tomcat-embed-core-10.1.40.jar:10.1.40]
	at org.springframework.web.filter.FormContentFilter.doFilterInternal(FormContentFilter.java:93) ~[spring-web-6.2.6.jar:6.2.6]
	at org.springframework.web.filter.OncePerRequestFilter.doFilter(OncePerRequestFilter.java:116) ~[spring-web-6.2.6.jar:6.2.6]
	at org.apache.catalina.core.ApplicationFilterChain.internalDoFilter(ApplicationFilterChain.java:164) ~[tomcat-embed-core-10.1.40.jar:10.1.40]
	at org.apache.catalina.core.ApplicationFilterChain.doFilter(ApplicationFilterChain.java:140) ~[tomcat-embed-core-10.1.40.jar:10.1.40]
	at org.springframework.web.filter.CharacterEncodingFilter.doFilterInternal(CharacterEncodingFilter.java:201) ~[spring-web-6.2.6.jar:6.2.6]
	at org.springframework.web.filter.OncePerRequestFilter.doFilter(OncePerRequestFilter.java:116) ~[spring-web-6.2.6.jar:6.2.6]
	at org.apache.catalina.core.ApplicationFilterChain.internalDoFilter(ApplicationFilterChain.java:164) ~[tomcat-embed-core-10.1.40.jar:10.1.40]
	at org.apache.catalina.core.ApplicationFilterChain.doFilter(ApplicationFilterChain.java:140) ~[tomcat-embed-core-10.1.40.jar:10.1.40]
	at org.apache.catalina.core.StandardWrapperValve.invoke(StandardWrapperValve.java:167) ~[tomcat-embed-core-10.1.40.jar:10.1.40]
	at org.apache.catalina.core.StandardContextValve.invoke(StandardContextValve.java:90) ~[tomcat-embed-core-10.1.40.jar:10.1.40]
	at org.apache.catalina.authenticator.AuthenticatorBase.invoke(AuthenticatorBase.java:483) ~[tomcat-embed-core-10.1.40.jar:10.1.40]
	at org.apache.catalina.core.StandardHostValve.invoke(StandardHostValve.java:116) ~[tomcat-embed-core-10.1.40.jar:10.1.40]
	at org.apache.catalina.valves.ErrorReportValve.invoke(ErrorReportValve.java:93) ~[tomcat-embed-core-10.1.40.jar:10.1.40]
	at org.apache.catalina.core.StandardEngineValve.invoke(StandardEngineValve.java:74) ~[tomcat-embed-core-10.1.40.jar:10.1.40]
	at org.apache.catalina.connector.CoyoteAdapter.service(CoyoteAdapter.java:344) ~[tomcat-embed-core-10.1.40.jar:10.1.40]
	at org.apache.coyote.http11.Http11Processor.service(Http11Processor.java:398) ~[tomcat-embed-core-10.1.40.jar:10.1.40]
	at org.apache.coyote.AbstractProcessorLight.process(AbstractProcessorLight.java:63) ~[tomcat-embed-core-10.1.40.jar:10.1.40]
	at org.apache.coyote.AbstractProtocol$ConnectionHandler.process(AbstractProtocol.java:903) ~[tomcat-embed-core-10.1.40.jar:10.1.40]
	at org.apache.tomcat.util.net.NioEndpoint$SocketProcessor.doRun(NioEndpoint.java:1740) ~[tomcat-embed-core-10.1.40.jar:10.1.40]
	at org.apache.tomcat.util.net.SocketProcessorBase.run(SocketProcessorBase.java:52) ~[tomcat-embed-core-10.1.40.jar:10.1.40]
	at org.apache.tomcat.util.threads.ThreadPoolExecutor.runWorker(ThreadPoolExecutor.java:1189) ~[tomcat-embed-core-10.1.40.jar:10.1.40]
	at org.apache.tomcat.util.threads.ThreadPoolExecutor$Worker.run(ThreadPoolExecutor.java:658) ~[tomcat-embed-core-10.1.40.jar:10.1.40]
	at org.apache.tomcat.util.threads.TaskThread$WrappingRunnable.run(TaskThread.java:63) ~[tomcat-embed-core-10.1.40.jar:10.1.40]
	at java.base/java.lang.Thread.run(Thread.java:1516) ~[na:na]

2026-05-20T16:38:55.291-04:00 DEBUG 34460 --- [health-service] [http-nio-8085-exec-9] o.s.w.s.m.m.a.HttpEntityMethodProcessor  : Using 'application/json', given [*/*] and supported [application/json, application/*+json]
2026-05-20T16:38:55.291-04:00 DEBUG 34460 --- [health-service] [http-nio-8085-exec-9] o.s.w.s.m.m.a.HttpEntityMethodProcessor  : Writing [ErrorResponse[timestamp=2026-05-20T16:38:55.291732, status=500, error=Internal Server Error, message (truncated)...]
2026-05-20T16:38:55.291-04:00  WARN 34460 --- [health-service] [http-nio-8085-exec-9] .m.m.a.ExceptionHandlerExceptionResolver : Resolved [org.springframework.web.servlet.resource.NoResourceFoundException: No static resource health/by-id.]
2026-05-20T16:38:55.291-04:00 DEBUG 34460 --- [health-service] [http-nio-8085-exec-9] o.s.web.servlet.DispatcherServlet        : Completed 500 INTERNAL_SERVER_ERROR
2026-05-20T16:46:06.521-04:00 DEBUG 34460 --- [health-service] [pool-2-thread-3] c.a.h.client.UserServiceClient           : [UserServiceClient#getUserAuthByEmail] ---> GET http://localhost:8081/user-app/users/by-email/admin%40empresa.com/auth HTTP/1.1
2026-05-20T16:46:06.645-04:00 DEBUG 34460 --- [health-service] [pool-2-thread-3] c.a.h.client.UserServiceClient           : [UserServiceClient#getUserAuthByEmail] <--- HTTP/1.1 200 (120ms)
2026-05-20T16:46:06.645-04:00 DEBUG 34460 --- [health-service] [pool-2-thread-3] o.s.w.c.HttpMessageConverterExtractor    : Reading to [com.adoptapp.sharedkernel.dto.UserAuthResponse]
2026-05-20T16:46:06.766-04:00 DEBUG 34460 --- [health-service] [http-nio-8085-exec-2] o.s.web.servlet.DispatcherServlet        : GET "/health-app/health/?vaccinationStatus=VACCINATED", parameters={masked}
2026-05-20T16:46:06.766-04:00 DEBUG 34460 --- [health-service] [http-nio-8085-exec-2] o.s.w.s.handler.SimpleUrlHandlerMapping  : Mapped to ResourceHttpRequestHandler [classpath [META-INF/resources/], classpath [resources/], classpath [static/], classpath [public/], ServletContext [/]]
2026-05-20T16:46:06.766-04:00 DEBUG 34460 --- [health-service] [http-nio-8085-exec-2] o.s.w.s.r.ResourceHttpRequestHandler     : Resource not found
2026-05-20T16:46:06.766-04:00 DEBUG 34460 --- [health-service] [http-nio-8085-exec-2] .m.m.a.ExceptionHandlerExceptionResolver : Using @ExceptionHandler com.adoptapp.healthservice.exception.GlobalExceptionHandler#handleGeneric(Exception, HttpServletRequest)
2026-05-20T16:46:06.766-04:00 ERROR 34460 --- [health-service] [http-nio-8085-exec-2] c.a.h.exception.GlobalExceptionHandler   : Error interno no manejado en /health-app/health/: No static resource health.

org.springframework.web.servlet.resource.NoResourceFoundException: No static resource health.
	at org.springframework.web.servlet.resource.ResourceHttpRequestHandler.handleRequest(ResourceHttpRequestHandler.java:585) ~[spring-webmvc-6.2.6.jar:6.2.6]
	at org.springframework.web.servlet.mvc.HttpRequestHandlerAdapter.handle(HttpRequestHandlerAdapter.java:52) ~[spring-webmvc-6.2.6.jar:6.2.6]
	at org.springframework.web.servlet.DispatcherServlet.doDispatch(DispatcherServlet.java:1089) ~[spring-webmvc-6.2.6.jar:6.2.6]
	at org.springframework.web.servlet.DispatcherServlet.doService(DispatcherServlet.java:979) ~[spring-webmvc-6.2.6.jar:6.2.6]
	at org.springframework.web.servlet.FrameworkServlet.processRequest(FrameworkServlet.java:1014) ~[spring-webmvc-6.2.6.jar:6.2.6]
	at org.springframework.web.servlet.FrameworkServlet.doGet(FrameworkServlet.java:903) ~[spring-webmvc-6.2.6.jar:6.2.6]
	at jakarta.servlet.http.HttpServlet.service(HttpServlet.java:564) ~[tomcat-embed-core-10.1.40.jar:6.0]
	at org.springframework.web.servlet.FrameworkServlet.service(FrameworkServlet.java:885) ~[spring-webmvc-6.2.6.jar:6.2.6]
	at jakarta.servlet.http.HttpServlet.service(HttpServlet.java:658) ~[tomcat-embed-core-10.1.40.jar:6.0]
	at org.apache.catalina.core.ApplicationFilterChain.internalDoFilter(ApplicationFilterChain.java:195) ~[tomcat-embed-core-10.1.40.jar:10.1.40]
	at org.apache.catalina.core.ApplicationFilterChain.doFilter(ApplicationFilterChain.java:140) ~[tomcat-embed-core-10.1.40.jar:10.1.40]
	at org.apache.tomcat.websocket.server.WsFilter.doFilter(WsFilter.java:51) ~[tomcat-embed-websocket-10.1.40.jar:10.1.40]
	at org.apache.catalina.core.ApplicationFilterChain.internalDoFilter(ApplicationFilterChain.java:164) ~[tomcat-embed-core-10.1.40.jar:10.1.40]
	at org.apache.catalina.core.ApplicationFilterChain.doFilter(ApplicationFilterChain.java:140) ~[tomcat-embed-core-10.1.40.jar:10.1.40]
	at org.springframework.web.filter.CompositeFilter$VirtualFilterChain.doFilter(CompositeFilter.java:108) ~[spring-web-6.2.6.jar:6.2.6]
	at org.springframework.security.web.FilterChainProxy.lambda$doFilterInternal$3(FilterChainProxy.java:231) ~[spring-security-web-6.4.5.jar:6.4.5]
	at org.springframework.security.web.FilterChainProxy$VirtualFilterChain.doFilter(FilterChainProxy.java:365) ~[spring-security-web-6.4.5.jar:6.4.5]
	at org.springframework.security.web.access.intercept.AuthorizationFilter.doFilter(AuthorizationFilter.java:101) ~[spring-security-web-6.4.5.jar:6.4.5]
	at org.springframework.security.web.FilterChainProxy$VirtualFilterChain.doFilter(FilterChainProxy.java:374) ~[spring-security-web-6.4.5.jar:6.4.5]
	at org.springframework.security.web.access.ExceptionTranslationFilter.doFilter(ExceptionTranslationFilter.java:126) ~[spring-security-web-6.4.5.jar:6.4.5]
	at org.springframework.security.web.access.ExceptionTranslationFilter.doFilter(ExceptionTranslationFilter.java:120) ~[spring-security-web-6.4.5.jar:6.4.5]
	at org.springframework.security.web.FilterChainProxy$VirtualFilterChain.doFilter(FilterChainProxy.java:374) ~[spring-security-web-6.4.5.jar:6.4.5]
	at org.springframework.security.web.session.SessionManagementFilter.doFilter(SessionManagementFilter.java:131) ~[spring-security-web-6.4.5.jar:6.4.5]
	at org.springframework.security.web.session.SessionManagementFilter.doFilter(SessionManagementFilter.java:85) ~[spring-security-web-6.4.5.jar:6.4.5]
	at org.springframework.security.web.FilterChainProxy$VirtualFilterChain.doFilter(FilterChainProxy.java:374) ~[spring-security-web-6.4.5.jar:6.4.5]
	at org.springframework.security.web.authentication.AnonymousAuthenticationFilter.doFilter(AnonymousAuthenticationFilter.java:100) ~[spring-security-web-6.4.5.jar:6.4.5]
	at org.springframework.security.web.FilterChainProxy$VirtualFilterChain.doFilter(FilterChainProxy.java:374) ~[spring-security-web-6.4.5.jar:6.4.5]
	at org.springframework.security.web.servletapi.SecurityContextHolderAwareRequestFilter.doFilter(SecurityContextHolderAwareRequestFilter.java:179) ~[spring-security-web-6.4.5.jar:6.4.5]
	at org.springframework.security.web.FilterChainProxy$VirtualFilterChain.doFilter(FilterChainProxy.java:374) ~[spring-security-web-6.4.5.jar:6.4.5]
	at org.springframework.security.web.savedrequest.RequestCacheAwareFilter.doFilter(RequestCacheAwareFilter.java:63) ~[spring-security-web-6.4.5.jar:6.4.5]
	at org.springframework.security.web.FilterChainProxy$VirtualFilterChain.doFilter(FilterChainProxy.java:374) ~[spring-security-web-6.4.5.jar:6.4.5]
	at org.springframework.security.web.authentication.www.BasicAuthenticationFilter.doFilterInternal(BasicAuthenticationFilter.java:213) ~[spring-security-web-6.4.5.jar:6.4.5]
	at org.springframework.web.filter.OncePerRequestFilter.doFilter(OncePerRequestFilter.java:116) ~[spring-web-6.2.6.jar:6.2.6]
	at org.springframework.security.web.FilterChainProxy$VirtualFilterChain.doFilter(FilterChainProxy.java:374) ~[spring-security-web-6.4.5.jar:6.4.5]
	at org.springframework.security.web.authentication.logout.LogoutFilter.doFilter(LogoutFilter.java:107) ~[spring-security-web-6.4.5.jar:6.4.5]
	at org.springframework.security.web.authentication.logout.LogoutFilter.doFilter(LogoutFilter.java:93) ~[spring-security-web-6.4.5.jar:6.4.5]
	at org.springframework.security.web.FilterChainProxy$VirtualFilterChain.doFilter(FilterChainProxy.java:374) ~[spring-security-web-6.4.5.jar:6.4.5]
	at org.springframework.security.web.header.HeaderWriterFilter.doHeadersAfter(HeaderWriterFilter.java:90) ~[spring-security-web-6.4.5.jar:6.4.5]
	at org.springframework.security.web.header.HeaderWriterFilter.doFilterInternal(HeaderWriterFilter.java:75) ~[spring-security-web-6.4.5.jar:6.4.5]
	at org.springframework.web.filter.OncePerRequestFilter.doFilter(OncePerRequestFilter.java:116) ~[spring-web-6.2.6.jar:6.2.6]
	at org.springframework.security.web.FilterChainProxy$VirtualFilterChain.doFilter(FilterChainProxy.java:374) ~[spring-security-web-6.4.5.jar:6.4.5]
	at org.springframework.security.web.context.SecurityContextHolderFilter.doFilter(SecurityContextHolderFilter.java:82) ~[spring-security-web-6.4.5.jar:6.4.5]
	at org.springframework.security.web.context.SecurityContextHolderFilter.doFilter(SecurityContextHolderFilter.java:69) ~[spring-security-web-6.4.5.jar:6.4.5]
	at org.springframework.security.web.FilterChainProxy$VirtualFilterChain.doFilter(FilterChainProxy.java:374) ~[spring-security-web-6.4.5.jar:6.4.5]
	at org.springframework.security.web.context.request.async.WebAsyncManagerIntegrationFilter.doFilterInternal(WebAsyncManagerIntegrationFilter.java:62) ~[spring-security-web-6.4.5.jar:6.4.5]
	at org.springframework.web.filter.OncePerRequestFilter.doFilter(OncePerRequestFilter.java:116) ~[spring-web-6.2.6.jar:6.2.6]
	at org.springframework.security.web.FilterChainProxy$VirtualFilterChain.doFilter(FilterChainProxy.java:374) ~[spring-security-web-6.4.5.jar:6.4.5]
	at org.springframework.security.web.session.DisableEncodeUrlFilter.doFilterInternal(DisableEncodeUrlFilter.java:42) ~[spring-security-web-6.4.5.jar:6.4.5]
	at org.springframework.web.filter.OncePerRequestFilter.doFilter(OncePerRequestFilter.java:116) ~[spring-web-6.2.6.jar:6.2.6]
	at org.springframework.security.web.FilterChainProxy$VirtualFilterChain.doFilter(FilterChainProxy.java:374) ~[spring-security-web-6.4.5.jar:6.4.5]
	at org.springframework.security.web.FilterChainProxy.doFilterInternal(FilterChainProxy.java:233) ~[spring-security-web-6.4.5.jar:6.4.5]
	at org.springframework.security.web.FilterChainProxy.doFilter(FilterChainProxy.java:191) ~[spring-security-web-6.4.5.jar:6.4.5]
	at org.springframework.web.filter.CompositeFilter$VirtualFilterChain.doFilter(CompositeFilter.java:113) ~[spring-web-6.2.6.jar:6.2.6]
	at org.springframework.web.servlet.handler.HandlerMappingIntrospector.lambda$createCacheFilter$3(HandlerMappingIntrospector.java:243) ~[spring-webmvc-6.2.6.jar:6.2.6]
	at org.springframework.web.filter.CompositeFilter$VirtualFilterChain.doFilter(CompositeFilter.java:113) ~[spring-web-6.2.6.jar:6.2.6]
	at org.springframework.web.filter.CompositeFilter.doFilter(CompositeFilter.java:74) ~[spring-web-6.2.6.jar:6.2.6]
	at org.springframework.security.config.annotation.web.configuration.WebMvcSecurityConfiguration$CompositeFilterChainProxy.doFilter(WebMvcSecurityConfiguration.java:238) ~[spring-security-config-6.4.5.jar:6.4.5]
	at org.springframework.web.filter.DelegatingFilterProxy.invokeDelegate(DelegatingFilterProxy.java:362) ~[spring-web-6.2.6.jar:6.2.6]
	at org.springframework.web.filter.DelegatingFilterProxy.doFilter(DelegatingFilterProxy.java:278) ~[spring-web-6.2.6.jar:6.2.6]
	at org.apache.catalina.core.ApplicationFilterChain.internalDoFilter(ApplicationFilterChain.java:164) ~[tomcat-embed-core-10.1.40.jar:10.1.40]
	at org.apache.catalina.core.ApplicationFilterChain.doFilter(ApplicationFilterChain.java:140) ~[tomcat-embed-core-10.1.40.jar:10.1.40]
	at org.springframework.web.filter.RequestContextFilter.doFilterInternal(RequestContextFilter.java:100) ~[spring-web-6.2.6.jar:6.2.6]
	at org.springframework.web.filter.OncePerRequestFilter.doFilter(OncePerRequestFilter.java:116) ~[spring-web-6.2.6.jar:6.2.6]
	at org.apache.catalina.core.ApplicationFilterChain.internalDoFilter(ApplicationFilterChain.java:164) ~[tomcat-embed-core-10.1.40.jar:10.1.40]
	at org.apache.catalina.core.ApplicationFilterChain.doFilter(ApplicationFilterChain.java:140) ~[tomcat-embed-core-10.1.40.jar:10.1.40]
	at org.springframework.web.filter.FormContentFilter.doFilterInternal(FormContentFilter.java:93) ~[spring-web-6.2.6.jar:6.2.6]
	at org.springframework.web.filter.OncePerRequestFilter.doFilter(OncePerRequestFilter.java:116) ~[spring-web-6.2.6.jar:6.2.6]
	at org.apache.catalina.core.ApplicationFilterChain.internalDoFilter(ApplicationFilterChain.java:164) ~[tomcat-embed-core-10.1.40.jar:10.1.40]
	at org.apache.catalina.core.ApplicationFilterChain.doFilter(ApplicationFilterChain.java:140) ~[tomcat-embed-core-10.1.40.jar:10.1.40]
	at org.springframework.web.filter.CharacterEncodingFilter.doFilterInternal(CharacterEncodingFilter.java:201) ~[spring-web-6.2.6.jar:6.2.6]
	at org.springframework.web.filter.OncePerRequestFilter.doFilter(OncePerRequestFilter.java:116) ~[spring-web-6.2.6.jar:6.2.6]
	at org.apache.catalina.core.ApplicationFilterChain.internalDoFilter(ApplicationFilterChain.java:164) ~[tomcat-embed-core-10.1.40.jar:10.1.40]
	at org.apache.catalina.core.ApplicationFilterChain.doFilter(ApplicationFilterChain.java:140) ~[tomcat-embed-core-10.1.40.jar:10.1.40]
	at org.apache.catalina.core.StandardWrapperValve.invoke(StandardWrapperValve.java:167) ~[tomcat-embed-core-10.1.40.jar:10.1.40]
	at org.apache.catalina.core.StandardContextValve.invoke(StandardContextValve.java:90) ~[tomcat-embed-core-10.1.40.jar:10.1.40]
	at org.apache.catalina.authenticator.AuthenticatorBase.invoke(AuthenticatorBase.java:483) ~[tomcat-embed-core-10.1.40.jar:10.1.40]
	at org.apache.catalina.core.StandardHostValve.invoke(StandardHostValve.java:116) ~[tomcat-embed-core-10.1.40.jar:10.1.40]
	at org.apache.catalina.valves.ErrorReportValve.invoke(ErrorReportValve.java:93) ~[tomcat-embed-core-10.1.40.jar:10.1.40]
	at org.apache.catalina.core.StandardEngineValve.invoke(StandardEngineValve.java:74) ~[tomcat-embed-core-10.1.40.jar:10.1.40]
	at org.apache.catalina.connector.CoyoteAdapter.service(CoyoteAdapter.java:344) ~[tomcat-embed-core-10.1.40.jar:10.1.40]
	at org.apache.coyote.http11.Http11Processor.service(Http11Processor.java:398) ~[tomcat-embed-core-10.1.40.jar:10.1.40]
	at org.apache.coyote.AbstractProcessorLight.process(AbstractProcessorLight.java:63) ~[tomcat-embed-core-10.1.40.jar:10.1.40]
	at org.apache.coyote.AbstractProtocol$ConnectionHandler.process(AbstractProtocol.java:903) ~[tomcat-embed-core-10.1.40.jar:10.1.40]
	at org.apache.tomcat.util.net.NioEndpoint$SocketProcessor.doRun(NioEndpoint.java:1740) ~[tomcat-embed-core-10.1.40.jar:10.1.40]
	at org.apache.tomcat.util.net.SocketProcessorBase.run(SocketProcessorBase.java:52) ~[tomcat-embed-core-10.1.40.jar:10.1.40]
	at org.apache.tomcat.util.threads.ThreadPoolExecutor.runWorker(ThreadPoolExecutor.java:1189) ~[tomcat-embed-core-10.1.40.jar:10.1.40]
	at org.apache.tomcat.util.threads.ThreadPoolExecutor$Worker.run(ThreadPoolExecutor.java:658) ~[tomcat-embed-core-10.1.40.jar:10.1.40]
	at org.apache.tomcat.util.threads.TaskThread$WrappingRunnable.run(TaskThread.java:63) ~[tomcat-embed-core-10.1.40.jar:10.1.40]
	at java.base/java.lang.Thread.run(Thread.java:1516) ~[na:na]

2026-05-20T16:46:06.776-04:00 DEBUG 34460 --- [health-service] [http-nio-8085-exec-2] o.s.w.s.m.m.a.HttpEntityMethodProcessor  : Using 'application/json', given [*/*] and supported [application/json, application/*+json]
2026-05-20T16:46:06.776-04:00 DEBUG 34460 --- [health-service] [http-nio-8085-exec-2] o.s.w.s.m.m.a.HttpEntityMethodProcessor  : Writing [ErrorResponse[timestamp=2026-05-20T16:46:06.776984700, status=500, error=Internal Server Error, mess (truncated)...]
2026-05-20T16:46:06.778-04:00  WARN 34460 --- [health-service] [http-nio-8085-exec-2] .m.m.a.ExceptionHandlerExceptionResolver : Resolved [org.springframework.web.servlet.resource.NoResourceFoundException: No static resource health.]
2026-05-20T16:46:06.778-04:00 DEBUG 34460 --- [health-service] [http-nio-8085-exec-2] o.s.web.servlet.DispatcherServlet        : Completed 500 INTERNAL_SERVER_ERROR
2026-05-20T16:46:06.859-04:00 DEBUG 34460 --- [health-service] [pool-2-thread-3] c.a.h.client.UserServiceClient           : [UserServiceClient#getUserAuthByEmail] ---> GET http://localhost:8081/user-app/users/by-email/admin%40empresa.com/auth HTTP/1.1
2026-05-20T16:46:06.979-04:00 DEBUG 34460 --- [health-service] [pool-2-thread-3] c.a.h.client.UserServiceClient           : [UserServiceClient#getUserAuthByEmail] <--- HTTP/1.1 200 (120ms)
2026-05-20T16:46:06.980-04:00 DEBUG 34460 --- [health-service] [pool-2-thread-3] o.s.w.c.HttpMessageConverterExtractor    : Reading to [com.adoptapp.sharedkernel.dto.UserAuthResponse]
2026-05-20T16:46:07.087-04:00 DEBUG 34460 --- [health-service] [http-nio-8085-exec-3] o.s.web.servlet.DispatcherServlet        : GET "/health-app/health/by-id/", parameters={}
2026-05-20T16:46:07.088-04:00 DEBUG 34460 --- [health-service] [http-nio-8085-exec-3] o.s.w.s.handler.SimpleUrlHandlerMapping  : Mapped to ResourceHttpRequestHandler [classpath [META-INF/resources/], classpath [resources/], classpath [static/], classpath [public/], ServletContext [/]]
2026-05-20T16:46:07.090-04:00 DEBUG 34460 --- [health-service] [http-nio-8085-exec-3] o.s.w.s.r.ResourceHttpRequestHandler     : Resource not found
2026-05-20T16:46:07.090-04:00 DEBUG 34460 --- [health-service] [http-nio-8085-exec-3] .m.m.a.ExceptionHandlerExceptionResolver : Using @ExceptionHandler com.adoptapp.healthservice.exception.GlobalExceptionHandler#handleGeneric(Exception, HttpServletRequest)
2026-05-20T16:46:07.090-04:00 ERROR 34460 --- [health-service] [http-nio-8085-exec-3] c.a.h.exception.GlobalExceptionHandler   : Error interno no manejado en /health-app/health/by-id/: No static resource health/by-id.

org.springframework.web.servlet.resource.NoResourceFoundException: No static resource health/by-id.
	at org.springframework.web.servlet.resource.ResourceHttpRequestHandler.handleRequest(ResourceHttpRequestHandler.java:585) ~[spring-webmvc-6.2.6.jar:6.2.6]
	at org.springframework.web.servlet.mvc.HttpRequestHandlerAdapter.handle(HttpRequestHandlerAdapter.java:52) ~[spring-webmvc-6.2.6.jar:6.2.6]
	at org.springframework.web.servlet.DispatcherServlet.doDispatch(DispatcherServlet.java:1089) ~[spring-webmvc-6.2.6.jar:6.2.6]
	at org.springframework.web.servlet.DispatcherServlet.doService(DispatcherServlet.java:979) ~[spring-webmvc-6.2.6.jar:6.2.6]
	at org.springframework.web.servlet.FrameworkServlet.processRequest(FrameworkServlet.java:1014) ~[spring-webmvc-6.2.6.jar:6.2.6]
	at org.springframework.web.servlet.FrameworkServlet.doGet(FrameworkServlet.java:903) ~[spring-webmvc-6.2.6.jar:6.2.6]
	at jakarta.servlet.http.HttpServlet.service(HttpServlet.java:564) ~[tomcat-embed-core-10.1.40.jar:6.0]
	at org.springframework.web.servlet.FrameworkServlet.service(FrameworkServlet.java:885) ~[spring-webmvc-6.2.6.jar:6.2.6]
	at jakarta.servlet.http.HttpServlet.service(HttpServlet.java:658) ~[tomcat-embed-core-10.1.40.jar:6.0]
	at org.apache.catalina.core.ApplicationFilterChain.internalDoFilter(ApplicationFilterChain.java:195) ~[tomcat-embed-core-10.1.40.jar:10.1.40]
	at org.apache.catalina.core.ApplicationFilterChain.doFilter(ApplicationFilterChain.java:140) ~[tomcat-embed-core-10.1.40.jar:10.1.40]
	at org.apache.tomcat.websocket.server.WsFilter.doFilter(WsFilter.java:51) ~[tomcat-embed-websocket-10.1.40.jar:10.1.40]
	at org.apache.catalina.core.ApplicationFilterChain.internalDoFilter(ApplicationFilterChain.java:164) ~[tomcat-embed-core-10.1.40.jar:10.1.40]
	at org.apache.catalina.core.ApplicationFilterChain.doFilter(ApplicationFilterChain.java:140) ~[tomcat-embed-core-10.1.40.jar:10.1.40]
	at org.springframework.web.filter.CompositeFilter$VirtualFilterChain.doFilter(CompositeFilter.java:108) ~[spring-web-6.2.6.jar:6.2.6]
	at org.springframework.security.web.FilterChainProxy.lambda$doFilterInternal$3(FilterChainProxy.java:231) ~[spring-security-web-6.4.5.jar:6.4.5]
	at org.springframework.security.web.FilterChainProxy$VirtualFilterChain.doFilter(FilterChainProxy.java:365) ~[spring-security-web-6.4.5.jar:6.4.5]
	at org.springframework.security.web.access.intercept.AuthorizationFilter.doFilter(AuthorizationFilter.java:101) ~[spring-security-web-6.4.5.jar:6.4.5]
	at org.springframework.security.web.FilterChainProxy$VirtualFilterChain.doFilter(FilterChainProxy.java:374) ~[spring-security-web-6.4.5.jar:6.4.5]
	at org.springframework.security.web.access.ExceptionTranslationFilter.doFilter(ExceptionTranslationFilter.java:126) ~[spring-security-web-6.4.5.jar:6.4.5]
	at org.springframework.security.web.access.ExceptionTranslationFilter.doFilter(ExceptionTranslationFilter.java:120) ~[spring-security-web-6.4.5.jar:6.4.5]
	at org.springframework.security.web.FilterChainProxy$VirtualFilterChain.doFilter(FilterChainProxy.java:374) ~[spring-security-web-6.4.5.jar:6.4.5]
	at org.springframework.security.web.session.SessionManagementFilter.doFilter(SessionManagementFilter.java:131) ~[spring-security-web-6.4.5.jar:6.4.5]
	at org.springframework.security.web.session.SessionManagementFilter.doFilter(SessionManagementFilter.java:85) ~[spring-security-web-6.4.5.jar:6.4.5]
	at org.springframework.security.web.FilterChainProxy$VirtualFilterChain.doFilter(FilterChainProxy.java:374) ~[spring-security-web-6.4.5.jar:6.4.5]
	at org.springframework.security.web.authentication.AnonymousAuthenticationFilter.doFilter(AnonymousAuthenticationFilter.java:100) ~[spring-security-web-6.4.5.jar:6.4.5]
	at org.springframework.security.web.FilterChainProxy$VirtualFilterChain.doFilter(FilterChainProxy.java:374) ~[spring-security-web-6.4.5.jar:6.4.5]
	at org.springframework.security.web.servletapi.SecurityContextHolderAwareRequestFilter.doFilter(SecurityContextHolderAwareRequestFilter.java:179) ~[spring-security-web-6.4.5.jar:6.4.5]
	at org.springframework.security.web.FilterChainProxy$VirtualFilterChain.doFilter(FilterChainProxy.java:374) ~[spring-security-web-6.4.5.jar:6.4.5]
	at org.springframework.security.web.savedrequest.RequestCacheAwareFilter.doFilter(RequestCacheAwareFilter.java:63) ~[spring-security-web-6.4.5.jar:6.4.5]
	at org.springframework.security.web.FilterChainProxy$VirtualFilterChain.doFilter(FilterChainProxy.java:374) ~[spring-security-web-6.4.5.jar:6.4.5]
	at org.springframework.security.web.authentication.www.BasicAuthenticationFilter.doFilterInternal(BasicAuthenticationFilter.java:213) ~[spring-security-web-6.4.5.jar:6.4.5]
	at org.springframework.web.filter.OncePerRequestFilter.doFilter(OncePerRequestFilter.java:116) ~[spring-web-6.2.6.jar:6.2.6]
	at org.springframework.security.web.FilterChainProxy$VirtualFilterChain.doFilter(FilterChainProxy.java:374) ~[spring-security-web-6.4.5.jar:6.4.5]
	at org.springframework.security.web.authentication.logout.LogoutFilter.doFilter(LogoutFilter.java:107) ~[spring-security-web-6.4.5.jar:6.4.5]
	at org.springframework.security.web.authentication.logout.LogoutFilter.doFilter(LogoutFilter.java:93) ~[spring-security-web-6.4.5.jar:6.4.5]
	at org.springframework.security.web.FilterChainProxy$VirtualFilterChain.doFilter(FilterChainProxy.java:374) ~[spring-security-web-6.4.5.jar:6.4.5]
	at org.springframework.security.web.header.HeaderWriterFilter.doHeadersAfter(HeaderWriterFilter.java:90) ~[spring-security-web-6.4.5.jar:6.4.5]
	at org.springframework.security.web.header.HeaderWriterFilter.doFilterInternal(HeaderWriterFilter.java:75) ~[spring-security-web-6.4.5.jar:6.4.5]
	at org.springframework.web.filter.OncePerRequestFilter.doFilter(OncePerRequestFilter.java:116) ~[spring-web-6.2.6.jar:6.2.6]
	at org.springframework.security.web.FilterChainProxy$VirtualFilterChain.doFilter(FilterChainProxy.java:374) ~[spring-security-web-6.4.5.jar:6.4.5]
	at org.springframework.security.web.context.SecurityContextHolderFilter.doFilter(SecurityContextHolderFilter.java:82) ~[spring-security-web-6.4.5.jar:6.4.5]
	at org.springframework.security.web.context.SecurityContextHolderFilter.doFilter(SecurityContextHolderFilter.java:69) ~[spring-security-web-6.4.5.jar:6.4.5]
	at org.springframework.security.web.FilterChainProxy$VirtualFilterChain.doFilter(FilterChainProxy.java:374) ~[spring-security-web-6.4.5.jar:6.4.5]
	at org.springframework.security.web.context.request.async.WebAsyncManagerIntegrationFilter.doFilterInternal(WebAsyncManagerIntegrationFilter.java:62) ~[spring-security-web-6.4.5.jar:6.4.5]
	at org.springframework.web.filter.OncePerRequestFilter.doFilter(OncePerRequestFilter.java:116) ~[spring-web-6.2.6.jar:6.2.6]
	at org.springframework.security.web.FilterChainProxy$VirtualFilterChain.doFilter(FilterChainProxy.java:374) ~[spring-security-web-6.4.5.jar:6.4.5]
	at org.springframework.security.web.session.DisableEncodeUrlFilter.doFilterInternal(DisableEncodeUrlFilter.java:42) ~[spring-security-web-6.4.5.jar:6.4.5]
	at org.springframework.web.filter.OncePerRequestFilter.doFilter(OncePerRequestFilter.java:116) ~[spring-web-6.2.6.jar:6.2.6]
	at org.springframework.security.web.FilterChainProxy$VirtualFilterChain.doFilter(FilterChainProxy.java:374) ~[spring-security-web-6.4.5.jar:6.4.5]
	at org.springframework.security.web.FilterChainProxy.doFilterInternal(FilterChainProxy.java:233) ~[spring-security-web-6.4.5.jar:6.4.5]
	at org.springframework.security.web.FilterChainProxy.doFilter(FilterChainProxy.java:191) ~[spring-security-web-6.4.5.jar:6.4.5]
	at org.springframework.web.filter.CompositeFilter$VirtualFilterChain.doFilter(CompositeFilter.java:113) ~[spring-web-6.2.6.jar:6.2.6]
	at org.springframework.web.servlet.handler.HandlerMappingIntrospector.lambda$createCacheFilter$3(HandlerMappingIntrospector.java:243) ~[spring-webmvc-6.2.6.jar:6.2.6]
	at org.springframework.web.filter.CompositeFilter$VirtualFilterChain.doFilter(CompositeFilter.java:113) ~[spring-web-6.2.6.jar:6.2.6]
	at org.springframework.web.filter.CompositeFilter.doFilter(CompositeFilter.java:74) ~[spring-web-6.2.6.jar:6.2.6]
	at org.springframework.security.config.annotation.web.configuration.WebMvcSecurityConfiguration$CompositeFilterChainProxy.doFilter(WebMvcSecurityConfiguration.java:238) ~[spring-security-config-6.4.5.jar:6.4.5]
	at org.springframework.web.filter.DelegatingFilterProxy.invokeDelegate(DelegatingFilterProxy.java:362) ~[spring-web-6.2.6.jar:6.2.6]
	at org.springframework.web.filter.DelegatingFilterProxy.doFilter(DelegatingFilterProxy.java:278) ~[spring-web-6.2.6.jar:6.2.6]
	at org.apache.catalina.core.ApplicationFilterChain.internalDoFilter(ApplicationFilterChain.java:164) ~[tomcat-embed-core-10.1.40.jar:10.1.40]
	at org.apache.catalina.core.ApplicationFilterChain.doFilter(ApplicationFilterChain.java:140) ~[tomcat-embed-core-10.1.40.jar:10.1.40]
	at org.springframework.web.filter.RequestContextFilter.doFilterInternal(RequestContextFilter.java:100) ~[spring-web-6.2.6.jar:6.2.6]
	at org.springframework.web.filter.OncePerRequestFilter.doFilter(OncePerRequestFilter.java:116) ~[spring-web-6.2.6.jar:6.2.6]
	at org.apache.catalina.core.ApplicationFilterChain.internalDoFilter(ApplicationFilterChain.java:164) ~[tomcat-embed-core-10.1.40.jar:10.1.40]
	at org.apache.catalina.core.ApplicationFilterChain.doFilter(ApplicationFilterChain.java:140) ~[tomcat-embed-core-10.1.40.jar:10.1.40]
	at org.springframework.web.filter.FormContentFilter.doFilterInternal(FormContentFilter.java:93) ~[spring-web-6.2.6.jar:6.2.6]
	at org.springframework.web.filter.OncePerRequestFilter.doFilter(OncePerRequestFilter.java:116) ~[spring-web-6.2.6.jar:6.2.6]
	at org.apache.catalina.core.ApplicationFilterChain.internalDoFilter(ApplicationFilterChain.java:164) ~[tomcat-embed-core-10.1.40.jar:10.1.40]
	at org.apache.catalina.core.ApplicationFilterChain.doFilter(ApplicationFilterChain.java:140) ~[tomcat-embed-core-10.1.40.jar:10.1.40]
	at org.springframework.web.filter.CharacterEncodingFilter.doFilterInternal(CharacterEncodingFilter.java:201) ~[spring-web-6.2.6.jar:6.2.6]
	at org.springframework.web.filter.OncePerRequestFilter.doFilter(OncePerRequestFilter.java:116) ~[spring-web-6.2.6.jar:6.2.6]
	at org.apache.catalina.core.ApplicationFilterChain.internalDoFilter(ApplicationFilterChain.java:164) ~[tomcat-embed-core-10.1.40.jar:10.1.40]
	at org.apache.catalina.core.ApplicationFilterChain.doFilter(ApplicationFilterChain.java:140) ~[tomcat-embed-core-10.1.40.jar:10.1.40]
	at org.apache.catalina.core.StandardWrapperValve.invoke(StandardWrapperValve.java:167) ~[tomcat-embed-core-10.1.40.jar:10.1.40]
	at org.apache.catalina.core.StandardContextValve.invoke(StandardContextValve.java:90) ~[tomcat-embed-core-10.1.40.jar:10.1.40]
	at org.apache.catalina.authenticator.AuthenticatorBase.invoke(AuthenticatorBase.java:483) ~[tomcat-embed-core-10.1.40.jar:10.1.40]
	at org.apache.catalina.core.StandardHostValve.invoke(StandardHostValve.java:116) ~[tomcat-embed-core-10.1.40.jar:10.1.40]
	at org.apache.catalina.valves.ErrorReportValve.invoke(ErrorReportValve.java:93) ~[tomcat-embed-core-10.1.40.jar:10.1.40]
	at org.apache.catalina.core.StandardEngineValve.invoke(StandardEngineValve.java:74) ~[tomcat-embed-core-10.1.40.jar:10.1.40]
	at org.apache.catalina.connector.CoyoteAdapter.service(CoyoteAdapter.java:344) ~[tomcat-embed-core-10.1.40.jar:10.1.40]
	at org.apache.coyote.http11.Http11Processor.service(Http11Processor.java:398) ~[tomcat-embed-core-10.1.40.jar:10.1.40]
	at org.apache.coyote.AbstractProcessorLight.process(AbstractProcessorLight.java:63) ~[tomcat-embed-core-10.1.40.jar:10.1.40]
	at org.apache.coyote.AbstractProtocol$ConnectionHandler.process(AbstractProtocol.java:903) ~[tomcat-embed-core-10.1.40.jar:10.1.40]
	at org.apache.tomcat.util.net.NioEndpoint$SocketProcessor.doRun(NioEndpoint.java:1740) ~[tomcat-embed-core-10.1.40.jar:10.1.40]
	at org.apache.tomcat.util.net.SocketProcessorBase.run(SocketProcessorBase.java:52) ~[tomcat-embed-core-10.1.40.jar:10.1.40]
	at org.apache.tomcat.util.threads.ThreadPoolExecutor.runWorker(ThreadPoolExecutor.java:1189) ~[tomcat-embed-core-10.1.40.jar:10.1.40]
	at org.apache.tomcat.util.threads.ThreadPoolExecutor$Worker.run(ThreadPoolExecutor.java:658) ~[tomcat-embed-core-10.1.40.jar:10.1.40]
	at org.apache.tomcat.util.threads.TaskThread$WrappingRunnable.run(TaskThread.java:63) ~[tomcat-embed-core-10.1.40.jar:10.1.40]
	at java.base/java.lang.Thread.run(Thread.java:1516) ~[na:na]

2026-05-20T16:46:07.092-04:00 DEBUG 34460 --- [health-service] [http-nio-8085-exec-3] o.s.w.s.m.m.a.HttpEntityMethodProcessor  : Using 'application/json', given [*/*] and supported [application/json, application/*+json]
2026-05-20T16:46:07.092-04:00 DEBUG 34460 --- [health-service] [http-nio-8085-exec-3] o.s.w.s.m.m.a.HttpEntityMethodProcessor  : Writing [ErrorResponse[timestamp=2026-05-20T16:46:07.092881, status=500, error=Internal Server Error, message (truncated)...]
2026-05-20T16:46:07.092-04:00  WARN 34460 --- [health-service] [http-nio-8085-exec-3] .m.m.a.ExceptionHandlerExceptionResolver : Resolved [org.springframework.web.servlet.resource.NoResourceFoundException: No static resource health/by-id.]
2026-05-20T16:46:07.092-04:00 DEBUG 34460 --- [health-service] [http-nio-8085-exec-3] o.s.web.servlet.DispatcherServlet        : Completed 500 INTERNAL_SERVER_ERROR
2026-05-20T16:46:07.243-04:00 DEBUG 34460 --- [health-service] [pool-2-thread-3] c.a.h.client.UserServiceClient           : [UserServiceClient#getUserAuthByEmail] ---> GET http://localhost:8081/user-app/users/by-email/admin%40empresa.com/auth HTTP/1.1
2026-05-20T16:46:07.362-04:00 DEBUG 34460 --- [health-service] [pool-2-thread-3] c.a.h.client.UserServiceClient           : [UserServiceClient#getUserAuthByEmail] <--- HTTP/1.1 200 (124ms)
2026-05-20T16:46:07.362-04:00 DEBUG 34460 --- [health-service] [pool-2-thread-3] o.s.w.c.HttpMessageConverterExtractor    : Reading to [com.adoptapp.sharedkernel.dto.UserAuthResponse]
2026-05-20T16:46:07.482-04:00 DEBUG 34460 --- [health-service] [http-nio-8085-exec-6] o.s.web.servlet.DispatcherServlet        : POST "/health-app/health", parameters={}
2026-05-20T16:46:07.484-04:00 DEBUG 34460 --- [health-service] [http-nio-8085-exec-6] s.w.s.m.m.a.RequestMappingHandlerMapping : Mapped to com.adoptapp.healthservice.controller.HealthController#createForm(HealthRequest)
2026-05-20T16:46:07.484-04:00 DEBUG 34460 --- [health-service] [http-nio-8085-exec-6] o.s.web.method.HandlerMethod             : Could not resolve parameter [0] in public org.springframework.http.ResponseEntity<com.adoptapp.healthservice.dto.HealthResponse> com.adoptapp.healthservice.controller.HealthController.createForm(com.adoptapp.healthservice.dto.HealthRequest): JSON parse error: Unexpected character (',' (code 44)): expected a value
2026-05-20T16:46:07.484-04:00 DEBUG 34460 --- [health-service] [http-nio-8085-exec-6] .m.m.a.ExceptionHandlerExceptionResolver : Using @ExceptionHandler com.adoptapp.healthservice.exception.GlobalExceptionHandler#handleGeneric(Exception, HttpServletRequest)
2026-05-20T16:46:07.484-04:00 ERROR 34460 --- [health-service] [http-nio-8085-exec-6] c.a.h.exception.GlobalExceptionHandler   : Error interno no manejado en /health-app/health: JSON parse error: Unexpected character (',' (code 44)): expected a value

org.springframework.http.converter.HttpMessageNotReadableException: JSON parse error: Unexpected character (',' (code 44)): expected a value
	at org.springframework.http.converter.json.AbstractJackson2HttpMessageConverter.readJavaType(AbstractJackson2HttpMessageConverter.java:409) ~[spring-web-6.2.6.jar:6.2.6]
	at org.springframework.http.converter.json.AbstractJackson2HttpMessageConverter.read(AbstractJackson2HttpMessageConverter.java:357) ~[spring-web-6.2.6.jar:6.2.6]
	at org.springframework.web.servlet.mvc.method.annotation.AbstractMessageConverterMethodArgumentResolver.readWithMessageConverters(AbstractMessageConverterMethodArgumentResolver.java:204) ~[spring-webmvc-6.2.6.jar:6.2.6]
	at org.springframework.web.servlet.mvc.method.annotation.RequestResponseBodyMethodProcessor.readWithMessageConverters(RequestResponseBodyMethodProcessor.java:176) ~[spring-webmvc-6.2.6.jar:6.2.6]
	at org.springframework.web.servlet.mvc.method.annotation.RequestResponseBodyMethodProcessor.resolveArgument(RequestResponseBodyMethodProcessor.java:150) ~[spring-webmvc-6.2.6.jar:6.2.6]
	at org.springframework.web.method.support.HandlerMethodArgumentResolverComposite.resolveArgument(HandlerMethodArgumentResolverComposite.java:122) ~[spring-web-6.2.6.jar:6.2.6]
	at org.springframework.web.method.support.InvocableHandlerMethod.getMethodArgumentValues(InvocableHandlerMethod.java:227) ~[spring-web-6.2.6.jar:6.2.6]
	at org.springframework.web.method.support.InvocableHandlerMethod.invokeForRequest(InvocableHandlerMethod.java:181) ~[spring-web-6.2.6.jar:6.2.6]
	at org.springframework.web.servlet.mvc.method.annotation.ServletInvocableHandlerMethod.invokeAndHandle(ServletInvocableHandlerMethod.java:118) ~[spring-webmvc-6.2.6.jar:6.2.6]
	at org.springframework.web.servlet.mvc.method.annotation.RequestMappingHandlerAdapter.invokeHandlerMethod(RequestMappingHandlerAdapter.java:986) ~[spring-webmvc-6.2.6.jar:6.2.6]
	at org.springframework.web.servlet.mvc.method.annotation.RequestMappingHandlerAdapter.handleInternal(RequestMappingHandlerAdapter.java:891) ~[spring-webmvc-6.2.6.jar:6.2.6]
	at org.springframework.web.servlet.mvc.method.AbstractHandlerMethodAdapter.handle(AbstractHandlerMethodAdapter.java:87) ~[spring-webmvc-6.2.6.jar:6.2.6]
	at org.springframework.web.servlet.DispatcherServlet.doDispatch(DispatcherServlet.java:1089) ~[spring-webmvc-6.2.6.jar:6.2.6]
	at org.springframework.web.servlet.DispatcherServlet.doService(DispatcherServlet.java:979) ~[spring-webmvc-6.2.6.jar:6.2.6]
	at org.springframework.web.servlet.FrameworkServlet.processRequest(FrameworkServlet.java:1014) ~[spring-webmvc-6.2.6.jar:6.2.6]
	at org.springframework.web.servlet.FrameworkServlet.doPost(FrameworkServlet.java:914) ~[spring-webmvc-6.2.6.jar:6.2.6]
	at jakarta.servlet.http.HttpServlet.service(HttpServlet.java:590) ~[tomcat-embed-core-10.1.40.jar:6.0]
	at org.springframework.web.servlet.FrameworkServlet.service(FrameworkServlet.java:885) ~[spring-webmvc-6.2.6.jar:6.2.6]
	at jakarta.servlet.http.HttpServlet.service(HttpServlet.java:658) ~[tomcat-embed-core-10.1.40.jar:6.0]
	at org.apache.catalina.core.ApplicationFilterChain.internalDoFilter(ApplicationFilterChain.java:195) ~[tomcat-embed-core-10.1.40.jar:10.1.40]
	at org.apache.catalina.core.ApplicationFilterChain.doFilter(ApplicationFilterChain.java:140) ~[tomcat-embed-core-10.1.40.jar:10.1.40]
	at org.apache.tomcat.websocket.server.WsFilter.doFilter(WsFilter.java:51) ~[tomcat-embed-websocket-10.1.40.jar:10.1.40]
	at org.apache.catalina.core.ApplicationFilterChain.internalDoFilter(ApplicationFilterChain.java:164) ~[tomcat-embed-core-10.1.40.jar:10.1.40]
	at org.apache.catalina.core.ApplicationFilterChain.doFilter(ApplicationFilterChain.java:140) ~[tomcat-embed-core-10.1.40.jar:10.1.40]
	at org.springframework.web.filter.CompositeFilter$VirtualFilterChain.doFilter(CompositeFilter.java:108) ~[spring-web-6.2.6.jar:6.2.6]
	at org.springframework.security.web.FilterChainProxy.lambda$doFilterInternal$3(FilterChainProxy.java:231) ~[spring-security-web-6.4.5.jar:6.4.5]
	at org.springframework.security.web.FilterChainProxy$VirtualFilterChain.doFilter(FilterChainProxy.java:365) ~[spring-security-web-6.4.5.jar:6.4.5]
	at org.springframework.security.web.access.intercept.AuthorizationFilter.doFilter(AuthorizationFilter.java:101) ~[spring-security-web-6.4.5.jar:6.4.5]
	at org.springframework.security.web.FilterChainProxy$VirtualFilterChain.doFilter(FilterChainProxy.java:374) ~[spring-security-web-6.4.5.jar:6.4.5]
	at org.springframework.security.web.access.ExceptionTranslationFilter.doFilter(ExceptionTranslationFilter.java:126) ~[spring-security-web-6.4.5.jar:6.4.5]
	at org.springframework.security.web.access.ExceptionTranslationFilter.doFilter(ExceptionTranslationFilter.java:120) ~[spring-security-web-6.4.5.jar:6.4.5]
	at org.springframework.security.web.FilterChainProxy$VirtualFilterChain.doFilter(FilterChainProxy.java:374) ~[spring-security-web-6.4.5.jar:6.4.5]
	at org.springframework.security.web.session.SessionManagementFilter.doFilter(SessionManagementFilter.java:131) ~[spring-security-web-6.4.5.jar:6.4.5]
	at org.springframework.security.web.session.SessionManagementFilter.doFilter(SessionManagementFilter.java:85) ~[spring-security-web-6.4.5.jar:6.4.5]
	at org.springframework.security.web.FilterChainProxy$VirtualFilterChain.doFilter(FilterChainProxy.java:374) ~[spring-security-web-6.4.5.jar:6.4.5]
	at org.springframework.security.web.authentication.AnonymousAuthenticationFilter.doFilter(AnonymousAuthenticationFilter.java:100) ~[spring-security-web-6.4.5.jar:6.4.5]
	at org.springframework.security.web.FilterChainProxy$VirtualFilterChain.doFilter(FilterChainProxy.java:374) ~[spring-security-web-6.4.5.jar:6.4.5]
	at org.springframework.security.web.servletapi.SecurityContextHolderAwareRequestFilter.doFilter(SecurityContextHolderAwareRequestFilter.java:179) ~[spring-security-web-6.4.5.jar:6.4.5]
	at org.springframework.security.web.FilterChainProxy$VirtualFilterChain.doFilter(FilterChainProxy.java:374) ~[spring-security-web-6.4.5.jar:6.4.5]
	at org.springframework.security.web.savedrequest.RequestCacheAwareFilter.doFilter(RequestCacheAwareFilter.java:63) ~[spring-security-web-6.4.5.jar:6.4.5]
	at org.springframework.security.web.FilterChainProxy$VirtualFilterChain.doFilter(FilterChainProxy.java:374) ~[spring-security-web-6.4.5.jar:6.4.5]
	at org.springframework.security.web.authentication.www.BasicAuthenticationFilter.doFilterInternal(BasicAuthenticationFilter.java:213) ~[spring-security-web-6.4.5.jar:6.4.5]
	at org.springframework.web.filter.OncePerRequestFilter.doFilter(OncePerRequestFilter.java:116) ~[spring-web-6.2.6.jar:6.2.6]
	at org.springframework.security.web.FilterChainProxy$VirtualFilterChain.doFilter(FilterChainProxy.java:374) ~[spring-security-web-6.4.5.jar:6.4.5]
	at org.springframework.security.web.authentication.logout.LogoutFilter.doFilter(LogoutFilter.java:107) ~[spring-security-web-6.4.5.jar:6.4.5]
	at org.springframework.security.web.authentication.logout.LogoutFilter.doFilter(LogoutFilter.java:93) ~[spring-security-web-6.4.5.jar:6.4.5]
	at org.springframework.security.web.FilterChainProxy$VirtualFilterChain.doFilter(FilterChainProxy.java:374) ~[spring-security-web-6.4.5.jar:6.4.5]
	at org.springframework.security.web.header.HeaderWriterFilter.doHeadersAfter(HeaderWriterFilter.java:90) ~[spring-security-web-6.4.5.jar:6.4.5]
	at org.springframework.security.web.header.HeaderWriterFilter.doFilterInternal(HeaderWriterFilter.java:75) ~[spring-security-web-6.4.5.jar:6.4.5]
	at org.springframework.web.filter.OncePerRequestFilter.doFilter(OncePerRequestFilter.java:116) ~[spring-web-6.2.6.jar:6.2.6]
	at org.springframework.security.web.FilterChainProxy$VirtualFilterChain.doFilter(FilterChainProxy.java:374) ~[spring-security-web-6.4.5.jar:6.4.5]
	at org.springframework.security.web.context.SecurityContextHolderFilter.doFilter(SecurityContextHolderFilter.java:82) ~[spring-security-web-6.4.5.jar:6.4.5]
	at org.springframework.security.web.context.SecurityContextHolderFilter.doFilter(SecurityContextHolderFilter.java:69) ~[spring-security-web-6.4.5.jar:6.4.5]
	at org.springframework.security.web.FilterChainProxy$VirtualFilterChain.doFilter(FilterChainProxy.java:374) ~[spring-security-web-6.4.5.jar:6.4.5]
	at org.springframework.security.web.context.request.async.WebAsyncManagerIntegrationFilter.doFilterInternal(WebAsyncManagerIntegrationFilter.java:62) ~[spring-security-web-6.4.5.jar:6.4.5]
	at org.springframework.web.filter.OncePerRequestFilter.doFilter(OncePerRequestFilter.java:116) ~[spring-web-6.2.6.jar:6.2.6]
	at org.springframework.security.web.FilterChainProxy$VirtualFilterChain.doFilter(FilterChainProxy.java:374) ~[spring-security-web-6.4.5.jar:6.4.5]
	at org.springframework.security.web.session.DisableEncodeUrlFilter.doFilterInternal(DisableEncodeUrlFilter.java:42) ~[spring-security-web-6.4.5.jar:6.4.5]
	at org.springframework.web.filter.OncePerRequestFilter.doFilter(OncePerRequestFilter.java:116) ~[spring-web-6.2.6.jar:6.2.6]
	at org.springframework.security.web.FilterChainProxy$VirtualFilterChain.doFilter(FilterChainProxy.java:374) ~[spring-security-web-6.4.5.jar:6.4.5]
	at org.springframework.security.web.FilterChainProxy.doFilterInternal(FilterChainProxy.java:233) ~[spring-security-web-6.4.5.jar:6.4.5]
	at org.springframework.security.web.FilterChainProxy.doFilter(FilterChainProxy.java:191) ~[spring-security-web-6.4.5.jar:6.4.5]
	at org.springframework.web.filter.CompositeFilter$VirtualFilterChain.doFilter(CompositeFilter.java:113) ~[spring-web-6.2.6.jar:6.2.6]
	at org.springframework.web.servlet.handler.HandlerMappingIntrospector.lambda$createCacheFilter$3(HandlerMappingIntrospector.java:243) ~[spring-webmvc-6.2.6.jar:6.2.6]
	at org.springframework.web.filter.CompositeFilter$VirtualFilterChain.doFilter(CompositeFilter.java:113) ~[spring-web-6.2.6.jar:6.2.6]
	at org.springframework.web.filter.CompositeFilter.doFilter(CompositeFilter.java:74) ~[spring-web-6.2.6.jar:6.2.6]
	at org.springframework.security.config.annotation.web.configuration.WebMvcSecurityConfiguration$CompositeFilterChainProxy.doFilter(WebMvcSecurityConfiguration.java:238) ~[spring-security-config-6.4.5.jar:6.4.5]
	at org.springframework.web.filter.DelegatingFilterProxy.invokeDelegate(DelegatingFilterProxy.java:362) ~[spring-web-6.2.6.jar:6.2.6]
	at org.springframework.web.filter.DelegatingFilterProxy.doFilter(DelegatingFilterProxy.java:278) ~[spring-web-6.2.6.jar:6.2.6]
	at org.apache.catalina.core.ApplicationFilterChain.internalDoFilter(ApplicationFilterChain.java:164) ~[tomcat-embed-core-10.1.40.jar:10.1.40]
	at org.apache.catalina.core.ApplicationFilterChain.doFilter(ApplicationFilterChain.java:140) ~[tomcat-embed-core-10.1.40.jar:10.1.40]
	at org.springframework.web.filter.RequestContextFilter.doFilterInternal(RequestContextFilter.java:100) ~[spring-web-6.2.6.jar:6.2.6]
	at org.springframework.web.filter.OncePerRequestFilter.doFilter(OncePerRequestFilter.java:116) ~[spring-web-6.2.6.jar:6.2.6]
	at org.apache.catalina.core.ApplicationFilterChain.internalDoFilter(ApplicationFilterChain.java:164) ~[tomcat-embed-core-10.1.40.jar:10.1.40]
	at org.apache.catalina.core.ApplicationFilterChain.doFilter(ApplicationFilterChain.java:140) ~[tomcat-embed-core-10.1.40.jar:10.1.40]
	at org.springframework.web.filter.FormContentFilter.doFilterInternal(FormContentFilter.java:93) ~[spring-web-6.2.6.jar:6.2.6]
	at org.springframework.web.filter.OncePerRequestFilter.doFilter(OncePerRequestFilter.java:116) ~[spring-web-6.2.6.jar:6.2.6]
	at org.apache.catalina.core.ApplicationFilterChain.internalDoFilter(ApplicationFilterChain.java:164) ~[tomcat-embed-core-10.1.40.jar:10.1.40]
	at org.apache.catalina.core.ApplicationFilterChain.doFilter(ApplicationFilterChain.java:140) ~[tomcat-embed-core-10.1.40.jar:10.1.40]
	at org.springframework.web.filter.CharacterEncodingFilter.doFilterInternal(CharacterEncodingFilter.java:201) ~[spring-web-6.2.6.jar:6.2.6]
	at org.springframework.web.filter.OncePerRequestFilter.doFilter(OncePerRequestFilter.java:116) ~[spring-web-6.2.6.jar:6.2.6]
	at org.apache.catalina.core.ApplicationFilterChain.internalDoFilter(ApplicationFilterChain.java:164) ~[tomcat-embed-core-10.1.40.jar:10.1.40]
	at org.apache.catalina.core.ApplicationFilterChain.doFilter(ApplicationFilterChain.java:140) ~[tomcat-embed-core-10.1.40.jar:10.1.40]
	at org.apache.catalina.core.StandardWrapperValve.invoke(StandardWrapperValve.java:167) ~[tomcat-embed-core-10.1.40.jar:10.1.40]
	at org.apache.catalina.core.StandardContextValve.invoke(StandardContextValve.java:90) ~[tomcat-embed-core-10.1.40.jar:10.1.40]
	at org.apache.catalina.authenticator.AuthenticatorBase.invoke(AuthenticatorBase.java:483) ~[tomcat-embed-core-10.1.40.jar:10.1.40]
	at org.apache.catalina.core.StandardHostValve.invoke(StandardHostValve.java:116) ~[tomcat-embed-core-10.1.40.jar:10.1.40]
	at org.apache.catalina.valves.ErrorReportValve.invoke(ErrorReportValve.java:93) ~[tomcat-embed-core-10.1.40.jar:10.1.40]
	at org.apache.catalina.core.StandardEngineValve.invoke(StandardEngineValve.java:74) ~[tomcat-embed-core-10.1.40.jar:10.1.40]
	at org.apache.catalina.connector.CoyoteAdapter.service(CoyoteAdapter.java:344) ~[tomcat-embed-core-10.1.40.jar:10.1.40]
	at org.apache.coyote.http11.Http11Processor.service(Http11Processor.java:398) ~[tomcat-embed-core-10.1.40.jar:10.1.40]
	at org.apache.coyote.AbstractProcessorLight.process(AbstractProcessorLight.java:63) ~[tomcat-embed-core-10.1.40.jar:10.1.40]
	at org.apache.coyote.AbstractProtocol$ConnectionHandler.process(AbstractProtocol.java:903) ~[tomcat-embed-core-10.1.40.jar:10.1.40]
	at org.apache.tomcat.util.net.NioEndpoint$SocketProcessor.doRun(NioEndpoint.java:1740) ~[tomcat-embed-core-10.1.40.jar:10.1.40]
	at org.apache.tomcat.util.net.SocketProcessorBase.run(SocketProcessorBase.java:52) ~[tomcat-embed-core-10.1.40.jar:10.1.40]
	at org.apache.tomcat.util.threads.ThreadPoolExecutor.runWorker(ThreadPoolExecutor.java:1189) ~[tomcat-embed-core-10.1.40.jar:10.1.40]
	at org.apache.tomcat.util.threads.ThreadPoolExecutor$Worker.run(ThreadPoolExecutor.java:658) ~[tomcat-embed-core-10.1.40.jar:10.1.40]
	at org.apache.tomcat.util.threads.TaskThread$WrappingRunnable.run(TaskThread.java:63) ~[tomcat-embed-core-10.1.40.jar:10.1.40]
	at java.base/java.lang.Thread.run(Thread.java:1516) ~[na:na]
Caused by: com.fasterxml.jackson.core.JsonParseException: Unexpected character (',' (code 44)): expected a value
 at [Source: REDACTED (`StreamReadFeature.INCLUDE_SOURCE_IN_LOCATION` disabled); line: 3, column: 14]
	at com.fasterxml.jackson.core.JsonParser._constructReadException(JsonParser.java:2660) ~[jackson-core-2.18.3.jar:2.18.3]
	at com.fasterxml.jackson.core.base.ParserMinimalBase._reportUnexpectedChar(ParserMinimalBase.java:741) ~[jackson-core-2.18.3.jar:2.18.3]
	at com.fasterxml.jackson.core.json.UTF8StreamJsonParser._handleUnexpectedValue(UTF8StreamJsonParser.java:2719) ~[jackson-core-2.18.3.jar:2.18.3]
	at com.fasterxml.jackson.core.json.UTF8StreamJsonParser.nextToken(UTF8StreamJsonParser.java:818) ~[jackson-core-2.18.3.jar:2.18.3]
	at com.fasterxml.jackson.databind.deser.BeanDeserializer._deserializeUsingPropertyBased(BeanDeserializer.java:432) ~[jackson-databind-2.18.3.jar:2.18.3]
	at com.fasterxml.jackson.databind.deser.BeanDeserializerBase.deserializeFromObjectUsingNonDefault(BeanDeserializerBase.java:1497) ~[jackson-databind-2.18.3.jar:2.18.3]
	at com.fasterxml.jackson.databind.deser.BeanDeserializer.deserializeFromObject(BeanDeserializer.java:348) ~[jackson-databind-2.18.3.jar:2.18.3]
	at com.fasterxml.jackson.databind.deser.BeanDeserializer.deserialize(BeanDeserializer.java:185) ~[jackson-databind-2.18.3.jar:2.18.3]
	at com.fasterxml.jackson.databind.deser.DefaultDeserializationContext.readRootValue(DefaultDeserializationContext.java:342) ~[jackson-databind-2.18.3.jar:2.18.3]
	at com.fasterxml.jackson.databind.ObjectReader._bindAndClose(ObjectReader.java:2131) ~[jackson-databind-2.18.3.jar:2.18.3]
	at com.fasterxml.jackson.databind.ObjectReader.readValue(ObjectReader.java:1501) ~[jackson-databind-2.18.3.jar:2.18.3]
	at org.springframework.http.converter.json.AbstractJackson2HttpMessageConverter.readJavaType(AbstractJackson2HttpMessageConverter.java:398) ~[spring-web-6.2.6.jar:6.2.6]
	... 98 common frames omitted

2026-05-20T16:46:07.486-04:00 DEBUG 34460 --- [health-service] [http-nio-8085-exec-6] o.s.w.s.m.m.a.HttpEntityMethodProcessor  : Using 'application/json', given [*/*] and supported [application/json, application/*+json]
2026-05-20T16:46:07.486-04:00 DEBUG 34460 --- [health-service] [http-nio-8085-exec-6] o.s.w.s.m.m.a.HttpEntityMethodProcessor  : Writing [ErrorResponse[timestamp=2026-05-20T16:46:07.486058100, status=500, error=Internal Server Error, mess (truncated)...]
2026-05-20T16:46:07.486-04:00  WARN 34460 --- [health-service] [http-nio-8085-exec-6] .m.m.a.ExceptionHandlerExceptionResolver : Resolved [org.springframework.http.converter.HttpMessageNotReadableException: JSON parse error: Unexpected character (',' (code 44)): expected a value]
2026-05-20T16:46:07.489-04:00 DEBUG 34460 --- [health-service] [http-nio-8085-exec-6] o.s.web.servlet.DispatcherServlet        : Completed 500 INTERNAL_SERVER_ERROR
2026-05-20T16:46:07.539-04:00 DEBUG 34460 --- [health-service] [pool-2-thread-3] c.a.h.client.UserServiceClient           : [UserServiceClient#getUserAuthByEmail] ---> GET http://localhost:8081/user-app/users/by-email/admin%40empresa.com/auth HTTP/1.1
2026-05-20T16:46:07.662-04:00 DEBUG 34460 --- [health-service] [pool-2-thread-3] c.a.h.client.UserServiceClient           : [UserServiceClient#getUserAuthByEmail] <--- HTTP/1.1 200 (124ms)
2026-05-20T16:46:07.662-04:00 DEBUG 34460 --- [health-service] [pool-2-thread-3] o.s.w.c.HttpMessageConverterExtractor    : Reading to [com.adoptapp.sharedkernel.dto.UserAuthResponse]
2026-05-20T16:46:07.784-04:00 DEBUG 34460 --- [health-service] [http-nio-8085-exec-8] o.s.web.servlet.DispatcherServlet        : PUT "/health-app/health/by-id/", parameters={}
2026-05-20T16:46:07.784-04:00 DEBUG 34460 --- [health-service] [http-nio-8085-exec-8] o.s.w.s.handler.SimpleUrlHandlerMapping  : Mapped to ResourceHttpRequestHandler [classpath [META-INF/resources/], classpath [resources/], classpath [static/], classpath [public/], ServletContext [/]]
2026-05-20T16:46:07.784-04:00 DEBUG 34460 --- [health-service] [http-nio-8085-exec-8] o.s.w.s.r.ResourceHttpRequestHandler     : Resource not found
2026-05-20T16:46:07.784-04:00 DEBUG 34460 --- [health-service] [http-nio-8085-exec-8] .m.m.a.ExceptionHandlerExceptionResolver : Using @ExceptionHandler com.adoptapp.healthservice.exception.GlobalExceptionHandler#handleGeneric(Exception, HttpServletRequest)
2026-05-20T16:46:07.784-04:00 ERROR 34460 --- [health-service] [http-nio-8085-exec-8] c.a.h.exception.GlobalExceptionHandler   : Error interno no manejado en /health-app/health/by-id/: No static resource health/by-id.

org.springframework.web.servlet.resource.NoResourceFoundException: No static resource health/by-id.
	at org.springframework.web.servlet.resource.ResourceHttpRequestHandler.handleRequest(ResourceHttpRequestHandler.java:585) ~[spring-webmvc-6.2.6.jar:6.2.6]
	at org.springframework.web.servlet.mvc.HttpRequestHandlerAdapter.handle(HttpRequestHandlerAdapter.java:52) ~[spring-webmvc-6.2.6.jar:6.2.6]
	at org.springframework.web.servlet.DispatcherServlet.doDispatch(DispatcherServlet.java:1089) ~[spring-webmvc-6.2.6.jar:6.2.6]
	at org.springframework.web.servlet.DispatcherServlet.doService(DispatcherServlet.java:979) ~[spring-webmvc-6.2.6.jar:6.2.6]
	at org.springframework.web.servlet.FrameworkServlet.processRequest(FrameworkServlet.java:1014) ~[spring-webmvc-6.2.6.jar:6.2.6]
	at org.springframework.web.servlet.FrameworkServlet.doPut(FrameworkServlet.java:925) ~[spring-webmvc-6.2.6.jar:6.2.6]
	at jakarta.servlet.http.HttpServlet.service(HttpServlet.java:593) ~[tomcat-embed-core-10.1.40.jar:6.0]
	at org.springframework.web.servlet.FrameworkServlet.service(FrameworkServlet.java:885) ~[spring-webmvc-6.2.6.jar:6.2.6]
	at jakarta.servlet.http.HttpServlet.service(HttpServlet.java:658) ~[tomcat-embed-core-10.1.40.jar:6.0]
	at org.apache.catalina.core.ApplicationFilterChain.internalDoFilter(ApplicationFilterChain.java:195) ~[tomcat-embed-core-10.1.40.jar:10.1.40]
	at org.apache.catalina.core.ApplicationFilterChain.doFilter(ApplicationFilterChain.java:140) ~[tomcat-embed-core-10.1.40.jar:10.1.40]
	at org.apache.tomcat.websocket.server.WsFilter.doFilter(WsFilter.java:51) ~[tomcat-embed-websocket-10.1.40.jar:10.1.40]
	at org.apache.catalina.core.ApplicationFilterChain.internalDoFilter(ApplicationFilterChain.java:164) ~[tomcat-embed-core-10.1.40.jar:10.1.40]
	at org.apache.catalina.core.ApplicationFilterChain.doFilter(ApplicationFilterChain.java:140) ~[tomcat-embed-core-10.1.40.jar:10.1.40]
	at org.springframework.web.filter.CompositeFilter$VirtualFilterChain.doFilter(CompositeFilter.java:108) ~[spring-web-6.2.6.jar:6.2.6]
	at org.springframework.security.web.FilterChainProxy.lambda$doFilterInternal$3(FilterChainProxy.java:231) ~[spring-security-web-6.4.5.jar:6.4.5]
	at org.springframework.security.web.FilterChainProxy$VirtualFilterChain.doFilter(FilterChainProxy.java:365) ~[spring-security-web-6.4.5.jar:6.4.5]
	at org.springframework.security.web.access.intercept.AuthorizationFilter.doFilter(AuthorizationFilter.java:101) ~[spring-security-web-6.4.5.jar:6.4.5]
	at org.springframework.security.web.FilterChainProxy$VirtualFilterChain.doFilter(FilterChainProxy.java:374) ~[spring-security-web-6.4.5.jar:6.4.5]
	at org.springframework.security.web.access.ExceptionTranslationFilter.doFilter(ExceptionTranslationFilter.java:126) ~[spring-security-web-6.4.5.jar:6.4.5]
	at org.springframework.security.web.access.ExceptionTranslationFilter.doFilter(ExceptionTranslationFilter.java:120) ~[spring-security-web-6.4.5.jar:6.4.5]
	at org.springframework.security.web.FilterChainProxy$VirtualFilterChain.doFilter(FilterChainProxy.java:374) ~[spring-security-web-6.4.5.jar:6.4.5]
	at org.springframework.security.web.session.SessionManagementFilter.doFilter(SessionManagementFilter.java:131) ~[spring-security-web-6.4.5.jar:6.4.5]
	at org.springframework.security.web.session.SessionManagementFilter.doFilter(SessionManagementFilter.java:85) ~[spring-security-web-6.4.5.jar:6.4.5]
	at org.springframework.security.web.FilterChainProxy$VirtualFilterChain.doFilter(FilterChainProxy.java:374) ~[spring-security-web-6.4.5.jar:6.4.5]
	at org.springframework.security.web.authentication.AnonymousAuthenticationFilter.doFilter(AnonymousAuthenticationFilter.java:100) ~[spring-security-web-6.4.5.jar:6.4.5]
	at org.springframework.security.web.FilterChainProxy$VirtualFilterChain.doFilter(FilterChainProxy.java:374) ~[spring-security-web-6.4.5.jar:6.4.5]
	at org.springframework.security.web.servletapi.SecurityContextHolderAwareRequestFilter.doFilter(SecurityContextHolderAwareRequestFilter.java:179) ~[spring-security-web-6.4.5.jar:6.4.5]
	at org.springframework.security.web.FilterChainProxy$VirtualFilterChain.doFilter(FilterChainProxy.java:374) ~[spring-security-web-6.4.5.jar:6.4.5]
	at org.springframework.security.web.savedrequest.RequestCacheAwareFilter.doFilter(RequestCacheAwareFilter.java:63) ~[spring-security-web-6.4.5.jar:6.4.5]
	at org.springframework.security.web.FilterChainProxy$VirtualFilterChain.doFilter(FilterChainProxy.java:374) ~[spring-security-web-6.4.5.jar:6.4.5]
	at org.springframework.security.web.authentication.www.BasicAuthenticationFilter.doFilterInternal(BasicAuthenticationFilter.java:213) ~[spring-security-web-6.4.5.jar:6.4.5]
	at org.springframework.web.filter.OncePerRequestFilter.doFilter(OncePerRequestFilter.java:116) ~[spring-web-6.2.6.jar:6.2.6]
	at org.springframework.security.web.FilterChainProxy$VirtualFilterChain.doFilter(FilterChainProxy.java:374) ~[spring-security-web-6.4.5.jar:6.4.5]
	at org.springframework.security.web.authentication.logout.LogoutFilter.doFilter(LogoutFilter.java:107) ~[spring-security-web-6.4.5.jar:6.4.5]
	at org.springframework.security.web.authentication.logout.LogoutFilter.doFilter(LogoutFilter.java:93) ~[spring-security-web-6.4.5.jar:6.4.5]
	at org.springframework.security.web.FilterChainProxy$VirtualFilterChain.doFilter(FilterChainProxy.java:374) ~[spring-security-web-6.4.5.jar:6.4.5]
	at org.springframework.security.web.header.HeaderWriterFilter.doHeadersAfter(HeaderWriterFilter.java:90) ~[spring-security-web-6.4.5.jar:6.4.5]
	at org.springframework.security.web.header.HeaderWriterFilter.doFilterInternal(HeaderWriterFilter.java:75) ~[spring-security-web-6.4.5.jar:6.4.5]
	at org.springframework.web.filter.OncePerRequestFilter.doFilter(OncePerRequestFilter.java:116) ~[spring-web-6.2.6.jar:6.2.6]
	at org.springframework.security.web.FilterChainProxy$VirtualFilterChain.doFilter(FilterChainProxy.java:374) ~[spring-security-web-6.4.5.jar:6.4.5]
	at org.springframework.security.web.context.SecurityContextHolderFilter.doFilter(SecurityContextHolderFilter.java:82) ~[spring-security-web-6.4.5.jar:6.4.5]
	at org.springframework.security.web.context.SecurityContextHolderFilter.doFilter(SecurityContextHolderFilter.java:69) ~[spring-security-web-6.4.5.jar:6.4.5]
	at org.springframework.security.web.FilterChainProxy$VirtualFilterChain.doFilter(FilterChainProxy.java:374) ~[spring-security-web-6.4.5.jar:6.4.5]
	at org.springframework.security.web.context.request.async.WebAsyncManagerIntegrationFilter.doFilterInternal(WebAsyncManagerIntegrationFilter.java:62) ~[spring-security-web-6.4.5.jar:6.4.5]
	at org.springframework.web.filter.OncePerRequestFilter.doFilter(OncePerRequestFilter.java:116) ~[spring-web-6.2.6.jar:6.2.6]
	at org.springframework.security.web.FilterChainProxy$VirtualFilterChain.doFilter(FilterChainProxy.java:374) ~[spring-security-web-6.4.5.jar:6.4.5]
	at org.springframework.security.web.session.DisableEncodeUrlFilter.doFilterInternal(DisableEncodeUrlFilter.java:42) ~[spring-security-web-6.4.5.jar:6.4.5]
	at org.springframework.web.filter.OncePerRequestFilter.doFilter(OncePerRequestFilter.java:116) ~[spring-web-6.2.6.jar:6.2.6]
	at org.springframework.security.web.FilterChainProxy$VirtualFilterChain.doFilter(FilterChainProxy.java:374) ~[spring-security-web-6.4.5.jar:6.4.5]
	at org.springframework.security.web.FilterChainProxy.doFilterInternal(FilterChainProxy.java:233) ~[spring-security-web-6.4.5.jar:6.4.5]
	at org.springframework.security.web.FilterChainProxy.doFilter(FilterChainProxy.java:191) ~[spring-security-web-6.4.5.jar:6.4.5]
	at org.springframework.web.filter.CompositeFilter$VirtualFilterChain.doFilter(CompositeFilter.java:113) ~[spring-web-6.2.6.jar:6.2.6]
	at org.springframework.web.servlet.handler.HandlerMappingIntrospector.lambda$createCacheFilter$3(HandlerMappingIntrospector.java:243) ~[spring-webmvc-6.2.6.jar:6.2.6]
	at org.springframework.web.filter.CompositeFilter$VirtualFilterChain.doFilter(CompositeFilter.java:113) ~[spring-web-6.2.6.jar:6.2.6]
	at org.springframework.web.filter.CompositeFilter.doFilter(CompositeFilter.java:74) ~[spring-web-6.2.6.jar:6.2.6]
	at org.springframework.security.config.annotation.web.configuration.WebMvcSecurityConfiguration$CompositeFilterChainProxy.doFilter(WebMvcSecurityConfiguration.java:238) ~[spring-security-config-6.4.5.jar:6.4.5]
	at org.springframework.web.filter.DelegatingFilterProxy.invokeDelegate(DelegatingFilterProxy.java:362) ~[spring-web-6.2.6.jar:6.2.6]
	at org.springframework.web.filter.DelegatingFilterProxy.doFilter(DelegatingFilterProxy.java:278) ~[spring-web-6.2.6.jar:6.2.6]
	at org.apache.catalina.core.ApplicationFilterChain.internalDoFilter(ApplicationFilterChain.java:164) ~[tomcat-embed-core-10.1.40.jar:10.1.40]
	at org.apache.catalina.core.ApplicationFilterChain.doFilter(ApplicationFilterChain.java:140) ~[tomcat-embed-core-10.1.40.jar:10.1.40]
	at org.springframework.web.filter.RequestContextFilter.doFilterInternal(RequestContextFilter.java:100) ~[spring-web-6.2.6.jar:6.2.6]
	at org.springframework.web.filter.OncePerRequestFilter.doFilter(OncePerRequestFilter.java:116) ~[spring-web-6.2.6.jar:6.2.6]
	at org.apache.catalina.core.ApplicationFilterChain.internalDoFilter(ApplicationFilterChain.java:164) ~[tomcat-embed-core-10.1.40.jar:10.1.40]
	at org.apache.catalina.core.ApplicationFilterChain.doFilter(ApplicationFilterChain.java:140) ~[tomcat-embed-core-10.1.40.jar:10.1.40]
	at org.springframework.web.filter.FormContentFilter.doFilterInternal(FormContentFilter.java:93) ~[spring-web-6.2.6.jar:6.2.6]
	at org.springframework.web.filter.OncePerRequestFilter.doFilter(OncePerRequestFilter.java:116) ~[spring-web-6.2.6.jar:6.2.6]
	at org.apache.catalina.core.ApplicationFilterChain.internalDoFilter(ApplicationFilterChain.java:164) ~[tomcat-embed-core-10.1.40.jar:10.1.40]
	at org.apache.catalina.core.ApplicationFilterChain.doFilter(ApplicationFilterChain.java:140) ~[tomcat-embed-core-10.1.40.jar:10.1.40]
	at org.springframework.web.filter.CharacterEncodingFilter.doFilterInternal(CharacterEncodingFilter.java:201) ~[spring-web-6.2.6.jar:6.2.6]
	at org.springframework.web.filter.OncePerRequestFilter.doFilter(OncePerRequestFilter.java:116) ~[spring-web-6.2.6.jar:6.2.6]
	at org.apache.catalina.core.ApplicationFilterChain.internalDoFilter(ApplicationFilterChain.java:164) ~[tomcat-embed-core-10.1.40.jar:10.1.40]
	at org.apache.catalina.core.ApplicationFilterChain.doFilter(ApplicationFilterChain.java:140) ~[tomcat-embed-core-10.1.40.jar:10.1.40]
	at org.apache.catalina.core.StandardWrapperValve.invoke(StandardWrapperValve.java:167) ~[tomcat-embed-core-10.1.40.jar:10.1.40]
	at org.apache.catalina.core.StandardContextValve.invoke(StandardContextValve.java:90) ~[tomcat-embed-core-10.1.40.jar:10.1.40]
	at org.apache.catalina.authenticator.AuthenticatorBase.invoke(AuthenticatorBase.java:483) ~[tomcat-embed-core-10.1.40.jar:10.1.40]
	at org.apache.catalina.core.StandardHostValve.invoke(StandardHostValve.java:116) ~[tomcat-embed-core-10.1.40.jar:10.1.40]
	at org.apache.catalina.valves.ErrorReportValve.invoke(ErrorReportValve.java:93) ~[tomcat-embed-core-10.1.40.jar:10.1.40]
	at org.apache.catalina.core.StandardEngineValve.invoke(StandardEngineValve.java:74) ~[tomcat-embed-core-10.1.40.jar:10.1.40]
	at org.apache.catalina.connector.CoyoteAdapter.service(CoyoteAdapter.java:344) ~[tomcat-embed-core-10.1.40.jar:10.1.40]
	at org.apache.coyote.http11.Http11Processor.service(Http11Processor.java:398) ~[tomcat-embed-core-10.1.40.jar:10.1.40]
	at org.apache.coyote.AbstractProcessorLight.process(AbstractProcessorLight.java:63) ~[tomcat-embed-core-10.1.40.jar:10.1.40]
	at org.apache.coyote.AbstractProtocol$ConnectionHandler.process(AbstractProtocol.java:903) ~[tomcat-embed-core-10.1.40.jar:10.1.40]
	at org.apache.tomcat.util.net.NioEndpoint$SocketProcessor.doRun(NioEndpoint.java:1740) ~[tomcat-embed-core-10.1.40.jar:10.1.40]
	at org.apache.tomcat.util.net.SocketProcessorBase.run(SocketProcessorBase.java:52) ~[tomcat-embed-core-10.1.40.jar:10.1.40]
	at org.apache.tomcat.util.threads.ThreadPoolExecutor.runWorker(ThreadPoolExecutor.java:1189) ~[tomcat-embed-core-10.1.40.jar:10.1.40]
	at org.apache.tomcat.util.threads.ThreadPoolExecutor$Worker.run(ThreadPoolExecutor.java:658) ~[tomcat-embed-core-10.1.40.jar:10.1.40]
	at org.apache.tomcat.util.threads.TaskThread$WrappingRunnable.run(TaskThread.java:63) ~[tomcat-embed-core-10.1.40.jar:10.1.40]
	at java.base/java.lang.Thread.run(Thread.java:1516) ~[na:na]

2026-05-20T16:46:07.784-04:00 DEBUG 34460 --- [health-service] [http-nio-8085-exec-8] o.s.w.s.m.m.a.HttpEntityMethodProcessor  : Using 'application/json', given [*/*] and supported [application/json, application/*+json]
2026-05-20T16:46:07.784-04:00 DEBUG 34460 --- [health-service] [http-nio-8085-exec-8] o.s.w.s.m.m.a.HttpEntityMethodProcessor  : Writing [ErrorResponse[timestamp=2026-05-20T16:46:07.784695600, status=500, error=Internal Server Error, mess (truncated)...]
2026-05-20T16:46:07.784-04:00  WARN 34460 --- [health-service] [http-nio-8085-exec-8] .m.m.a.ExceptionHandlerExceptionResolver : Resolved [org.springframework.web.servlet.resource.NoResourceFoundException: No static resource health/by-id.]
2026-05-20T16:46:07.784-04:00 DEBUG 34460 --- [health-service] [http-nio-8085-exec-8] o.s.web.servlet.DispatcherServlet        : Completed 500 INTERNAL_SERVER_ERROR
2026-05-20T16:46:07.854-04:00 DEBUG 34460 --- [health-service] [pool-2-thread-3] c.a.h.client.UserServiceClient           : [UserServiceClient#getUserAuthByEmail] ---> GET http://localhost:8081/user-app/users/by-email/admin%40empresa.com/auth HTTP/1.1
2026-05-20T16:46:07.966-04:00 DEBUG 34460 --- [health-service] [pool-2-thread-3] c.a.h.client.UserServiceClient           : [UserServiceClient#getUserAuthByEmail] <--- HTTP/1.1 200 (122ms)
2026-05-20T16:46:07.978-04:00 DEBUG 34460 --- [health-service] [pool-2-thread-3] o.s.w.c.HttpMessageConverterExtractor    : Reading to [com.adoptapp.sharedkernel.dto.UserAuthResponse]
2026-05-20T16:46:08.092-04:00 DEBUG 34460 --- [health-service] [http-nio-8085-exec-10] o.s.web.servlet.DispatcherServlet        : DELETE "/health-app/health/by-id/", parameters={}
2026-05-20T16:46:08.092-04:00 DEBUG 34460 --- [health-service] [http-nio-8085-exec-10] o.s.w.s.handler.SimpleUrlHandlerMapping  : Mapped to ResourceHttpRequestHandler [classpath [META-INF/resources/], classpath [resources/], classpath [static/], classpath [public/], ServletContext [/]]
2026-05-20T16:46:08.094-04:00 DEBUG 34460 --- [health-service] [http-nio-8085-exec-10] o.s.w.s.r.ResourceHttpRequestHandler     : Resource not found
2026-05-20T16:46:08.094-04:00 DEBUG 34460 --- [health-service] [http-nio-8085-exec-10] .m.m.a.ExceptionHandlerExceptionResolver : Using @ExceptionHandler com.adoptapp.healthservice.exception.GlobalExceptionHandler#handleGeneric(Exception, HttpServletRequest)
2026-05-20T16:46:08.094-04:00 ERROR 34460 --- [health-service] [http-nio-8085-exec-10] c.a.h.exception.GlobalExceptionHandler   : Error interno no manejado en /health-app/health/by-id/: No static resource health/by-id.

org.springframework.web.servlet.resource.NoResourceFoundException: No static resource health/by-id.
	at org.springframework.web.servlet.resource.ResourceHttpRequestHandler.handleRequest(ResourceHttpRequestHandler.java:585) ~[spring-webmvc-6.2.6.jar:6.2.6]
	at org.springframework.web.servlet.mvc.HttpRequestHandlerAdapter.handle(HttpRequestHandlerAdapter.java:52) ~[spring-webmvc-6.2.6.jar:6.2.6]
	at org.springframework.web.servlet.DispatcherServlet.doDispatch(DispatcherServlet.java:1089) ~[spring-webmvc-6.2.6.jar:6.2.6]
	at org.springframework.web.servlet.DispatcherServlet.doService(DispatcherServlet.java:979) ~[spring-webmvc-6.2.6.jar:6.2.6]
	at org.springframework.web.servlet.FrameworkServlet.processRequest(FrameworkServlet.java:1014) ~[spring-webmvc-6.2.6.jar:6.2.6]
	at org.springframework.web.servlet.FrameworkServlet.doDelete(FrameworkServlet.java:936) ~[spring-webmvc-6.2.6.jar:6.2.6]
	at jakarta.servlet.http.HttpServlet.service(HttpServlet.java:596) ~[tomcat-embed-core-10.1.40.jar:6.0]
	at org.springframework.web.servlet.FrameworkServlet.service(FrameworkServlet.java:885) ~[spring-webmvc-6.2.6.jar:6.2.6]
	at jakarta.servlet.http.HttpServlet.service(HttpServlet.java:658) ~[tomcat-embed-core-10.1.40.jar:6.0]
	at org.apache.catalina.core.ApplicationFilterChain.internalDoFilter(ApplicationFilterChain.java:195) ~[tomcat-embed-core-10.1.40.jar:10.1.40]
	at org.apache.catalina.core.ApplicationFilterChain.doFilter(ApplicationFilterChain.java:140) ~[tomcat-embed-core-10.1.40.jar:10.1.40]
	at org.apache.tomcat.websocket.server.WsFilter.doFilter(WsFilter.java:51) ~[tomcat-embed-websocket-10.1.40.jar:10.1.40]
	at org.apache.catalina.core.ApplicationFilterChain.internalDoFilter(ApplicationFilterChain.java:164) ~[tomcat-embed-core-10.1.40.jar:10.1.40]
	at org.apache.catalina.core.ApplicationFilterChain.doFilter(ApplicationFilterChain.java:140) ~[tomcat-embed-core-10.1.40.jar:10.1.40]
	at org.springframework.web.filter.CompositeFilter$VirtualFilterChain.doFilter(CompositeFilter.java:108) ~[spring-web-6.2.6.jar:6.2.6]
	at org.springframework.security.web.FilterChainProxy.lambda$doFilterInternal$3(FilterChainProxy.java:231) ~[spring-security-web-6.4.5.jar:6.4.5]
	at org.springframework.security.web.FilterChainProxy$VirtualFilterChain.doFilter(FilterChainProxy.java:365) ~[spring-security-web-6.4.5.jar:6.4.5]
	at org.springframework.security.web.access.intercept.AuthorizationFilter.doFilter(AuthorizationFilter.java:101) ~[spring-security-web-6.4.5.jar:6.4.5]
	at org.springframework.security.web.FilterChainProxy$VirtualFilterChain.doFilter(FilterChainProxy.java:374) ~[spring-security-web-6.4.5.jar:6.4.5]
	at org.springframework.security.web.access.ExceptionTranslationFilter.doFilter(ExceptionTranslationFilter.java:126) ~[spring-security-web-6.4.5.jar:6.4.5]
	at org.springframework.security.web.access.ExceptionTranslationFilter.doFilter(ExceptionTranslationFilter.java:120) ~[spring-security-web-6.4.5.jar:6.4.5]
	at org.springframework.security.web.FilterChainProxy$VirtualFilterChain.doFilter(FilterChainProxy.java:374) ~[spring-security-web-6.4.5.jar:6.4.5]
	at org.springframework.security.web.session.SessionManagementFilter.doFilter(SessionManagementFilter.java:131) ~[spring-security-web-6.4.5.jar:6.4.5]
	at org.springframework.security.web.session.SessionManagementFilter.doFilter(SessionManagementFilter.java:85) ~[spring-security-web-6.4.5.jar:6.4.5]
	at org.springframework.security.web.FilterChainProxy$VirtualFilterChain.doFilter(FilterChainProxy.java:374) ~[spring-security-web-6.4.5.jar:6.4.5]
	at org.springframework.security.web.authentication.AnonymousAuthenticationFilter.doFilter(AnonymousAuthenticationFilter.java:100) ~[spring-security-web-6.4.5.jar:6.4.5]
	at org.springframework.security.web.FilterChainProxy$VirtualFilterChain.doFilter(FilterChainProxy.java:374) ~[spring-security-web-6.4.5.jar:6.4.5]
	at org.springframework.security.web.servletapi.SecurityContextHolderAwareRequestFilter.doFilter(SecurityContextHolderAwareRequestFilter.java:179) ~[spring-security-web-6.4.5.jar:6.4.5]
	at org.springframework.security.web.FilterChainProxy$VirtualFilterChain.doFilter(FilterChainProxy.java:374) ~[spring-security-web-6.4.5.jar:6.4.5]
	at org.springframework.security.web.savedrequest.RequestCacheAwareFilter.doFilter(RequestCacheAwareFilter.java:63) ~[spring-security-web-6.4.5.jar:6.4.5]
	at org.springframework.security.web.FilterChainProxy$VirtualFilterChain.doFilter(FilterChainProxy.java:374) ~[spring-security-web-6.4.5.jar:6.4.5]
	at org.springframework.security.web.authentication.www.BasicAuthenticationFilter.doFilterInternal(BasicAuthenticationFilter.java:213) ~[spring-security-web-6.4.5.jar:6.4.5]
	at org.springframework.web.filter.OncePerRequestFilter.doFilter(OncePerRequestFilter.java:116) ~[spring-web-6.2.6.jar:6.2.6]
	at org.springframework.security.web.FilterChainProxy$VirtualFilterChain.doFilter(FilterChainProxy.java:374) ~[spring-security-web-6.4.5.jar:6.4.5]
	at org.springframework.security.web.authentication.logout.LogoutFilter.doFilter(LogoutFilter.java:107) ~[spring-security-web-6.4.5.jar:6.4.5]
	at org.springframework.security.web.authentication.logout.LogoutFilter.doFilter(LogoutFilter.java:93) ~[spring-security-web-6.4.5.jar:6.4.5]
	at org.springframework.security.web.FilterChainProxy$VirtualFilterChain.doFilter(FilterChainProxy.java:374) ~[spring-security-web-6.4.5.jar:6.4.5]
	at org.springframework.security.web.header.HeaderWriterFilter.doHeadersAfter(HeaderWriterFilter.java:90) ~[spring-security-web-6.4.5.jar:6.4.5]
	at org.springframework.security.web.header.HeaderWriterFilter.doFilterInternal(HeaderWriterFilter.java:75) ~[spring-security-web-6.4.5.jar:6.4.5]
	at org.springframework.web.filter.OncePerRequestFilter.doFilter(OncePerRequestFilter.java:116) ~[spring-web-6.2.6.jar:6.2.6]
	at org.springframework.security.web.FilterChainProxy$VirtualFilterChain.doFilter(FilterChainProxy.java:374) ~[spring-security-web-6.4.5.jar:6.4.5]
	at org.springframework.security.web.context.SecurityContextHolderFilter.doFilter(SecurityContextHolderFilter.java:82) ~[spring-security-web-6.4.5.jar:6.4.5]
	at org.springframework.security.web.context.SecurityContextHolderFilter.doFilter(SecurityContextHolderFilter.java:69) ~[spring-security-web-6.4.5.jar:6.4.5]
	at org.springframework.security.web.FilterChainProxy$VirtualFilterChain.doFilter(FilterChainProxy.java:374) ~[spring-security-web-6.4.5.jar:6.4.5]
	at org.springframework.security.web.context.request.async.WebAsyncManagerIntegrationFilter.doFilterInternal(WebAsyncManagerIntegrationFilter.java:62) ~[spring-security-web-6.4.5.jar:6.4.5]
	at org.springframework.web.filter.OncePerRequestFilter.doFilter(OncePerRequestFilter.java:116) ~[spring-web-6.2.6.jar:6.2.6]
	at org.springframework.security.web.FilterChainProxy$VirtualFilterChain.doFilter(FilterChainProxy.java:374) ~[spring-security-web-6.4.5.jar:6.4.5]
	at org.springframework.security.web.session.DisableEncodeUrlFilter.doFilterInternal(DisableEncodeUrlFilter.java:42) ~[spring-security-web-6.4.5.jar:6.4.5]
	at org.springframework.web.filter.OncePerRequestFilter.doFilter(OncePerRequestFilter.java:116) ~[spring-web-6.2.6.jar:6.2.6]
	at org.springframework.security.web.FilterChainProxy$VirtualFilterChain.doFilter(FilterChainProxy.java:374) ~[spring-security-web-6.4.5.jar:6.4.5]
	at org.springframework.security.web.FilterChainProxy.doFilterInternal(FilterChainProxy.java:233) ~[spring-security-web-6.4.5.jar:6.4.5]
	at org.springframework.security.web.FilterChainProxy.doFilter(FilterChainProxy.java:191) ~[spring-security-web-6.4.5.jar:6.4.5]
	at org.springframework.web.filter.CompositeFilter$VirtualFilterChain.doFilter(CompositeFilter.java:113) ~[spring-web-6.2.6.jar:6.2.6]
	at org.springframework.web.servlet.handler.HandlerMappingIntrospector.lambda$createCacheFilter$3(HandlerMappingIntrospector.java:243) ~[spring-webmvc-6.2.6.jar:6.2.6]
	at org.springframework.web.filter.CompositeFilter$VirtualFilterChain.doFilter(CompositeFilter.java:113) ~[spring-web-6.2.6.jar:6.2.6]
	at org.springframework.web.filter.CompositeFilter.doFilter(CompositeFilter.java:74) ~[spring-web-6.2.6.jar:6.2.6]
	at org.springframework.security.config.annotation.web.configuration.WebMvcSecurityConfiguration$CompositeFilterChainProxy.doFilter(WebMvcSecurityConfiguration.java:238) ~[spring-security-config-6.4.5.jar:6.4.5]
	at org.springframework.web.filter.DelegatingFilterProxy.invokeDelegate(DelegatingFilterProxy.java:362) ~[spring-web-6.2.6.jar:6.2.6]
	at org.springframework.web.filter.DelegatingFilterProxy.doFilter(DelegatingFilterProxy.java:278) ~[spring-web-6.2.6.jar:6.2.6]
	at org.apache.catalina.core.ApplicationFilterChain.internalDoFilter(ApplicationFilterChain.java:164) ~[tomcat-embed-core-10.1.40.jar:10.1.40]
	at org.apache.catalina.core.ApplicationFilterChain.doFilter(ApplicationFilterChain.java:140) ~[tomcat-embed-core-10.1.40.jar:10.1.40]
	at org.springframework.web.filter.RequestContextFilter.doFilterInternal(RequestContextFilter.java:100) ~[spring-web-6.2.6.jar:6.2.6]
	at org.springframework.web.filter.OncePerRequestFilter.doFilter(OncePerRequestFilter.java:116) ~[spring-web-6.2.6.jar:6.2.6]
	at org.apache.catalina.core.ApplicationFilterChain.internalDoFilter(ApplicationFilterChain.java:164) ~[tomcat-embed-core-10.1.40.jar:10.1.40]
	at org.apache.catalina.core.ApplicationFilterChain.doFilter(ApplicationFilterChain.java:140) ~[tomcat-embed-core-10.1.40.jar:10.1.40]
	at org.springframework.web.filter.FormContentFilter.doFilterInternal(FormContentFilter.java:93) ~[spring-web-6.2.6.jar:6.2.6]
	at org.springframework.web.filter.OncePerRequestFilter.doFilter(OncePerRequestFilter.java:116) ~[spring-web-6.2.6.jar:6.2.6]
	at org.apache.catalina.core.ApplicationFilterChain.internalDoFilter(ApplicationFilterChain.java:164) ~[tomcat-embed-core-10.1.40.jar:10.1.40]
	at org.apache.catalina.core.ApplicationFilterChain.doFilter(ApplicationFilterChain.java:140) ~[tomcat-embed-core-10.1.40.jar:10.1.40]
	at org.springframework.web.filter.CharacterEncodingFilter.doFilterInternal(CharacterEncodingFilter.java:201) ~[spring-web-6.2.6.jar:6.2.6]
	at org.springframework.web.filter.OncePerRequestFilter.doFilter(OncePerRequestFilter.java:116) ~[spring-web-6.2.6.jar:6.2.6]
	at org.apache.catalina.core.ApplicationFilterChain.internalDoFilter(ApplicationFilterChain.java:164) ~[tomcat-embed-core-10.1.40.jar:10.1.40]
	at org.apache.catalina.core.ApplicationFilterChain.doFilter(ApplicationFilterChain.java:140) ~[tomcat-embed-core-10.1.40.jar:10.1.40]
	at org.apache.catalina.core.StandardWrapperValve.invoke(StandardWrapperValve.java:167) ~[tomcat-embed-core-10.1.40.jar:10.1.40]
	at org.apache.catalina.core.StandardContextValve.invoke(StandardContextValve.java:90) ~[tomcat-embed-core-10.1.40.jar:10.1.40]
	at org.apache.catalina.authenticator.AuthenticatorBase.invoke(AuthenticatorBase.java:483) ~[tomcat-embed-core-10.1.40.jar:10.1.40]
	at org.apache.catalina.core.StandardHostValve.invoke(StandardHostValve.java:116) ~[tomcat-embed-core-10.1.40.jar:10.1.40]
	at org.apache.catalina.valves.ErrorReportValve.invoke(ErrorReportValve.java:93) ~[tomcat-embed-core-10.1.40.jar:10.1.40]
	at org.apache.catalina.core.StandardEngineValve.invoke(StandardEngineValve.java:74) ~[tomcat-embed-core-10.1.40.jar:10.1.40]
	at org.apache.catalina.connector.CoyoteAdapter.service(CoyoteAdapter.java:344) ~[tomcat-embed-core-10.1.40.jar:10.1.40]
	at org.apache.coyote.http11.Http11Processor.service(Http11Processor.java:398) ~[tomcat-embed-core-10.1.40.jar:10.1.40]
	at org.apache.coyote.AbstractProcessorLight.process(AbstractProcessorLight.java:63) ~[tomcat-embed-core-10.1.40.jar:10.1.40]
	at org.apache.coyote.AbstractProtocol$ConnectionHandler.process(AbstractProtocol.java:903) ~[tomcat-embed-core-10.1.40.jar:10.1.40]
	at org.apache.tomcat.util.net.NioEndpoint$SocketProcessor.doRun(NioEndpoint.java:1740) ~[tomcat-embed-core-10.1.40.jar:10.1.40]
	at org.apache.tomcat.util.net.SocketProcessorBase.run(SocketProcessorBase.java:52) ~[tomcat-embed-core-10.1.40.jar:10.1.40]
	at org.apache.tomcat.util.threads.ThreadPoolExecutor.runWorker(ThreadPoolExecutor.java:1189) ~[tomcat-embed-core-10.1.40.jar:10.1.40]
	at org.apache.tomcat.util.threads.ThreadPoolExecutor$Worker.run(ThreadPoolExecutor.java:658) ~[tomcat-embed-core-10.1.40.jar:10.1.40]
	at org.apache.tomcat.util.threads.TaskThread$WrappingRunnable.run(TaskThread.java:63) ~[tomcat-embed-core-10.1.40.jar:10.1.40]
	at java.base/java.lang.Thread.run(Thread.java:1516) ~[na:na]

2026-05-20T16:46:08.097-04:00 DEBUG 34460 --- [health-service] [http-nio-8085-exec-10] o.s.w.s.m.m.a.HttpEntityMethodProcessor  : Using 'application/json', given [*/*] and supported [application/json, application/*+json]
2026-05-20T16:46:08.097-04:00 DEBUG 34460 --- [health-service] [http-nio-8085-exec-10] o.s.w.s.m.m.a.HttpEntityMethodProcessor  : Writing [ErrorResponse[timestamp=2026-05-20T16:46:08.097572400, status=500, error=Internal Server Error, mess (truncated)...]
2026-05-20T16:46:08.099-04:00  WARN 34460 --- [health-service] [http-nio-8085-exec-10] .m.m.a.ExceptionHandlerExceptionResolver : Resolved [org.springframework.web.servlet.resource.NoResourceFoundException: No static resource health/by-id.]
2026-05-20T16:46:08.099-04:00 DEBUG 34460 --- [health-service] [http-nio-8085-exec-10] o.s.web.servlet.DispatcherServlet        : Completed 500 INTERNAL_SERVER_ERROR
2026-05-20T16:47:40.532-04:00  INFO 34460 --- [health-service] [SpringApplicationShutdownHook] o.s.b.w.e.tomcat.GracefulShutdown        : Commencing graceful shutdown. Waiting for active requests to complete
2026-05-20T16:47:40.551-04:00  INFO 34460 --- [health-service] [tomcat-shutdown] o.s.b.w.e.tomcat.GracefulShutdown        : Graceful shutdown complete
2026-05-20T16:47:40.564-04:00  INFO 34460 --- [health-service] [SpringApplicationShutdownHook] j.LocalContainerEntityManagerFactoryBean : Closing JPA EntityManagerFactory for persistence unit 'default'
2026-05-20T16:47:40.574-04:00  INFO 34460 --- [health-service] [SpringApplicationShutdownHook] com.zaxxer.hikari.HikariDataSource       : HikariPool-1 - Shutdown initiated...
2026-05-20T16:47:40.580-04:00  INFO 34460 --- [health-service] [SpringApplicationShutdownHook] com.zaxxer.hikari.HikariDataSource       : HikariPool-1 - Shutdown completed.
2026-05-20T16:48:22.492-04:00  INFO 33508 --- [health-service] [restartedMain] c.a.h.HealthServiceApplication           : Starting HealthServiceApplication using Java 26 with PID 33508 (C:\Users\camil\Documents\fullstack1\adoptapp\health-service\target\classes started by camil in C:\Users\camil\Documents\fullstack1\adoptapp)
2026-05-20T16:48:22.495-04:00 DEBUG 33508 --- [health-service] [restartedMain] c.a.h.HealthServiceApplication           : Running with Spring Boot v3.4.5, Spring v6.2.6
2026-05-20T16:48:22.495-04:00  INFO 33508 --- [health-service] [restartedMain] c.a.h.HealthServiceApplication           : No active profile set, falling back to 1 default profile: "default"
2026-05-20T16:48:22.572-04:00  INFO 33508 --- [health-service] [restartedMain] .e.DevToolsPropertyDefaultsPostProcessor : Devtools property defaults active! Set 'spring.devtools.add-properties' to 'false' to disable
2026-05-20T16:48:22.572-04:00  INFO 33508 --- [health-service] [restartedMain] .e.DevToolsPropertyDefaultsPostProcessor : For additional web related logging consider setting the 'logging.level.web' property to 'DEBUG'
2026-05-20T16:48:24.205-04:00  INFO 33508 --- [health-service] [restartedMain] .s.d.r.c.RepositoryConfigurationDelegate : Bootstrapping Spring Data JPA repositories in DEFAULT mode.
2026-05-20T16:48:24.304-04:00  INFO 33508 --- [health-service] [restartedMain] .s.d.r.c.RepositoryConfigurationDelegate : Finished Spring Data repository scanning in 82 ms. Found 2 JPA repository interfaces.
2026-05-20T16:48:24.843-04:00  INFO 33508 --- [health-service] [restartedMain] o.s.cloud.context.scope.GenericScope     : BeanFactory id=1fa17820-a0a9-3b24-8e59-449540ba714f
2026-05-20T16:48:25.980-04:00  INFO 33508 --- [health-service] [restartedMain] o.s.b.w.embedded.tomcat.TomcatWebServer  : Tomcat initialized with port 8085 (http)
2026-05-20T16:48:25.996-04:00  INFO 33508 --- [health-service] [restartedMain] o.apache.catalina.core.StandardService   : Starting service [Tomcat]
2026-05-20T16:48:25.997-04:00  INFO 33508 --- [health-service] [restartedMain] o.apache.catalina.core.StandardEngine    : Starting Servlet engine: [Apache Tomcat/10.1.40]
2026-05-20T16:48:26.093-04:00  INFO 33508 --- [health-service] [restartedMain] o.a.c.c.C.[.[localhost].[/health-app]    : Initializing Spring embedded WebApplicationContext
2026-05-20T16:48:26.093-04:00  INFO 33508 --- [health-service] [restartedMain] w.s.c.ServletWebServerApplicationContext : Root WebApplicationContext: initialization completed in 3520 ms
2026-05-20T16:48:26.765-04:00  INFO 33508 --- [health-service] [restartedMain] com.zaxxer.hikari.HikariDataSource       : HikariPool-1 - Starting...
2026-05-20T16:48:27.314-04:00  INFO 33508 --- [health-service] [restartedMain] com.zaxxer.hikari.pool.HikariPool        : HikariPool-1 - Added connection org.postgresql.jdbc.PgConnection@49153ba
2026-05-20T16:48:27.317-04:00  INFO 33508 --- [health-service] [restartedMain] com.zaxxer.hikari.HikariDataSource       : HikariPool-1 - Start completed.
2026-05-20T16:48:27.362-04:00  INFO 33508 --- [health-service] [restartedMain] org.flywaydb.core.FlywayExecutor         : Database: jdbc:postgresql://localhost:5432/health_db (PostgreSQL 18.3)
2026-05-20T16:48:27.380-04:00  WARN 33508 --- [health-service] [restartedMain] o.f.c.internal.database.base.Database    : Flyway upgrade recommended: PostgreSQL 18.3 is newer than this version of Flyway and support has not been tested. The latest supported version of PostgreSQL is 17.
2026-05-20T16:48:27.460-04:00  INFO 33508 --- [health-service] [restartedMain] o.f.core.internal.command.DbValidate     : Successfully validated 3 migrations (execution time 00:00.058s)
2026-05-20T16:48:27.626-04:00  INFO 33508 --- [health-service] [restartedMain] o.f.core.internal.command.DbMigrate      : Current version of schema "public": 3
2026-05-20T16:48:27.632-04:00  INFO 33508 --- [health-service] [restartedMain] o.f.core.internal.command.DbMigrate      : Schema "public" is up to date. No migration necessary.
2026-05-20T16:48:27.941-04:00  INFO 33508 --- [health-service] [restartedMain] o.hibernate.jpa.internal.util.LogHelper  : HHH000204: Processing PersistenceUnitInfo [name: default]
2026-05-20T16:48:28.064-04:00  INFO 33508 --- [health-service] [restartedMain] org.hibernate.Version                    : HHH000412: Hibernate ORM core version 6.6.13.Final
2026-05-20T16:48:28.128-04:00  INFO 33508 --- [health-service] [restartedMain] o.h.c.internal.RegionFactoryInitiator    : HHH000026: Second-level cache disabled
2026-05-20T16:48:28.676-04:00  INFO 33508 --- [health-service] [restartedMain] o.s.o.j.p.SpringPersistenceUnitInfo      : No LoadTimeWeaver setup: ignoring JPA class transformer
2026-05-20T16:48:28.782-04:00  WARN 33508 --- [health-service] [restartedMain] org.hibernate.orm.deprecation            : HHH90000025: PostgreSQLDialect does not need to be specified explicitly using 'hibernate.dialect' (remove the property setting and it will be selected by default)
2026-05-20T16:48:28.812-04:00  INFO 33508 --- [health-service] [restartedMain] org.hibernate.orm.connections.pooling    : HHH10001005: Database info:
	Database JDBC URL [Connecting through datasource 'HikariDataSource (HikariPool-1)']
	Database driver: undefined/unknown
	Database version: 18.3
	Autocommit mode: undefined/unknown
	Isolation level: undefined/unknown
	Minimum pool size: undefined/unknown
	Maximum pool size: undefined/unknown
2026-05-20T16:48:30.547-04:00  INFO 33508 --- [health-service] [restartedMain] o.h.e.t.j.p.i.JtaPlatformInitiator       : HHH000489: No JTA platform available (set 'hibernate.transaction.jta.platform' to enable JTA platform integration)
2026-05-20T16:48:30.610-04:00  INFO 33508 --- [health-service] [restartedMain] j.LocalContainerEntityManagerFactoryBean : Initialized JPA EntityManagerFactory for persistence unit 'default'
2026-05-20T16:48:31.002-04:00  WARN 33508 --- [health-service] [restartedMain] JpaBaseConfiguration$JpaWebConfiguration : spring.jpa.open-in-view is enabled by default. Therefore, database queries may be performed during view rendering. Explicitly configure spring.jpa.open-in-view to disable this warning
2026-05-20T16:48:31.353-04:00  WARN 33508 --- [health-service] [restartedMain] o.s.b.d.a.OptionalLiveReloadServer       : Unable to start LiveReload server
2026-05-20T16:48:33.274-04:00  INFO 33508 --- [health-service] [restartedMain] r$InitializeUserDetailsManagerConfigurer : Global AuthenticationManager configured with UserDetailsService bean with name customUserDetailsService
2026-05-20T16:48:33.686-04:00 DEBUG 33508 --- [health-service] [restartedMain] s.w.s.m.m.a.RequestMappingHandlerMapping : 8 mappings in 'requestMappingHandlerMapping'
2026-05-20T16:48:34.115-04:00 DEBUG 33508 --- [health-service] [restartedMain] o.s.w.s.handler.SimpleUrlHandlerMapping  : Patterns [/webjars/**, /**] in 'resourceHandlerMapping'
2026-05-20T16:48:34.757-04:00 DEBUG 33508 --- [health-service] [restartedMain] s.w.s.m.m.a.RequestMappingHandlerAdapter : ControllerAdvice beans: 0 @ModelAttribute, 0 @InitBinder, 1 RequestBodyAdvice, 1 ResponseBodyAdvice
2026-05-20T16:48:34.929-04:00 DEBUG 33508 --- [health-service] [restartedMain] .m.m.a.ExceptionHandlerExceptionResolver : ControllerAdvice beans: 1 @ExceptionHandler, 1 ResponseBodyAdvice
2026-05-20T16:48:36.877-04:00  INFO 33508 --- [health-service] [restartedMain] o.s.cloud.commons.util.InetUtils         : Cannot determine local hostname
2026-05-20T16:48:37.128-04:00  INFO 33508 --- [health-service] [restartedMain] o.s.b.w.embedded.tomcat.TomcatWebServer  : Tomcat started on port 8085 (http) with context path '/health-app'
2026-05-20T16:48:38.147-04:00  INFO 33508 --- [health-service] [restartedMain] o.s.cloud.commons.util.InetUtils         : Cannot determine local hostname
2026-05-20T16:48:38.164-04:00  INFO 33508 --- [health-service] [restartedMain] c.a.h.HealthServiceApplication           : Started HealthServiceApplication in 17.408 seconds (process running for 18.919)
2026-05-20T16:53:50.066-04:00  INFO 33508 --- [health-service] [http-nio-8085-exec-1] o.a.c.c.C.[.[localhost].[/health-app]    : Initializing Spring DispatcherServlet 'dispatcherServlet'
2026-05-20T16:53:50.066-04:00  INFO 33508 --- [health-service] [http-nio-8085-exec-1] o.s.web.servlet.DispatcherServlet        : Initializing Servlet 'dispatcherServlet'
2026-05-20T16:53:50.067-04:00 DEBUG 33508 --- [health-service] [http-nio-8085-exec-1] o.s.web.servlet.DispatcherServlet        : Detected StandardServletMultipartResolver
2026-05-20T16:53:50.067-04:00 DEBUG 33508 --- [health-service] [http-nio-8085-exec-1] o.s.web.servlet.DispatcherServlet        : Detected AcceptHeaderLocaleResolver
2026-05-20T16:53:50.067-04:00 DEBUG 33508 --- [health-service] [http-nio-8085-exec-1] o.s.web.servlet.DispatcherServlet        : Detected FixedThemeResolver
2026-05-20T16:53:50.068-04:00 DEBUG 33508 --- [health-service] [http-nio-8085-exec-1] o.s.web.servlet.DispatcherServlet        : Detected org.springframework.web.servlet.view.DefaultRequestToViewNameTranslator@50e5e2c
2026-05-20T16:53:50.068-04:00 DEBUG 33508 --- [health-service] [http-nio-8085-exec-1] o.s.web.servlet.DispatcherServlet        : Detected org.springframework.web.servlet.support.SessionFlashMapManager@45f5621f
2026-05-20T16:53:50.070-04:00 DEBUG 33508 --- [health-service] [http-nio-8085-exec-1] o.s.web.servlet.DispatcherServlet        : enableLoggingRequestDetails='false': request parameters and headers will be masked to prevent unsafe logging of potentially sensitive data
2026-05-20T16:53:50.070-04:00  INFO 33508 --- [health-service] [http-nio-8085-exec-1] o.s.web.servlet.DispatcherServlet        : Completed initialization in 3 ms
2026-05-20T16:53:50.205-04:00 DEBUG 33508 --- [health-service] [pool-2-thread-1] c.a.h.client.UserServiceClient           : [UserServiceClient#getUserAuthByEmail] ---> GET http://localhost:8081/user-app/users/by-email/admin%40empresa.com/auth HTTP/1.1
2026-05-20T16:53:50.344-04:00 DEBUG 33508 --- [health-service] [pool-2-thread-1] c.a.h.client.UserServiceClient           : [UserServiceClient#getUserAuthByEmail] <--- HTTP/1.1 200 (139ms)
2026-05-20T16:53:50.361-04:00 DEBUG 33508 --- [health-service] [pool-2-thread-1] o.s.w.c.HttpMessageConverterExtractor    : Reading to [com.adoptapp.sharedkernel.dto.UserAuthResponse]
2026-05-20T16:53:50.504-04:00 DEBUG 33508 --- [health-service] [http-nio-8085-exec-1] o.s.web.servlet.DispatcherServlet        : GET "/health-app/health/?vaccinationStatus=VACCINATED", parameters={masked}
2026-05-20T16:53:50.504-04:00 DEBUG 33508 --- [health-service] [http-nio-8085-exec-1] o.s.w.s.handler.SimpleUrlHandlerMapping  : Mapped to ResourceHttpRequestHandler [classpath [META-INF/resources/], classpath [resources/], classpath [static/], classpath [public/], ServletContext [/]]
2026-05-20T16:53:50.514-04:00 DEBUG 33508 --- [health-service] [http-nio-8085-exec-1] o.s.w.s.r.ResourceHttpRequestHandler     : Resource not found
2026-05-20T16:53:50.531-04:00 DEBUG 33508 --- [health-service] [http-nio-8085-exec-1] .m.m.a.ExceptionHandlerExceptionResolver : Using @ExceptionHandler com.adoptapp.healthservice.exception.GlobalExceptionHandler#handleGeneric(Exception, HttpServletRequest)
2026-05-20T16:53:50.533-04:00 ERROR 33508 --- [health-service] [http-nio-8085-exec-1] c.a.h.exception.GlobalExceptionHandler   : Error interno no manejado en /health-app/health/: No static resource health.

org.springframework.web.servlet.resource.NoResourceFoundException: No static resource health.
	at org.springframework.web.servlet.resource.ResourceHttpRequestHandler.handleRequest(ResourceHttpRequestHandler.java:585) ~[spring-webmvc-6.2.6.jar:6.2.6]
	at org.springframework.web.servlet.mvc.HttpRequestHandlerAdapter.handle(HttpRequestHandlerAdapter.java:52) ~[spring-webmvc-6.2.6.jar:6.2.6]
	at org.springframework.web.servlet.DispatcherServlet.doDispatch(DispatcherServlet.java:1089) ~[spring-webmvc-6.2.6.jar:6.2.6]
	at org.springframework.web.servlet.DispatcherServlet.doService(DispatcherServlet.java:979) ~[spring-webmvc-6.2.6.jar:6.2.6]
	at org.springframework.web.servlet.FrameworkServlet.processRequest(FrameworkServlet.java:1014) ~[spring-webmvc-6.2.6.jar:6.2.6]
	at org.springframework.web.servlet.FrameworkServlet.doGet(FrameworkServlet.java:903) ~[spring-webmvc-6.2.6.jar:6.2.6]
	at jakarta.servlet.http.HttpServlet.service(HttpServlet.java:564) ~[tomcat-embed-core-10.1.40.jar:6.0]
	at org.springframework.web.servlet.FrameworkServlet.service(FrameworkServlet.java:885) ~[spring-webmvc-6.2.6.jar:6.2.6]
	at jakarta.servlet.http.HttpServlet.service(HttpServlet.java:658) ~[tomcat-embed-core-10.1.40.jar:6.0]
	at org.apache.catalina.core.ApplicationFilterChain.internalDoFilter(ApplicationFilterChain.java:195) ~[tomcat-embed-core-10.1.40.jar:10.1.40]
	at org.apache.catalina.core.ApplicationFilterChain.doFilter(ApplicationFilterChain.java:140) ~[tomcat-embed-core-10.1.40.jar:10.1.40]
	at org.apache.tomcat.websocket.server.WsFilter.doFilter(WsFilter.java:51) ~[tomcat-embed-websocket-10.1.40.jar:10.1.40]
	at org.apache.catalina.core.ApplicationFilterChain.internalDoFilter(ApplicationFilterChain.java:164) ~[tomcat-embed-core-10.1.40.jar:10.1.40]
	at org.apache.catalina.core.ApplicationFilterChain.doFilter(ApplicationFilterChain.java:140) ~[tomcat-embed-core-10.1.40.jar:10.1.40]
	at org.springframework.web.filter.CompositeFilter$VirtualFilterChain.doFilter(CompositeFilter.java:108) ~[spring-web-6.2.6.jar:6.2.6]
	at org.springframework.security.web.FilterChainProxy.lambda$doFilterInternal$3(FilterChainProxy.java:231) ~[spring-security-web-6.4.5.jar:6.4.5]
	at org.springframework.security.web.FilterChainProxy$VirtualFilterChain.doFilter(FilterChainProxy.java:365) ~[spring-security-web-6.4.5.jar:6.4.5]
	at org.springframework.security.web.access.intercept.AuthorizationFilter.doFilter(AuthorizationFilter.java:101) ~[spring-security-web-6.4.5.jar:6.4.5]
	at org.springframework.security.web.FilterChainProxy$VirtualFilterChain.doFilter(FilterChainProxy.java:374) ~[spring-security-web-6.4.5.jar:6.4.5]
	at org.springframework.security.web.access.ExceptionTranslationFilter.doFilter(ExceptionTranslationFilter.java:126) ~[spring-security-web-6.4.5.jar:6.4.5]
	at org.springframework.security.web.access.ExceptionTranslationFilter.doFilter(ExceptionTranslationFilter.java:120) ~[spring-security-web-6.4.5.jar:6.4.5]
	at org.springframework.security.web.FilterChainProxy$VirtualFilterChain.doFilter(FilterChainProxy.java:374) ~[spring-security-web-6.4.5.jar:6.4.5]
	at org.springframework.security.web.session.SessionManagementFilter.doFilter(SessionManagementFilter.java:131) ~[spring-security-web-6.4.5.jar:6.4.5]
	at org.springframework.security.web.session.SessionManagementFilter.doFilter(SessionManagementFilter.java:85) ~[spring-security-web-6.4.5.jar:6.4.5]
	at org.springframework.security.web.FilterChainProxy$VirtualFilterChain.doFilter(FilterChainProxy.java:374) ~[spring-security-web-6.4.5.jar:6.4.5]
	at org.springframework.security.web.authentication.AnonymousAuthenticationFilter.doFilter(AnonymousAuthenticationFilter.java:100) ~[spring-security-web-6.4.5.jar:6.4.5]
	at org.springframework.security.web.FilterChainProxy$VirtualFilterChain.doFilter(FilterChainProxy.java:374) ~[spring-security-web-6.4.5.jar:6.4.5]
	at org.springframework.security.web.servletapi.SecurityContextHolderAwareRequestFilter.doFilter(SecurityContextHolderAwareRequestFilter.java:179) ~[spring-security-web-6.4.5.jar:6.4.5]
	at org.springframework.security.web.FilterChainProxy$VirtualFilterChain.doFilter(FilterChainProxy.java:374) ~[spring-security-web-6.4.5.jar:6.4.5]
	at org.springframework.security.web.savedrequest.RequestCacheAwareFilter.doFilter(RequestCacheAwareFilter.java:63) ~[spring-security-web-6.4.5.jar:6.4.5]
	at org.springframework.security.web.FilterChainProxy$VirtualFilterChain.doFilter(FilterChainProxy.java:374) ~[spring-security-web-6.4.5.jar:6.4.5]
	at org.springframework.security.web.authentication.www.BasicAuthenticationFilter.doFilterInternal(BasicAuthenticationFilter.java:213) ~[spring-security-web-6.4.5.jar:6.4.5]
	at org.springframework.web.filter.OncePerRequestFilter.doFilter(OncePerRequestFilter.java:116) ~[spring-web-6.2.6.jar:6.2.6]
	at org.springframework.security.web.FilterChainProxy$VirtualFilterChain.doFilter(FilterChainProxy.java:374) ~[spring-security-web-6.4.5.jar:6.4.5]
	at org.springframework.security.web.authentication.logout.LogoutFilter.doFilter(LogoutFilter.java:107) ~[spring-security-web-6.4.5.jar:6.4.5]
	at org.springframework.security.web.authentication.logout.LogoutFilter.doFilter(LogoutFilter.java:93) ~[spring-security-web-6.4.5.jar:6.4.5]
	at org.springframework.security.web.FilterChainProxy$VirtualFilterChain.doFilter(FilterChainProxy.java:374) ~[spring-security-web-6.4.5.jar:6.4.5]
	at org.springframework.security.web.header.HeaderWriterFilter.doHeadersAfter(HeaderWriterFilter.java:90) ~[spring-security-web-6.4.5.jar:6.4.5]
	at org.springframework.security.web.header.HeaderWriterFilter.doFilterInternal(HeaderWriterFilter.java:75) ~[spring-security-web-6.4.5.jar:6.4.5]
	at org.springframework.web.filter.OncePerRequestFilter.doFilter(OncePerRequestFilter.java:116) ~[spring-web-6.2.6.jar:6.2.6]
	at org.springframework.security.web.FilterChainProxy$VirtualFilterChain.doFilter(FilterChainProxy.java:374) ~[spring-security-web-6.4.5.jar:6.4.5]
	at org.springframework.security.web.context.SecurityContextHolderFilter.doFilter(SecurityContextHolderFilter.java:82) ~[spring-security-web-6.4.5.jar:6.4.5]
	at org.springframework.security.web.context.SecurityContextHolderFilter.doFilter(SecurityContextHolderFilter.java:69) ~[spring-security-web-6.4.5.jar:6.4.5]
	at org.springframework.security.web.FilterChainProxy$VirtualFilterChain.doFilter(FilterChainProxy.java:374) ~[spring-security-web-6.4.5.jar:6.4.5]
	at org.springframework.security.web.context.request.async.WebAsyncManagerIntegrationFilter.doFilterInternal(WebAsyncManagerIntegrationFilter.java:62) ~[spring-security-web-6.4.5.jar:6.4.5]
	at org.springframework.web.filter.OncePerRequestFilter.doFilter(OncePerRequestFilter.java:116) ~[spring-web-6.2.6.jar:6.2.6]
	at org.springframework.security.web.FilterChainProxy$VirtualFilterChain.doFilter(FilterChainProxy.java:374) ~[spring-security-web-6.4.5.jar:6.4.5]
	at org.springframework.security.web.session.DisableEncodeUrlFilter.doFilterInternal(DisableEncodeUrlFilter.java:42) ~[spring-security-web-6.4.5.jar:6.4.5]
	at org.springframework.web.filter.OncePerRequestFilter.doFilter(OncePerRequestFilter.java:116) ~[spring-web-6.2.6.jar:6.2.6]
	at org.springframework.security.web.FilterChainProxy$VirtualFilterChain.doFilter(FilterChainProxy.java:374) ~[spring-security-web-6.4.5.jar:6.4.5]
	at org.springframework.security.web.FilterChainProxy.doFilterInternal(FilterChainProxy.java:233) ~[spring-security-web-6.4.5.jar:6.4.5]
	at org.springframework.security.web.FilterChainProxy.doFilter(FilterChainProxy.java:191) ~[spring-security-web-6.4.5.jar:6.4.5]
	at org.springframework.web.filter.CompositeFilter$VirtualFilterChain.doFilter(CompositeFilter.java:113) ~[spring-web-6.2.6.jar:6.2.6]
	at org.springframework.web.servlet.handler.HandlerMappingIntrospector.lambda$createCacheFilter$3(HandlerMappingIntrospector.java:243) ~[spring-webmvc-6.2.6.jar:6.2.6]
	at org.springframework.web.filter.CompositeFilter$VirtualFilterChain.doFilter(CompositeFilter.java:113) ~[spring-web-6.2.6.jar:6.2.6]
	at org.springframework.web.filter.CompositeFilter.doFilter(CompositeFilter.java:74) ~[spring-web-6.2.6.jar:6.2.6]
	at org.springframework.security.config.annotation.web.configuration.WebMvcSecurityConfiguration$CompositeFilterChainProxy.doFilter(WebMvcSecurityConfiguration.java:238) ~[spring-security-config-6.4.5.jar:6.4.5]
	at org.springframework.web.filter.DelegatingFilterProxy.invokeDelegate(DelegatingFilterProxy.java:362) ~[spring-web-6.2.6.jar:6.2.6]
	at org.springframework.web.filter.DelegatingFilterProxy.doFilter(DelegatingFilterProxy.java:278) ~[spring-web-6.2.6.jar:6.2.6]
	at org.apache.catalina.core.ApplicationFilterChain.internalDoFilter(ApplicationFilterChain.java:164) ~[tomcat-embed-core-10.1.40.jar:10.1.40]
	at org.apache.catalina.core.ApplicationFilterChain.doFilter(ApplicationFilterChain.java:140) ~[tomcat-embed-core-10.1.40.jar:10.1.40]
	at org.springframework.web.filter.RequestContextFilter.doFilterInternal(RequestContextFilter.java:100) ~[spring-web-6.2.6.jar:6.2.6]
	at org.springframework.web.filter.OncePerRequestFilter.doFilter(OncePerRequestFilter.java:116) ~[spring-web-6.2.6.jar:6.2.6]
	at org.apache.catalina.core.ApplicationFilterChain.internalDoFilter(ApplicationFilterChain.java:164) ~[tomcat-embed-core-10.1.40.jar:10.1.40]
	at org.apache.catalina.core.ApplicationFilterChain.doFilter(ApplicationFilterChain.java:140) ~[tomcat-embed-core-10.1.40.jar:10.1.40]
	at org.springframework.web.filter.FormContentFilter.doFilterInternal(FormContentFilter.java:93) ~[spring-web-6.2.6.jar:6.2.6]
	at org.springframework.web.filter.OncePerRequestFilter.doFilter(OncePerRequestFilter.java:116) ~[spring-web-6.2.6.jar:6.2.6]
	at org.apache.catalina.core.ApplicationFilterChain.internalDoFilter(ApplicationFilterChain.java:164) ~[tomcat-embed-core-10.1.40.jar:10.1.40]
	at org.apache.catalina.core.ApplicationFilterChain.doFilter(ApplicationFilterChain.java:140) ~[tomcat-embed-core-10.1.40.jar:10.1.40]
	at org.springframework.web.filter.CharacterEncodingFilter.doFilterInternal(CharacterEncodingFilter.java:201) ~[spring-web-6.2.6.jar:6.2.6]
	at org.springframework.web.filter.OncePerRequestFilter.doFilter(OncePerRequestFilter.java:116) ~[spring-web-6.2.6.jar:6.2.6]
	at org.apache.catalina.core.ApplicationFilterChain.internalDoFilter(ApplicationFilterChain.java:164) ~[tomcat-embed-core-10.1.40.jar:10.1.40]
	at org.apache.catalina.core.ApplicationFilterChain.doFilter(ApplicationFilterChain.java:140) ~[tomcat-embed-core-10.1.40.jar:10.1.40]
	at org.apache.catalina.core.StandardWrapperValve.invoke(StandardWrapperValve.java:167) ~[tomcat-embed-core-10.1.40.jar:10.1.40]
	at org.apache.catalina.core.StandardContextValve.invoke(StandardContextValve.java:90) ~[tomcat-embed-core-10.1.40.jar:10.1.40]
	at org.apache.catalina.authenticator.AuthenticatorBase.invoke(AuthenticatorBase.java:483) ~[tomcat-embed-core-10.1.40.jar:10.1.40]
	at org.apache.catalina.core.StandardHostValve.invoke(StandardHostValve.java:116) ~[tomcat-embed-core-10.1.40.jar:10.1.40]
	at org.apache.catalina.valves.ErrorReportValve.invoke(ErrorReportValve.java:93) ~[tomcat-embed-core-10.1.40.jar:10.1.40]
	at org.apache.catalina.core.StandardEngineValve.invoke(StandardEngineValve.java:74) ~[tomcat-embed-core-10.1.40.jar:10.1.40]
	at org.apache.catalina.connector.CoyoteAdapter.service(CoyoteAdapter.java:344) ~[tomcat-embed-core-10.1.40.jar:10.1.40]
	at org.apache.coyote.http11.Http11Processor.service(Http11Processor.java:398) ~[tomcat-embed-core-10.1.40.jar:10.1.40]
	at org.apache.coyote.AbstractProcessorLight.process(AbstractProcessorLight.java:63) ~[tomcat-embed-core-10.1.40.jar:10.1.40]
	at org.apache.coyote.AbstractProtocol$ConnectionHandler.process(AbstractProtocol.java:903) ~[tomcat-embed-core-10.1.40.jar:10.1.40]
	at org.apache.tomcat.util.net.NioEndpoint$SocketProcessor.doRun(NioEndpoint.java:1740) ~[tomcat-embed-core-10.1.40.jar:10.1.40]
	at org.apache.tomcat.util.net.SocketProcessorBase.run(SocketProcessorBase.java:52) ~[tomcat-embed-core-10.1.40.jar:10.1.40]
	at org.apache.tomcat.util.threads.ThreadPoolExecutor.runWorker(ThreadPoolExecutor.java:1189) ~[tomcat-embed-core-10.1.40.jar:10.1.40]
	at org.apache.tomcat.util.threads.ThreadPoolExecutor$Worker.run(ThreadPoolExecutor.java:658) ~[tomcat-embed-core-10.1.40.jar:10.1.40]
	at org.apache.tomcat.util.threads.TaskThread$WrappingRunnable.run(TaskThread.java:63) ~[tomcat-embed-core-10.1.40.jar:10.1.40]
	at java.base/java.lang.Thread.run(Thread.java:1516) ~[na:na]

2026-05-20T16:53:50.553-04:00 DEBUG 33508 --- [health-service] [http-nio-8085-exec-1] o.s.w.s.m.m.a.HttpEntityMethodProcessor  : Using 'application/json', given [*/*] and supported [application/json, application/*+json]
2026-05-20T16:53:50.563-04:00 DEBUG 33508 --- [health-service] [http-nio-8085-exec-1] o.s.w.s.m.m.a.HttpEntityMethodProcessor  : Writing [ErrorResponse[timestamp=2026-05-20T16:53:50.543314600, status=500, error=Internal Server Error, mess (truncated)...]
2026-05-20T16:53:50.571-04:00  WARN 33508 --- [health-service] [http-nio-8085-exec-1] .m.m.a.ExceptionHandlerExceptionResolver : Resolved [org.springframework.web.servlet.resource.NoResourceFoundException: No static resource health.]
2026-05-20T16:53:50.573-04:00 DEBUG 33508 --- [health-service] [http-nio-8085-exec-1] o.s.web.servlet.DispatcherServlet        : Completed 500 INTERNAL_SERVER_ERROR
2026-05-20T16:53:50.628-04:00 DEBUG 33508 --- [health-service] [pool-2-thread-1] c.a.h.client.UserServiceClient           : [UserServiceClient#getUserAuthByEmail] ---> GET http://localhost:8081/user-app/users/by-email/admin%40empresa.com/auth HTTP/1.1
2026-05-20T16:53:50.768-04:00 DEBUG 33508 --- [health-service] [pool-2-thread-1] c.a.h.client.UserServiceClient           : [UserServiceClient#getUserAuthByEmail] <--- HTTP/1.1 200 (143ms)
2026-05-20T16:53:50.768-04:00 DEBUG 33508 --- [health-service] [pool-2-thread-1] o.s.w.c.HttpMessageConverterExtractor    : Reading to [com.adoptapp.sharedkernel.dto.UserAuthResponse]
2026-05-20T16:53:50.895-04:00 DEBUG 33508 --- [health-service] [http-nio-8085-exec-2] o.s.web.servlet.DispatcherServlet        : GET "/health-app/health/by-id/", parameters={}
2026-05-20T16:53:50.899-04:00 DEBUG 33508 --- [health-service] [http-nio-8085-exec-2] o.s.w.s.handler.SimpleUrlHandlerMapping  : Mapped to ResourceHttpRequestHandler [classpath [META-INF/resources/], classpath [resources/], classpath [static/], classpath [public/], ServletContext [/]]
2026-05-20T16:53:50.902-04:00 DEBUG 33508 --- [health-service] [http-nio-8085-exec-2] o.s.w.s.r.ResourceHttpRequestHandler     : Resource not found
2026-05-20T16:53:50.902-04:00 DEBUG 33508 --- [health-service] [http-nio-8085-exec-2] .m.m.a.ExceptionHandlerExceptionResolver : Using @ExceptionHandler com.adoptapp.healthservice.exception.GlobalExceptionHandler#handleGeneric(Exception, HttpServletRequest)
2026-05-20T16:53:50.904-04:00 ERROR 33508 --- [health-service] [http-nio-8085-exec-2] c.a.h.exception.GlobalExceptionHandler   : Error interno no manejado en /health-app/health/by-id/: No static resource health/by-id.

org.springframework.web.servlet.resource.NoResourceFoundException: No static resource health/by-id.
	at org.springframework.web.servlet.resource.ResourceHttpRequestHandler.handleRequest(ResourceHttpRequestHandler.java:585) ~[spring-webmvc-6.2.6.jar:6.2.6]
	at org.springframework.web.servlet.mvc.HttpRequestHandlerAdapter.handle(HttpRequestHandlerAdapter.java:52) ~[spring-webmvc-6.2.6.jar:6.2.6]
	at org.springframework.web.servlet.DispatcherServlet.doDispatch(DispatcherServlet.java:1089) ~[spring-webmvc-6.2.6.jar:6.2.6]
	at org.springframework.web.servlet.DispatcherServlet.doService(DispatcherServlet.java:979) ~[spring-webmvc-6.2.6.jar:6.2.6]
	at org.springframework.web.servlet.FrameworkServlet.processRequest(FrameworkServlet.java:1014) ~[spring-webmvc-6.2.6.jar:6.2.6]
	at org.springframework.web.servlet.FrameworkServlet.doGet(FrameworkServlet.java:903) ~[spring-webmvc-6.2.6.jar:6.2.6]
	at jakarta.servlet.http.HttpServlet.service(HttpServlet.java:564) ~[tomcat-embed-core-10.1.40.jar:6.0]
	at org.springframework.web.servlet.FrameworkServlet.service(FrameworkServlet.java:885) ~[spring-webmvc-6.2.6.jar:6.2.6]
	at jakarta.servlet.http.HttpServlet.service(HttpServlet.java:658) ~[tomcat-embed-core-10.1.40.jar:6.0]
	at org.apache.catalina.core.ApplicationFilterChain.internalDoFilter(ApplicationFilterChain.java:195) ~[tomcat-embed-core-10.1.40.jar:10.1.40]
	at org.apache.catalina.core.ApplicationFilterChain.doFilter(ApplicationFilterChain.java:140) ~[tomcat-embed-core-10.1.40.jar:10.1.40]
	at org.apache.tomcat.websocket.server.WsFilter.doFilter(WsFilter.java:51) ~[tomcat-embed-websocket-10.1.40.jar:10.1.40]
	at org.apache.catalina.core.ApplicationFilterChain.internalDoFilter(ApplicationFilterChain.java:164) ~[tomcat-embed-core-10.1.40.jar:10.1.40]
	at org.apache.catalina.core.ApplicationFilterChain.doFilter(ApplicationFilterChain.java:140) ~[tomcat-embed-core-10.1.40.jar:10.1.40]
	at org.springframework.web.filter.CompositeFilter$VirtualFilterChain.doFilter(CompositeFilter.java:108) ~[spring-web-6.2.6.jar:6.2.6]
	at org.springframework.security.web.FilterChainProxy.lambda$doFilterInternal$3(FilterChainProxy.java:231) ~[spring-security-web-6.4.5.jar:6.4.5]
	at org.springframework.security.web.FilterChainProxy$VirtualFilterChain.doFilter(FilterChainProxy.java:365) ~[spring-security-web-6.4.5.jar:6.4.5]
	at org.springframework.security.web.access.intercept.AuthorizationFilter.doFilter(AuthorizationFilter.java:101) ~[spring-security-web-6.4.5.jar:6.4.5]
	at org.springframework.security.web.FilterChainProxy$VirtualFilterChain.doFilter(FilterChainProxy.java:374) ~[spring-security-web-6.4.5.jar:6.4.5]
	at org.springframework.security.web.access.ExceptionTranslationFilter.doFilter(ExceptionTranslationFilter.java:126) ~[spring-security-web-6.4.5.jar:6.4.5]
	at org.springframework.security.web.access.ExceptionTranslationFilter.doFilter(ExceptionTranslationFilter.java:120) ~[spring-security-web-6.4.5.jar:6.4.5]
	at org.springframework.security.web.FilterChainProxy$VirtualFilterChain.doFilter(FilterChainProxy.java:374) ~[spring-security-web-6.4.5.jar:6.4.5]
	at org.springframework.security.web.session.SessionManagementFilter.doFilter(SessionManagementFilter.java:131) ~[spring-security-web-6.4.5.jar:6.4.5]
	at org.springframework.security.web.session.SessionManagementFilter.doFilter(SessionManagementFilter.java:85) ~[spring-security-web-6.4.5.jar:6.4.5]
	at org.springframework.security.web.FilterChainProxy$VirtualFilterChain.doFilter(FilterChainProxy.java:374) ~[spring-security-web-6.4.5.jar:6.4.5]
	at org.springframework.security.web.authentication.AnonymousAuthenticationFilter.doFilter(AnonymousAuthenticationFilter.java:100) ~[spring-security-web-6.4.5.jar:6.4.5]
	at org.springframework.security.web.FilterChainProxy$VirtualFilterChain.doFilter(FilterChainProxy.java:374) ~[spring-security-web-6.4.5.jar:6.4.5]
	at org.springframework.security.web.servletapi.SecurityContextHolderAwareRequestFilter.doFilter(SecurityContextHolderAwareRequestFilter.java:179) ~[spring-security-web-6.4.5.jar:6.4.5]
	at org.springframework.security.web.FilterChainProxy$VirtualFilterChain.doFilter(FilterChainProxy.java:374) ~[spring-security-web-6.4.5.jar:6.4.5]
	at org.springframework.security.web.savedrequest.RequestCacheAwareFilter.doFilter(RequestCacheAwareFilter.java:63) ~[spring-security-web-6.4.5.jar:6.4.5]
	at org.springframework.security.web.FilterChainProxy$VirtualFilterChain.doFilter(FilterChainProxy.java:374) ~[spring-security-web-6.4.5.jar:6.4.5]
	at org.springframework.security.web.authentication.www.BasicAuthenticationFilter.doFilterInternal(BasicAuthenticationFilter.java:213) ~[spring-security-web-6.4.5.jar:6.4.5]
	at org.springframework.web.filter.OncePerRequestFilter.doFilter(OncePerRequestFilter.java:116) ~[spring-web-6.2.6.jar:6.2.6]
	at org.springframework.security.web.FilterChainProxy$VirtualFilterChain.doFilter(FilterChainProxy.java:374) ~[spring-security-web-6.4.5.jar:6.4.5]
	at org.springframework.security.web.authentication.logout.LogoutFilter.doFilter(LogoutFilter.java:107) ~[spring-security-web-6.4.5.jar:6.4.5]
	at org.springframework.security.web.authentication.logout.LogoutFilter.doFilter(LogoutFilter.java:93) ~[spring-security-web-6.4.5.jar:6.4.5]
	at org.springframework.security.web.FilterChainProxy$VirtualFilterChain.doFilter(FilterChainProxy.java:374) ~[spring-security-web-6.4.5.jar:6.4.5]
	at org.springframework.security.web.header.HeaderWriterFilter.doHeadersAfter(HeaderWriterFilter.java:90) ~[spring-security-web-6.4.5.jar:6.4.5]
	at org.springframework.security.web.header.HeaderWriterFilter.doFilterInternal(HeaderWriterFilter.java:75) ~[spring-security-web-6.4.5.jar:6.4.5]
	at org.springframework.web.filter.OncePerRequestFilter.doFilter(OncePerRequestFilter.java:116) ~[spring-web-6.2.6.jar:6.2.6]
	at org.springframework.security.web.FilterChainProxy$VirtualFilterChain.doFilter(FilterChainProxy.java:374) ~[spring-security-web-6.4.5.jar:6.4.5]
	at org.springframework.security.web.context.SecurityContextHolderFilter.doFilter(SecurityContextHolderFilter.java:82) ~[spring-security-web-6.4.5.jar:6.4.5]
	at org.springframework.security.web.context.SecurityContextHolderFilter.doFilter(SecurityContextHolderFilter.java:69) ~[spring-security-web-6.4.5.jar:6.4.5]
	at org.springframework.security.web.FilterChainProxy$VirtualFilterChain.doFilter(FilterChainProxy.java:374) ~[spring-security-web-6.4.5.jar:6.4.5]
	at org.springframework.security.web.context.request.async.WebAsyncManagerIntegrationFilter.doFilterInternal(WebAsyncManagerIntegrationFilter.java:62) ~[spring-security-web-6.4.5.jar:6.4.5]
	at org.springframework.web.filter.OncePerRequestFilter.doFilter(OncePerRequestFilter.java:116) ~[spring-web-6.2.6.jar:6.2.6]
	at org.springframework.security.web.FilterChainProxy$VirtualFilterChain.doFilter(FilterChainProxy.java:374) ~[spring-security-web-6.4.5.jar:6.4.5]
	at org.springframework.security.web.session.DisableEncodeUrlFilter.doFilterInternal(DisableEncodeUrlFilter.java:42) ~[spring-security-web-6.4.5.jar:6.4.5]
	at org.springframework.web.filter.OncePerRequestFilter.doFilter(OncePerRequestFilter.java:116) ~[spring-web-6.2.6.jar:6.2.6]
	at org.springframework.security.web.FilterChainProxy$VirtualFilterChain.doFilter(FilterChainProxy.java:374) ~[spring-security-web-6.4.5.jar:6.4.5]
	at org.springframework.security.web.FilterChainProxy.doFilterInternal(FilterChainProxy.java:233) ~[spring-security-web-6.4.5.jar:6.4.5]
	at org.springframework.security.web.FilterChainProxy.doFilter(FilterChainProxy.java:191) ~[spring-security-web-6.4.5.jar:6.4.5]
	at org.springframework.web.filter.CompositeFilter$VirtualFilterChain.doFilter(CompositeFilter.java:113) ~[spring-web-6.2.6.jar:6.2.6]
	at org.springframework.web.servlet.handler.HandlerMappingIntrospector.lambda$createCacheFilter$3(HandlerMappingIntrospector.java:243) ~[spring-webmvc-6.2.6.jar:6.2.6]
	at org.springframework.web.filter.CompositeFilter$VirtualFilterChain.doFilter(CompositeFilter.java:113) ~[spring-web-6.2.6.jar:6.2.6]
	at org.springframework.web.filter.CompositeFilter.doFilter(CompositeFilter.java:74) ~[spring-web-6.2.6.jar:6.2.6]
	at org.springframework.security.config.annotation.web.configuration.WebMvcSecurityConfiguration$CompositeFilterChainProxy.doFilter(WebMvcSecurityConfiguration.java:238) ~[spring-security-config-6.4.5.jar:6.4.5]
	at org.springframework.web.filter.DelegatingFilterProxy.invokeDelegate(DelegatingFilterProxy.java:362) ~[spring-web-6.2.6.jar:6.2.6]
	at org.springframework.web.filter.DelegatingFilterProxy.doFilter(DelegatingFilterProxy.java:278) ~[spring-web-6.2.6.jar:6.2.6]
	at org.apache.catalina.core.ApplicationFilterChain.internalDoFilter(ApplicationFilterChain.java:164) ~[tomcat-embed-core-10.1.40.jar:10.1.40]
	at org.apache.catalina.core.ApplicationFilterChain.doFilter(ApplicationFilterChain.java:140) ~[tomcat-embed-core-10.1.40.jar:10.1.40]
	at org.springframework.web.filter.RequestContextFilter.doFilterInternal(RequestContextFilter.java:100) ~[spring-web-6.2.6.jar:6.2.6]
	at org.springframework.web.filter.OncePerRequestFilter.doFilter(OncePerRequestFilter.java:116) ~[spring-web-6.2.6.jar:6.2.6]
	at org.apache.catalina.core.ApplicationFilterChain.internalDoFilter(ApplicationFilterChain.java:164) ~[tomcat-embed-core-10.1.40.jar:10.1.40]
	at org.apache.catalina.core.ApplicationFilterChain.doFilter(ApplicationFilterChain.java:140) ~[tomcat-embed-core-10.1.40.jar:10.1.40]
	at org.springframework.web.filter.FormContentFilter.doFilterInternal(FormContentFilter.java:93) ~[spring-web-6.2.6.jar:6.2.6]
	at org.springframework.web.filter.OncePerRequestFilter.doFilter(OncePerRequestFilter.java:116) ~[spring-web-6.2.6.jar:6.2.6]
	at org.apache.catalina.core.ApplicationFilterChain.internalDoFilter(ApplicationFilterChain.java:164) ~[tomcat-embed-core-10.1.40.jar:10.1.40]
	at org.apache.catalina.core.ApplicationFilterChain.doFilter(ApplicationFilterChain.java:140) ~[tomcat-embed-core-10.1.40.jar:10.1.40]
	at org.springframework.web.filter.CharacterEncodingFilter.doFilterInternal(CharacterEncodingFilter.java:201) ~[spring-web-6.2.6.jar:6.2.6]
	at org.springframework.web.filter.OncePerRequestFilter.doFilter(OncePerRequestFilter.java:116) ~[spring-web-6.2.6.jar:6.2.6]
	at org.apache.catalina.core.ApplicationFilterChain.internalDoFilter(ApplicationFilterChain.java:164) ~[tomcat-embed-core-10.1.40.jar:10.1.40]
	at org.apache.catalina.core.ApplicationFilterChain.doFilter(ApplicationFilterChain.java:140) ~[tomcat-embed-core-10.1.40.jar:10.1.40]
	at org.apache.catalina.core.StandardWrapperValve.invoke(StandardWrapperValve.java:167) ~[tomcat-embed-core-10.1.40.jar:10.1.40]
	at org.apache.catalina.core.StandardContextValve.invoke(StandardContextValve.java:90) ~[tomcat-embed-core-10.1.40.jar:10.1.40]
	at org.apache.catalina.authenticator.AuthenticatorBase.invoke(AuthenticatorBase.java:483) ~[tomcat-embed-core-10.1.40.jar:10.1.40]
	at org.apache.catalina.core.StandardHostValve.invoke(StandardHostValve.java:116) ~[tomcat-embed-core-10.1.40.jar:10.1.40]
	at org.apache.catalina.valves.ErrorReportValve.invoke(ErrorReportValve.java:93) ~[tomcat-embed-core-10.1.40.jar:10.1.40]
	at org.apache.catalina.core.StandardEngineValve.invoke(StandardEngineValve.java:74) ~[tomcat-embed-core-10.1.40.jar:10.1.40]
	at org.apache.catalina.connector.CoyoteAdapter.service(CoyoteAdapter.java:344) ~[tomcat-embed-core-10.1.40.jar:10.1.40]
	at org.apache.coyote.http11.Http11Processor.service(Http11Processor.java:398) ~[tomcat-embed-core-10.1.40.jar:10.1.40]
	at org.apache.coyote.AbstractProcessorLight.process(AbstractProcessorLight.java:63) ~[tomcat-embed-core-10.1.40.jar:10.1.40]
	at org.apache.coyote.AbstractProtocol$ConnectionHandler.process(AbstractProtocol.java:903) ~[tomcat-embed-core-10.1.40.jar:10.1.40]
	at org.apache.tomcat.util.net.NioEndpoint$SocketProcessor.doRun(NioEndpoint.java:1740) ~[tomcat-embed-core-10.1.40.jar:10.1.40]
	at org.apache.tomcat.util.net.SocketProcessorBase.run(SocketProcessorBase.java:52) ~[tomcat-embed-core-10.1.40.jar:10.1.40]
	at org.apache.tomcat.util.threads.ThreadPoolExecutor.runWorker(ThreadPoolExecutor.java:1189) ~[tomcat-embed-core-10.1.40.jar:10.1.40]
	at org.apache.tomcat.util.threads.ThreadPoolExecutor$Worker.run(ThreadPoolExecutor.java:658) ~[tomcat-embed-core-10.1.40.jar:10.1.40]
	at org.apache.tomcat.util.threads.TaskThread$WrappingRunnable.run(TaskThread.java:63) ~[tomcat-embed-core-10.1.40.jar:10.1.40]
	at java.base/java.lang.Thread.run(Thread.java:1516) ~[na:na]

2026-05-20T16:53:50.905-04:00 DEBUG 33508 --- [health-service] [http-nio-8085-exec-2] o.s.w.s.m.m.a.HttpEntityMethodProcessor  : Using 'application/json', given [*/*] and supported [application/json, application/*+json]
2026-05-20T16:53:50.905-04:00 DEBUG 33508 --- [health-service] [http-nio-8085-exec-2] o.s.w.s.m.m.a.HttpEntityMethodProcessor  : Writing [ErrorResponse[timestamp=2026-05-20T16:53:50.905740600, status=500, error=Internal Server Error, mess (truncated)...]
2026-05-20T16:53:50.905-04:00  WARN 33508 --- [health-service] [http-nio-8085-exec-2] .m.m.a.ExceptionHandlerExceptionResolver : Resolved [org.springframework.web.servlet.resource.NoResourceFoundException: No static resource health/by-id.]
2026-05-20T16:53:50.908-04:00 DEBUG 33508 --- [health-service] [http-nio-8085-exec-2] o.s.web.servlet.DispatcherServlet        : Completed 500 INTERNAL_SERVER_ERROR
2026-05-20T16:53:51.065-04:00 DEBUG 33508 --- [health-service] [pool-2-thread-1] c.a.h.client.UserServiceClient           : [UserServiceClient#getUserAuthByEmail] ---> GET http://localhost:8081/user-app/users/by-email/admin%40empresa.com/auth HTTP/1.1
2026-05-20T16:53:51.202-04:00 DEBUG 33508 --- [health-service] [pool-2-thread-1] c.a.h.client.UserServiceClient           : [UserServiceClient#getUserAuthByEmail] <--- HTTP/1.1 200 (143ms)
2026-05-20T16:53:51.202-04:00 DEBUG 33508 --- [health-service] [pool-2-thread-1] o.s.w.c.HttpMessageConverterExtractor    : Reading to [com.adoptapp.sharedkernel.dto.UserAuthResponse]
2026-05-20T16:53:51.332-04:00 DEBUG 33508 --- [health-service] [http-nio-8085-exec-6] o.s.web.servlet.DispatcherServlet        : POST "/health-app/health", parameters={}
2026-05-20T16:53:51.332-04:00 DEBUG 33508 --- [health-service] [http-nio-8085-exec-6] s.w.s.m.m.a.RequestMappingHandlerMapping : Mapped to com.adoptapp.healthservice.controller.HealthController#createForm(HealthRequest)
2026-05-20T16:53:51.352-04:00 DEBUG 33508 --- [health-service] [http-nio-8085-exec-6] o.s.web.method.HandlerMethod             : Could not resolve parameter [0] in public org.springframework.http.ResponseEntity<com.adoptapp.healthservice.dto.HealthResponse> com.adoptapp.healthservice.controller.HealthController.createForm(com.adoptapp.healthservice.dto.HealthRequest): JSON parse error: Unexpected character (',' (code 44)): expected a value
2026-05-20T16:53:51.352-04:00 DEBUG 33508 --- [health-service] [http-nio-8085-exec-6] .m.m.a.ExceptionHandlerExceptionResolver : Using @ExceptionHandler com.adoptapp.healthservice.exception.GlobalExceptionHandler#handleGeneric(Exception, HttpServletRequest)
2026-05-20T16:53:51.352-04:00 ERROR 33508 --- [health-service] [http-nio-8085-exec-6] c.a.h.exception.GlobalExceptionHandler   : Error interno no manejado en /health-app/health: JSON parse error: Unexpected character (',' (code 44)): expected a value

org.springframework.http.converter.HttpMessageNotReadableException: JSON parse error: Unexpected character (',' (code 44)): expected a value
	at org.springframework.http.converter.json.AbstractJackson2HttpMessageConverter.readJavaType(AbstractJackson2HttpMessageConverter.java:409) ~[spring-web-6.2.6.jar:6.2.6]
	at org.springframework.http.converter.json.AbstractJackson2HttpMessageConverter.read(AbstractJackson2HttpMessageConverter.java:357) ~[spring-web-6.2.6.jar:6.2.6]
	at org.springframework.web.servlet.mvc.method.annotation.AbstractMessageConverterMethodArgumentResolver.readWithMessageConverters(AbstractMessageConverterMethodArgumentResolver.java:204) ~[spring-webmvc-6.2.6.jar:6.2.6]
	at org.springframework.web.servlet.mvc.method.annotation.RequestResponseBodyMethodProcessor.readWithMessageConverters(RequestResponseBodyMethodProcessor.java:176) ~[spring-webmvc-6.2.6.jar:6.2.6]
	at org.springframework.web.servlet.mvc.method.annotation.RequestResponseBodyMethodProcessor.resolveArgument(RequestResponseBodyMethodProcessor.java:150) ~[spring-webmvc-6.2.6.jar:6.2.6]
	at org.springframework.web.method.support.HandlerMethodArgumentResolverComposite.resolveArgument(HandlerMethodArgumentResolverComposite.java:122) ~[spring-web-6.2.6.jar:6.2.6]
	at org.springframework.web.method.support.InvocableHandlerMethod.getMethodArgumentValues(InvocableHandlerMethod.java:227) ~[spring-web-6.2.6.jar:6.2.6]
	at org.springframework.web.method.support.InvocableHandlerMethod.invokeForRequest(InvocableHandlerMethod.java:181) ~[spring-web-6.2.6.jar:6.2.6]
	at org.springframework.web.servlet.mvc.method.annotation.ServletInvocableHandlerMethod.invokeAndHandle(ServletInvocableHandlerMethod.java:118) ~[spring-webmvc-6.2.6.jar:6.2.6]
	at org.springframework.web.servlet.mvc.method.annotation.RequestMappingHandlerAdapter.invokeHandlerMethod(RequestMappingHandlerAdapter.java:986) ~[spring-webmvc-6.2.6.jar:6.2.6]
	at org.springframework.web.servlet.mvc.method.annotation.RequestMappingHandlerAdapter.handleInternal(RequestMappingHandlerAdapter.java:891) ~[spring-webmvc-6.2.6.jar:6.2.6]
	at org.springframework.web.servlet.mvc.method.AbstractHandlerMethodAdapter.handle(AbstractHandlerMethodAdapter.java:87) ~[spring-webmvc-6.2.6.jar:6.2.6]
	at org.springframework.web.servlet.DispatcherServlet.doDispatch(DispatcherServlet.java:1089) ~[spring-webmvc-6.2.6.jar:6.2.6]
	at org.springframework.web.servlet.DispatcherServlet.doService(DispatcherServlet.java:979) ~[spring-webmvc-6.2.6.jar:6.2.6]
	at org.springframework.web.servlet.FrameworkServlet.processRequest(FrameworkServlet.java:1014) ~[spring-webmvc-6.2.6.jar:6.2.6]
	at org.springframework.web.servlet.FrameworkServlet.doPost(FrameworkServlet.java:914) ~[spring-webmvc-6.2.6.jar:6.2.6]
	at jakarta.servlet.http.HttpServlet.service(HttpServlet.java:590) ~[tomcat-embed-core-10.1.40.jar:6.0]
	at org.springframework.web.servlet.FrameworkServlet.service(FrameworkServlet.java:885) ~[spring-webmvc-6.2.6.jar:6.2.6]
	at jakarta.servlet.http.HttpServlet.service(HttpServlet.java:658) ~[tomcat-embed-core-10.1.40.jar:6.0]
	at org.apache.catalina.core.ApplicationFilterChain.internalDoFilter(ApplicationFilterChain.java:195) ~[tomcat-embed-core-10.1.40.jar:10.1.40]
	at org.apache.catalina.core.ApplicationFilterChain.doFilter(ApplicationFilterChain.java:140) ~[tomcat-embed-core-10.1.40.jar:10.1.40]
	at org.apache.tomcat.websocket.server.WsFilter.doFilter(WsFilter.java:51) ~[tomcat-embed-websocket-10.1.40.jar:10.1.40]
	at org.apache.catalina.core.ApplicationFilterChain.internalDoFilter(ApplicationFilterChain.java:164) ~[tomcat-embed-core-10.1.40.jar:10.1.40]
	at org.apache.catalina.core.ApplicationFilterChain.doFilter(ApplicationFilterChain.java:140) ~[tomcat-embed-core-10.1.40.jar:10.1.40]
	at org.springframework.web.filter.CompositeFilter$VirtualFilterChain.doFilter(CompositeFilter.java:108) ~[spring-web-6.2.6.jar:6.2.6]
	at org.springframework.security.web.FilterChainProxy.lambda$doFilterInternal$3(FilterChainProxy.java:231) ~[spring-security-web-6.4.5.jar:6.4.5]
	at org.springframework.security.web.FilterChainProxy$VirtualFilterChain.doFilter(FilterChainProxy.java:365) ~[spring-security-web-6.4.5.jar:6.4.5]
	at org.springframework.security.web.access.intercept.AuthorizationFilter.doFilter(AuthorizationFilter.java:101) ~[spring-security-web-6.4.5.jar:6.4.5]
	at org.springframework.security.web.FilterChainProxy$VirtualFilterChain.doFilter(FilterChainProxy.java:374) ~[spring-security-web-6.4.5.jar:6.4.5]
	at org.springframework.security.web.access.ExceptionTranslationFilter.doFilter(ExceptionTranslationFilter.java:126) ~[spring-security-web-6.4.5.jar:6.4.5]
	at org.springframework.security.web.access.ExceptionTranslationFilter.doFilter(ExceptionTranslationFilter.java:120) ~[spring-security-web-6.4.5.jar:6.4.5]
	at org.springframework.security.web.FilterChainProxy$VirtualFilterChain.doFilter(FilterChainProxy.java:374) ~[spring-security-web-6.4.5.jar:6.4.5]
	at org.springframework.security.web.session.SessionManagementFilter.doFilter(SessionManagementFilter.java:131) ~[spring-security-web-6.4.5.jar:6.4.5]
	at org.springframework.security.web.session.SessionManagementFilter.doFilter(SessionManagementFilter.java:85) ~[spring-security-web-6.4.5.jar:6.4.5]
	at org.springframework.security.web.FilterChainProxy$VirtualFilterChain.doFilter(FilterChainProxy.java:374) ~[spring-security-web-6.4.5.jar:6.4.5]
	at org.springframework.security.web.authentication.AnonymousAuthenticationFilter.doFilter(AnonymousAuthenticationFilter.java:100) ~[spring-security-web-6.4.5.jar:6.4.5]
	at org.springframework.security.web.FilterChainProxy$VirtualFilterChain.doFilter(FilterChainProxy.java:374) ~[spring-security-web-6.4.5.jar:6.4.5]
	at org.springframework.security.web.servletapi.SecurityContextHolderAwareRequestFilter.doFilter(SecurityContextHolderAwareRequestFilter.java:179) ~[spring-security-web-6.4.5.jar:6.4.5]
	at org.springframework.security.web.FilterChainProxy$VirtualFilterChain.doFilter(FilterChainProxy.java:374) ~[spring-security-web-6.4.5.jar:6.4.5]
	at org.springframework.security.web.savedrequest.RequestCacheAwareFilter.doFilter(RequestCacheAwareFilter.java:63) ~[spring-security-web-6.4.5.jar:6.4.5]
	at org.springframework.security.web.FilterChainProxy$VirtualFilterChain.doFilter(FilterChainProxy.java:374) ~[spring-security-web-6.4.5.jar:6.4.5]
	at org.springframework.security.web.authentication.www.BasicAuthenticationFilter.doFilterInternal(BasicAuthenticationFilter.java:213) ~[spring-security-web-6.4.5.jar:6.4.5]
	at org.springframework.web.filter.OncePerRequestFilter.doFilter(OncePerRequestFilter.java:116) ~[spring-web-6.2.6.jar:6.2.6]
	at org.springframework.security.web.FilterChainProxy$VirtualFilterChain.doFilter(FilterChainProxy.java:374) ~[spring-security-web-6.4.5.jar:6.4.5]
	at org.springframework.security.web.authentication.logout.LogoutFilter.doFilter(LogoutFilter.java:107) ~[spring-security-web-6.4.5.jar:6.4.5]
	at org.springframework.security.web.authentication.logout.LogoutFilter.doFilter(LogoutFilter.java:93) ~[spring-security-web-6.4.5.jar:6.4.5]
	at org.springframework.security.web.FilterChainProxy$VirtualFilterChain.doFilter(FilterChainProxy.java:374) ~[spring-security-web-6.4.5.jar:6.4.5]
	at org.springframework.security.web.header.HeaderWriterFilter.doHeadersAfter(HeaderWriterFilter.java:90) ~[spring-security-web-6.4.5.jar:6.4.5]
	at org.springframework.security.web.header.HeaderWriterFilter.doFilterInternal(HeaderWriterFilter.java:75) ~[spring-security-web-6.4.5.jar:6.4.5]
	at org.springframework.web.filter.OncePerRequestFilter.doFilter(OncePerRequestFilter.java:116) ~[spring-web-6.2.6.jar:6.2.6]
	at org.springframework.security.web.FilterChainProxy$VirtualFilterChain.doFilter(FilterChainProxy.java:374) ~[spring-security-web-6.4.5.jar:6.4.5]
	at org.springframework.security.web.context.SecurityContextHolderFilter.doFilter(SecurityContextHolderFilter.java:82) ~[spring-security-web-6.4.5.jar:6.4.5]
	at org.springframework.security.web.context.SecurityContextHolderFilter.doFilter(SecurityContextHolderFilter.java:69) ~[spring-security-web-6.4.5.jar:6.4.5]
	at org.springframework.security.web.FilterChainProxy$VirtualFilterChain.doFilter(FilterChainProxy.java:374) ~[spring-security-web-6.4.5.jar:6.4.5]
	at org.springframework.security.web.context.request.async.WebAsyncManagerIntegrationFilter.doFilterInternal(WebAsyncManagerIntegrationFilter.java:62) ~[spring-security-web-6.4.5.jar:6.4.5]
	at org.springframework.web.filter.OncePerRequestFilter.doFilter(OncePerRequestFilter.java:116) ~[spring-web-6.2.6.jar:6.2.6]
	at org.springframework.security.web.FilterChainProxy$VirtualFilterChain.doFilter(FilterChainProxy.java:374) ~[spring-security-web-6.4.5.jar:6.4.5]
	at org.springframework.security.web.session.DisableEncodeUrlFilter.doFilterInternal(DisableEncodeUrlFilter.java:42) ~[spring-security-web-6.4.5.jar:6.4.5]
	at org.springframework.web.filter.OncePerRequestFilter.doFilter(OncePerRequestFilter.java:116) ~[spring-web-6.2.6.jar:6.2.6]
	at org.springframework.security.web.FilterChainProxy$VirtualFilterChain.doFilter(FilterChainProxy.java:374) ~[spring-security-web-6.4.5.jar:6.4.5]
	at org.springframework.security.web.FilterChainProxy.doFilterInternal(FilterChainProxy.java:233) ~[spring-security-web-6.4.5.jar:6.4.5]
	at org.springframework.security.web.FilterChainProxy.doFilter(FilterChainProxy.java:191) ~[spring-security-web-6.4.5.jar:6.4.5]
	at org.springframework.web.filter.CompositeFilter$VirtualFilterChain.doFilter(CompositeFilter.java:113) ~[spring-web-6.2.6.jar:6.2.6]
	at org.springframework.web.servlet.handler.HandlerMappingIntrospector.lambda$createCacheFilter$3(HandlerMappingIntrospector.java:243) ~[spring-webmvc-6.2.6.jar:6.2.6]
	at org.springframework.web.filter.CompositeFilter$VirtualFilterChain.doFilter(CompositeFilter.java:113) ~[spring-web-6.2.6.jar:6.2.6]
	at org.springframework.web.filter.CompositeFilter.doFilter(CompositeFilter.java:74) ~[spring-web-6.2.6.jar:6.2.6]
	at org.springframework.security.config.annotation.web.configuration.WebMvcSecurityConfiguration$CompositeFilterChainProxy.doFilter(WebMvcSecurityConfiguration.java:238) ~[spring-security-config-6.4.5.jar:6.4.5]
	at org.springframework.web.filter.DelegatingFilterProxy.invokeDelegate(DelegatingFilterProxy.java:362) ~[spring-web-6.2.6.jar:6.2.6]
	at org.springframework.web.filter.DelegatingFilterProxy.doFilter(DelegatingFilterProxy.java:278) ~[spring-web-6.2.6.jar:6.2.6]
	at org.apache.catalina.core.ApplicationFilterChain.internalDoFilter(ApplicationFilterChain.java:164) ~[tomcat-embed-core-10.1.40.jar:10.1.40]
	at org.apache.catalina.core.ApplicationFilterChain.doFilter(ApplicationFilterChain.java:140) ~[tomcat-embed-core-10.1.40.jar:10.1.40]
	at org.springframework.web.filter.RequestContextFilter.doFilterInternal(RequestContextFilter.java:100) ~[spring-web-6.2.6.jar:6.2.6]
	at org.springframework.web.filter.OncePerRequestFilter.doFilter(OncePerRequestFilter.java:116) ~[spring-web-6.2.6.jar:6.2.6]
	at org.apache.catalina.core.ApplicationFilterChain.internalDoFilter(ApplicationFilterChain.java:164) ~[tomcat-embed-core-10.1.40.jar:10.1.40]
	at org.apache.catalina.core.ApplicationFilterChain.doFilter(ApplicationFilterChain.java:140) ~[tomcat-embed-core-10.1.40.jar:10.1.40]
	at org.springframework.web.filter.FormContentFilter.doFilterInternal(FormContentFilter.java:93) ~[spring-web-6.2.6.jar:6.2.6]
	at org.springframework.web.filter.OncePerRequestFilter.doFilter(OncePerRequestFilter.java:116) ~[spring-web-6.2.6.jar:6.2.6]
	at org.apache.catalina.core.ApplicationFilterChain.internalDoFilter(ApplicationFilterChain.java:164) ~[tomcat-embed-core-10.1.40.jar:10.1.40]
	at org.apache.catalina.core.ApplicationFilterChain.doFilter(ApplicationFilterChain.java:140) ~[tomcat-embed-core-10.1.40.jar:10.1.40]
	at org.springframework.web.filter.CharacterEncodingFilter.doFilterInternal(CharacterEncodingFilter.java:201) ~[spring-web-6.2.6.jar:6.2.6]
	at org.springframework.web.filter.OncePerRequestFilter.doFilter(OncePerRequestFilter.java:116) ~[spring-web-6.2.6.jar:6.2.6]
	at org.apache.catalina.core.ApplicationFilterChain.internalDoFilter(ApplicationFilterChain.java:164) ~[tomcat-embed-core-10.1.40.jar:10.1.40]
	at org.apache.catalina.core.ApplicationFilterChain.doFilter(ApplicationFilterChain.java:140) ~[tomcat-embed-core-10.1.40.jar:10.1.40]
	at org.apache.catalina.core.StandardWrapperValve.invoke(StandardWrapperValve.java:167) ~[tomcat-embed-core-10.1.40.jar:10.1.40]
	at org.apache.catalina.core.StandardContextValve.invoke(StandardContextValve.java:90) ~[tomcat-embed-core-10.1.40.jar:10.1.40]
	at org.apache.catalina.authenticator.AuthenticatorBase.invoke(AuthenticatorBase.java:483) ~[tomcat-embed-core-10.1.40.jar:10.1.40]
	at org.apache.catalina.core.StandardHostValve.invoke(StandardHostValve.java:116) ~[tomcat-embed-core-10.1.40.jar:10.1.40]
	at org.apache.catalina.valves.ErrorReportValve.invoke(ErrorReportValve.java:93) ~[tomcat-embed-core-10.1.40.jar:10.1.40]
	at org.apache.catalina.core.StandardEngineValve.invoke(StandardEngineValve.java:74) ~[tomcat-embed-core-10.1.40.jar:10.1.40]
	at org.apache.catalina.connector.CoyoteAdapter.service(CoyoteAdapter.java:344) ~[tomcat-embed-core-10.1.40.jar:10.1.40]
	at org.apache.coyote.http11.Http11Processor.service(Http11Processor.java:398) ~[tomcat-embed-core-10.1.40.jar:10.1.40]
	at org.apache.coyote.AbstractProcessorLight.process(AbstractProcessorLight.java:63) ~[tomcat-embed-core-10.1.40.jar:10.1.40]
	at org.apache.coyote.AbstractProtocol$ConnectionHandler.process(AbstractProtocol.java:903) ~[tomcat-embed-core-10.1.40.jar:10.1.40]
	at org.apache.tomcat.util.net.NioEndpoint$SocketProcessor.doRun(NioEndpoint.java:1740) ~[tomcat-embed-core-10.1.40.jar:10.1.40]
	at org.apache.tomcat.util.net.SocketProcessorBase.run(SocketProcessorBase.java:52) ~[tomcat-embed-core-10.1.40.jar:10.1.40]
	at org.apache.tomcat.util.threads.ThreadPoolExecutor.runWorker(ThreadPoolExecutor.java:1189) ~[tomcat-embed-core-10.1.40.jar:10.1.40]
	at org.apache.tomcat.util.threads.ThreadPoolExecutor$Worker.run(ThreadPoolExecutor.java:658) ~[tomcat-embed-core-10.1.40.jar:10.1.40]
	at org.apache.tomcat.util.threads.TaskThread$WrappingRunnable.run(TaskThread.java:63) ~[tomcat-embed-core-10.1.40.jar:10.1.40]
	at java.base/java.lang.Thread.run(Thread.java:1516) ~[na:na]
Caused by: com.fasterxml.jackson.core.JsonParseException: Unexpected character (',' (code 44)): expected a value
 at [Source: REDACTED (`StreamReadFeature.INCLUDE_SOURCE_IN_LOCATION` disabled); line: 3, column: 14]
	at com.fasterxml.jackson.core.JsonParser._constructReadException(JsonParser.java:2660) ~[jackson-core-2.18.3.jar:2.18.3]
	at com.fasterxml.jackson.core.base.ParserMinimalBase._reportUnexpectedChar(ParserMinimalBase.java:741) ~[jackson-core-2.18.3.jar:2.18.3]
	at com.fasterxml.jackson.core.json.UTF8StreamJsonParser._handleUnexpectedValue(UTF8StreamJsonParser.java:2719) ~[jackson-core-2.18.3.jar:2.18.3]
	at com.fasterxml.jackson.core.json.UTF8StreamJsonParser.nextToken(UTF8StreamJsonParser.java:818) ~[jackson-core-2.18.3.jar:2.18.3]
	at com.fasterxml.jackson.databind.deser.BeanDeserializer._deserializeUsingPropertyBased(BeanDeserializer.java:432) ~[jackson-databind-2.18.3.jar:2.18.3]
	at com.fasterxml.jackson.databind.deser.BeanDeserializerBase.deserializeFromObjectUsingNonDefault(BeanDeserializerBase.java:1497) ~[jackson-databind-2.18.3.jar:2.18.3]
	at com.fasterxml.jackson.databind.deser.BeanDeserializer.deserializeFromObject(BeanDeserializer.java:348) ~[jackson-databind-2.18.3.jar:2.18.3]
	at com.fasterxml.jackson.databind.deser.BeanDeserializer.deserialize(BeanDeserializer.java:185) ~[jackson-databind-2.18.3.jar:2.18.3]
	at com.fasterxml.jackson.databind.deser.DefaultDeserializationContext.readRootValue(DefaultDeserializationContext.java:342) ~[jackson-databind-2.18.3.jar:2.18.3]
	at com.fasterxml.jackson.databind.ObjectReader._bindAndClose(ObjectReader.java:2131) ~[jackson-databind-2.18.3.jar:2.18.3]
	at com.fasterxml.jackson.databind.ObjectReader.readValue(ObjectReader.java:1501) ~[jackson-databind-2.18.3.jar:2.18.3]
	at org.springframework.http.converter.json.AbstractJackson2HttpMessageConverter.readJavaType(AbstractJackson2HttpMessageConverter.java:398) ~[spring-web-6.2.6.jar:6.2.6]
	... 98 common frames omitted

2026-05-20T16:53:51.352-04:00 DEBUG 33508 --- [health-service] [http-nio-8085-exec-6] o.s.w.s.m.m.a.HttpEntityMethodProcessor  : Using 'application/json', given [*/*] and supported [application/json, application/*+json]
2026-05-20T16:53:51.352-04:00 DEBUG 33508 --- [health-service] [http-nio-8085-exec-6] o.s.w.s.m.m.a.HttpEntityMethodProcessor  : Writing [ErrorResponse[timestamp=2026-05-20T16:53:51.352211, status=500, error=Internal Server Error, message (truncated)...]
2026-05-20T16:53:51.363-04:00  WARN 33508 --- [health-service] [http-nio-8085-exec-6] .m.m.a.ExceptionHandlerExceptionResolver : Resolved [org.springframework.http.converter.HttpMessageNotReadableException: JSON parse error: Unexpected character (',' (code 44)): expected a value]
2026-05-20T16:53:51.363-04:00 DEBUG 33508 --- [health-service] [http-nio-8085-exec-6] o.s.web.servlet.DispatcherServlet        : Completed 500 INTERNAL_SERVER_ERROR
2026-05-20T16:53:51.402-04:00 DEBUG 33508 --- [health-service] [pool-2-thread-1] c.a.h.client.UserServiceClient           : [UserServiceClient#getUserAuthByEmail] ---> GET http://localhost:8081/user-app/users/by-email/admin%40empresa.com/auth HTTP/1.1
2026-05-20T16:53:51.532-04:00 DEBUG 33508 --- [health-service] [pool-2-thread-1] c.a.h.client.UserServiceClient           : [UserServiceClient#getUserAuthByEmail] <--- HTTP/1.1 200 (130ms)
2026-05-20T16:53:51.533-04:00 DEBUG 33508 --- [health-service] [pool-2-thread-1] o.s.w.c.HttpMessageConverterExtractor    : Reading to [com.adoptapp.sharedkernel.dto.UserAuthResponse]
2026-05-20T16:53:51.647-04:00 DEBUG 33508 --- [health-service] [http-nio-8085-exec-9] o.s.web.servlet.DispatcherServlet        : PUT "/health-app/health/by-id/", parameters={}
2026-05-20T16:53:51.647-04:00 DEBUG 33508 --- [health-service] [http-nio-8085-exec-9] o.s.w.s.handler.SimpleUrlHandlerMapping  : Mapped to ResourceHttpRequestHandler [classpath [META-INF/resources/], classpath [resources/], classpath [static/], classpath [public/], ServletContext [/]]
2026-05-20T16:53:51.650-04:00 DEBUG 33508 --- [health-service] [http-nio-8085-exec-9] o.s.w.s.r.ResourceHttpRequestHandler     : Resource not found
2026-05-20T16:53:51.650-04:00 DEBUG 33508 --- [health-service] [http-nio-8085-exec-9] .m.m.a.ExceptionHandlerExceptionResolver : Using @ExceptionHandler com.adoptapp.healthservice.exception.GlobalExceptionHandler#handleGeneric(Exception, HttpServletRequest)
2026-05-20T16:53:51.650-04:00 ERROR 33508 --- [health-service] [http-nio-8085-exec-9] c.a.h.exception.GlobalExceptionHandler   : Error interno no manejado en /health-app/health/by-id/: No static resource health/by-id.

org.springframework.web.servlet.resource.NoResourceFoundException: No static resource health/by-id.
	at org.springframework.web.servlet.resource.ResourceHttpRequestHandler.handleRequest(ResourceHttpRequestHandler.java:585) ~[spring-webmvc-6.2.6.jar:6.2.6]
	at org.springframework.web.servlet.mvc.HttpRequestHandlerAdapter.handle(HttpRequestHandlerAdapter.java:52) ~[spring-webmvc-6.2.6.jar:6.2.6]
	at org.springframework.web.servlet.DispatcherServlet.doDispatch(DispatcherServlet.java:1089) ~[spring-webmvc-6.2.6.jar:6.2.6]
	at org.springframework.web.servlet.DispatcherServlet.doService(DispatcherServlet.java:979) ~[spring-webmvc-6.2.6.jar:6.2.6]
	at org.springframework.web.servlet.FrameworkServlet.processRequest(FrameworkServlet.java:1014) ~[spring-webmvc-6.2.6.jar:6.2.6]
	at org.springframework.web.servlet.FrameworkServlet.doPut(FrameworkServlet.java:925) ~[spring-webmvc-6.2.6.jar:6.2.6]
	at jakarta.servlet.http.HttpServlet.service(HttpServlet.java:593) ~[tomcat-embed-core-10.1.40.jar:6.0]
	at org.springframework.web.servlet.FrameworkServlet.service(FrameworkServlet.java:885) ~[spring-webmvc-6.2.6.jar:6.2.6]
	at jakarta.servlet.http.HttpServlet.service(HttpServlet.java:658) ~[tomcat-embed-core-10.1.40.jar:6.0]
	at org.apache.catalina.core.ApplicationFilterChain.internalDoFilter(ApplicationFilterChain.java:195) ~[tomcat-embed-core-10.1.40.jar:10.1.40]
	at org.apache.catalina.core.ApplicationFilterChain.doFilter(ApplicationFilterChain.java:140) ~[tomcat-embed-core-10.1.40.jar:10.1.40]
	at org.apache.tomcat.websocket.server.WsFilter.doFilter(WsFilter.java:51) ~[tomcat-embed-websocket-10.1.40.jar:10.1.40]
	at org.apache.catalina.core.ApplicationFilterChain.internalDoFilter(ApplicationFilterChain.java:164) ~[tomcat-embed-core-10.1.40.jar:10.1.40]
	at org.apache.catalina.core.ApplicationFilterChain.doFilter(ApplicationFilterChain.java:140) ~[tomcat-embed-core-10.1.40.jar:10.1.40]
	at org.springframework.web.filter.CompositeFilter$VirtualFilterChain.doFilter(CompositeFilter.java:108) ~[spring-web-6.2.6.jar:6.2.6]
	at org.springframework.security.web.FilterChainProxy.lambda$doFilterInternal$3(FilterChainProxy.java:231) ~[spring-security-web-6.4.5.jar:6.4.5]
	at org.springframework.security.web.FilterChainProxy$VirtualFilterChain.doFilter(FilterChainProxy.java:365) ~[spring-security-web-6.4.5.jar:6.4.5]
	at org.springframework.security.web.access.intercept.AuthorizationFilter.doFilter(AuthorizationFilter.java:101) ~[spring-security-web-6.4.5.jar:6.4.5]
	at org.springframework.security.web.FilterChainProxy$VirtualFilterChain.doFilter(FilterChainProxy.java:374) ~[spring-security-web-6.4.5.jar:6.4.5]
	at org.springframework.security.web.access.ExceptionTranslationFilter.doFilter(ExceptionTranslationFilter.java:126) ~[spring-security-web-6.4.5.jar:6.4.5]
	at org.springframework.security.web.access.ExceptionTranslationFilter.doFilter(ExceptionTranslationFilter.java:120) ~[spring-security-web-6.4.5.jar:6.4.5]
	at org.springframework.security.web.FilterChainProxy$VirtualFilterChain.doFilter(FilterChainProxy.java:374) ~[spring-security-web-6.4.5.jar:6.4.5]
	at org.springframework.security.web.session.SessionManagementFilter.doFilter(SessionManagementFilter.java:131) ~[spring-security-web-6.4.5.jar:6.4.5]
	at org.springframework.security.web.session.SessionManagementFilter.doFilter(SessionManagementFilter.java:85) ~[spring-security-web-6.4.5.jar:6.4.5]
	at org.springframework.security.web.FilterChainProxy$VirtualFilterChain.doFilter(FilterChainProxy.java:374) ~[spring-security-web-6.4.5.jar:6.4.5]
	at org.springframework.security.web.authentication.AnonymousAuthenticationFilter.doFilter(AnonymousAuthenticationFilter.java:100) ~[spring-security-web-6.4.5.jar:6.4.5]
	at org.springframework.security.web.FilterChainProxy$VirtualFilterChain.doFilter(FilterChainProxy.java:374) ~[spring-security-web-6.4.5.jar:6.4.5]
	at org.springframework.security.web.servletapi.SecurityContextHolderAwareRequestFilter.doFilter(SecurityContextHolderAwareRequestFilter.java:179) ~[spring-security-web-6.4.5.jar:6.4.5]
	at org.springframework.security.web.FilterChainProxy$VirtualFilterChain.doFilter(FilterChainProxy.java:374) ~[spring-security-web-6.4.5.jar:6.4.5]
	at org.springframework.security.web.savedrequest.RequestCacheAwareFilter.doFilter(RequestCacheAwareFilter.java:63) ~[spring-security-web-6.4.5.jar:6.4.5]
	at org.springframework.security.web.FilterChainProxy$VirtualFilterChain.doFilter(FilterChainProxy.java:374) ~[spring-security-web-6.4.5.jar:6.4.5]
	at org.springframework.security.web.authentication.www.BasicAuthenticationFilter.doFilterInternal(BasicAuthenticationFilter.java:213) ~[spring-security-web-6.4.5.jar:6.4.5]
	at org.springframework.web.filter.OncePerRequestFilter.doFilter(OncePerRequestFilter.java:116) ~[spring-web-6.2.6.jar:6.2.6]
	at org.springframework.security.web.FilterChainProxy$VirtualFilterChain.doFilter(FilterChainProxy.java:374) ~[spring-security-web-6.4.5.jar:6.4.5]
	at org.springframework.security.web.authentication.logout.LogoutFilter.doFilter(LogoutFilter.java:107) ~[spring-security-web-6.4.5.jar:6.4.5]
	at org.springframework.security.web.authentication.logout.LogoutFilter.doFilter(LogoutFilter.java:93) ~[spring-security-web-6.4.5.jar:6.4.5]
	at org.springframework.security.web.FilterChainProxy$VirtualFilterChain.doFilter(FilterChainProxy.java:374) ~[spring-security-web-6.4.5.jar:6.4.5]
	at org.springframework.security.web.header.HeaderWriterFilter.doHeadersAfter(HeaderWriterFilter.java:90) ~[spring-security-web-6.4.5.jar:6.4.5]
	at org.springframework.security.web.header.HeaderWriterFilter.doFilterInternal(HeaderWriterFilter.java:75) ~[spring-security-web-6.4.5.jar:6.4.5]
	at org.springframework.web.filter.OncePerRequestFilter.doFilter(OncePerRequestFilter.java:116) ~[spring-web-6.2.6.jar:6.2.6]
	at org.springframework.security.web.FilterChainProxy$VirtualFilterChain.doFilter(FilterChainProxy.java:374) ~[spring-security-web-6.4.5.jar:6.4.5]
	at org.springframework.security.web.context.SecurityContextHolderFilter.doFilter(SecurityContextHolderFilter.java:82) ~[spring-security-web-6.4.5.jar:6.4.5]
	at org.springframework.security.web.context.SecurityContextHolderFilter.doFilter(SecurityContextHolderFilter.java:69) ~[spring-security-web-6.4.5.jar:6.4.5]
	at org.springframework.security.web.FilterChainProxy$VirtualFilterChain.doFilter(FilterChainProxy.java:374) ~[spring-security-web-6.4.5.jar:6.4.5]
	at org.springframework.security.web.context.request.async.WebAsyncManagerIntegrationFilter.doFilterInternal(WebAsyncManagerIntegrationFilter.java:62) ~[spring-security-web-6.4.5.jar:6.4.5]
	at org.springframework.web.filter.OncePerRequestFilter.doFilter(OncePerRequestFilter.java:116) ~[spring-web-6.2.6.jar:6.2.6]
	at org.springframework.security.web.FilterChainProxy$VirtualFilterChain.doFilter(FilterChainProxy.java:374) ~[spring-security-web-6.4.5.jar:6.4.5]
	at org.springframework.security.web.session.DisableEncodeUrlFilter.doFilterInternal(DisableEncodeUrlFilter.java:42) ~[spring-security-web-6.4.5.jar:6.4.5]
	at org.springframework.web.filter.OncePerRequestFilter.doFilter(OncePerRequestFilter.java:116) ~[spring-web-6.2.6.jar:6.2.6]
	at org.springframework.security.web.FilterChainProxy$VirtualFilterChain.doFilter(FilterChainProxy.java:374) ~[spring-security-web-6.4.5.jar:6.4.5]
	at org.springframework.security.web.FilterChainProxy.doFilterInternal(FilterChainProxy.java:233) ~[spring-security-web-6.4.5.jar:6.4.5]
	at org.springframework.security.web.FilterChainProxy.doFilter(FilterChainProxy.java:191) ~[spring-security-web-6.4.5.jar:6.4.5]
	at org.springframework.web.filter.CompositeFilter$VirtualFilterChain.doFilter(CompositeFilter.java:113) ~[spring-web-6.2.6.jar:6.2.6]
	at org.springframework.web.servlet.handler.HandlerMappingIntrospector.lambda$createCacheFilter$3(HandlerMappingIntrospector.java:243) ~[spring-webmvc-6.2.6.jar:6.2.6]
	at org.springframework.web.filter.CompositeFilter$VirtualFilterChain.doFilter(CompositeFilter.java:113) ~[spring-web-6.2.6.jar:6.2.6]
	at org.springframework.web.filter.CompositeFilter.doFilter(CompositeFilter.java:74) ~[spring-web-6.2.6.jar:6.2.6]
	at org.springframework.security.config.annotation.web.configuration.WebMvcSecurityConfiguration$CompositeFilterChainProxy.doFilter(WebMvcSecurityConfiguration.java:238) ~[spring-security-config-6.4.5.jar:6.4.5]
	at org.springframework.web.filter.DelegatingFilterProxy.invokeDelegate(DelegatingFilterProxy.java:362) ~[spring-web-6.2.6.jar:6.2.6]
	at org.springframework.web.filter.DelegatingFilterProxy.doFilter(DelegatingFilterProxy.java:278) ~[spring-web-6.2.6.jar:6.2.6]
	at org.apache.catalina.core.ApplicationFilterChain.internalDoFilter(ApplicationFilterChain.java:164) ~[tomcat-embed-core-10.1.40.jar:10.1.40]
	at org.apache.catalina.core.ApplicationFilterChain.doFilter(ApplicationFilterChain.java:140) ~[tomcat-embed-core-10.1.40.jar:10.1.40]
	at org.springframework.web.filter.RequestContextFilter.doFilterInternal(RequestContextFilter.java:100) ~[spring-web-6.2.6.jar:6.2.6]
	at org.springframework.web.filter.OncePerRequestFilter.doFilter(OncePerRequestFilter.java:116) ~[spring-web-6.2.6.jar:6.2.6]
	at org.apache.catalina.core.ApplicationFilterChain.internalDoFilter(ApplicationFilterChain.java:164) ~[tomcat-embed-core-10.1.40.jar:10.1.40]
	at org.apache.catalina.core.ApplicationFilterChain.doFilter(ApplicationFilterChain.java:140) ~[tomcat-embed-core-10.1.40.jar:10.1.40]
	at org.springframework.web.filter.FormContentFilter.doFilterInternal(FormContentFilter.java:93) ~[spring-web-6.2.6.jar:6.2.6]
	at org.springframework.web.filter.OncePerRequestFilter.doFilter(OncePerRequestFilter.java:116) ~[spring-web-6.2.6.jar:6.2.6]
	at org.apache.catalina.core.ApplicationFilterChain.internalDoFilter(ApplicationFilterChain.java:164) ~[tomcat-embed-core-10.1.40.jar:10.1.40]
	at org.apache.catalina.core.ApplicationFilterChain.doFilter(ApplicationFilterChain.java:140) ~[tomcat-embed-core-10.1.40.jar:10.1.40]
	at org.springframework.web.filter.CharacterEncodingFilter.doFilterInternal(CharacterEncodingFilter.java:201) ~[spring-web-6.2.6.jar:6.2.6]
	at org.springframework.web.filter.OncePerRequestFilter.doFilter(OncePerRequestFilter.java:116) ~[spring-web-6.2.6.jar:6.2.6]
	at org.apache.catalina.core.ApplicationFilterChain.internalDoFilter(ApplicationFilterChain.java:164) ~[tomcat-embed-core-10.1.40.jar:10.1.40]
	at org.apache.catalina.core.ApplicationFilterChain.doFilter(ApplicationFilterChain.java:140) ~[tomcat-embed-core-10.1.40.jar:10.1.40]
	at org.apache.catalina.core.StandardWrapperValve.invoke(StandardWrapperValve.java:167) ~[tomcat-embed-core-10.1.40.jar:10.1.40]
	at org.apache.catalina.core.StandardContextValve.invoke(StandardContextValve.java:90) ~[tomcat-embed-core-10.1.40.jar:10.1.40]
	at org.apache.catalina.authenticator.AuthenticatorBase.invoke(AuthenticatorBase.java:483) ~[tomcat-embed-core-10.1.40.jar:10.1.40]
	at org.apache.catalina.core.StandardHostValve.invoke(StandardHostValve.java:116) ~[tomcat-embed-core-10.1.40.jar:10.1.40]
	at org.apache.catalina.valves.ErrorReportValve.invoke(ErrorReportValve.java:93) ~[tomcat-embed-core-10.1.40.jar:10.1.40]
	at org.apache.catalina.core.StandardEngineValve.invoke(StandardEngineValve.java:74) ~[tomcat-embed-core-10.1.40.jar:10.1.40]
	at org.apache.catalina.connector.CoyoteAdapter.service(CoyoteAdapter.java:344) ~[tomcat-embed-core-10.1.40.jar:10.1.40]
	at org.apache.coyote.http11.Http11Processor.service(Http11Processor.java:398) ~[tomcat-embed-core-10.1.40.jar:10.1.40]
	at org.apache.coyote.AbstractProcessorLight.process(AbstractProcessorLight.java:63) ~[tomcat-embed-core-10.1.40.jar:10.1.40]
	at org.apache.coyote.AbstractProtocol$ConnectionHandler.process(AbstractProtocol.java:903) ~[tomcat-embed-core-10.1.40.jar:10.1.40]
	at org.apache.tomcat.util.net.NioEndpoint$SocketProcessor.doRun(NioEndpoint.java:1740) ~[tomcat-embed-core-10.1.40.jar:10.1.40]
	at org.apache.tomcat.util.net.SocketProcessorBase.run(SocketProcessorBase.java:52) ~[tomcat-embed-core-10.1.40.jar:10.1.40]
	at org.apache.tomcat.util.threads.ThreadPoolExecutor.runWorker(ThreadPoolExecutor.java:1189) ~[tomcat-embed-core-10.1.40.jar:10.1.40]
	at org.apache.tomcat.util.threads.ThreadPoolExecutor$Worker.run(ThreadPoolExecutor.java:658) ~[tomcat-embed-core-10.1.40.jar:10.1.40]
	at org.apache.tomcat.util.threads.TaskThread$WrappingRunnable.run(TaskThread.java:63) ~[tomcat-embed-core-10.1.40.jar:10.1.40]
	at java.base/java.lang.Thread.run(Thread.java:1516) ~[na:na]

2026-05-20T16:53:51.650-04:00 DEBUG 33508 --- [health-service] [http-nio-8085-exec-9] o.s.w.s.m.m.a.HttpEntityMethodProcessor  : Using 'application/json', given [*/*] and supported [application/json, application/*+json]
2026-05-20T16:53:51.650-04:00 DEBUG 33508 --- [health-service] [http-nio-8085-exec-9] o.s.w.s.m.m.a.HttpEntityMethodProcessor  : Writing [ErrorResponse[timestamp=2026-05-20T16:53:51.650509800, status=500, error=Internal Server Error, mess (truncated)...]
2026-05-20T16:53:51.653-04:00  WARN 33508 --- [health-service] [http-nio-8085-exec-9] .m.m.a.ExceptionHandlerExceptionResolver : Resolved [org.springframework.web.servlet.resource.NoResourceFoundException: No static resource health/by-id.]
2026-05-20T16:53:51.654-04:00 DEBUG 33508 --- [health-service] [http-nio-8085-exec-9] o.s.web.servlet.DispatcherServlet        : Completed 500 INTERNAL_SERVER_ERROR
2026-05-20T16:53:51.735-04:00 DEBUG 33508 --- [health-service] [pool-2-thread-1] c.a.h.client.UserServiceClient           : [UserServiceClient#getUserAuthByEmail] ---> GET http://localhost:8081/user-app/users/by-email/admin%40empresa.com/auth HTTP/1.1
2026-05-20T16:53:51.868-04:00 DEBUG 33508 --- [health-service] [pool-2-thread-1] c.a.h.client.UserServiceClient           : [UserServiceClient#getUserAuthByEmail] <--- HTTP/1.1 200 (132ms)
2026-05-20T16:53:51.868-04:00 DEBUG 33508 --- [health-service] [pool-2-thread-1] o.s.w.c.HttpMessageConverterExtractor    : Reading to [com.adoptapp.sharedkernel.dto.UserAuthResponse]
2026-05-20T16:53:51.979-04:00 DEBUG 33508 --- [health-service] [http-nio-8085-exec-4] o.s.web.servlet.DispatcherServlet        : DELETE "/health-app/health/by-id/", parameters={}
2026-05-20T16:53:51.979-04:00 DEBUG 33508 --- [health-service] [http-nio-8085-exec-4] o.s.w.s.handler.SimpleUrlHandlerMapping  : Mapped to ResourceHttpRequestHandler [classpath [META-INF/resources/], classpath [resources/], classpath [static/], classpath [public/], ServletContext [/]]
2026-05-20T16:53:51.983-04:00 DEBUG 33508 --- [health-service] [http-nio-8085-exec-4] o.s.w.s.r.ResourceHttpRequestHandler     : Resource not found
2026-05-20T16:53:51.984-04:00 DEBUG 33508 --- [health-service] [http-nio-8085-exec-4] .m.m.a.ExceptionHandlerExceptionResolver : Using @ExceptionHandler com.adoptapp.healthservice.exception.GlobalExceptionHandler#handleGeneric(Exception, HttpServletRequest)
2026-05-20T16:53:51.984-04:00 ERROR 33508 --- [health-service] [http-nio-8085-exec-4] c.a.h.exception.GlobalExceptionHandler   : Error interno no manejado en /health-app/health/by-id/: No static resource health/by-id.

org.springframework.web.servlet.resource.NoResourceFoundException: No static resource health/by-id.
	at org.springframework.web.servlet.resource.ResourceHttpRequestHandler.handleRequest(ResourceHttpRequestHandler.java:585) ~[spring-webmvc-6.2.6.jar:6.2.6]
	at org.springframework.web.servlet.mvc.HttpRequestHandlerAdapter.handle(HttpRequestHandlerAdapter.java:52) ~[spring-webmvc-6.2.6.jar:6.2.6]
	at org.springframework.web.servlet.DispatcherServlet.doDispatch(DispatcherServlet.java:1089) ~[spring-webmvc-6.2.6.jar:6.2.6]
	at org.springframework.web.servlet.DispatcherServlet.doService(DispatcherServlet.java:979) ~[spring-webmvc-6.2.6.jar:6.2.6]
	at org.springframework.web.servlet.FrameworkServlet.processRequest(FrameworkServlet.java:1014) ~[spring-webmvc-6.2.6.jar:6.2.6]
	at org.springframework.web.servlet.FrameworkServlet.doDelete(FrameworkServlet.java:936) ~[spring-webmvc-6.2.6.jar:6.2.6]
	at jakarta.servlet.http.HttpServlet.service(HttpServlet.java:596) ~[tomcat-embed-core-10.1.40.jar:6.0]
	at org.springframework.web.servlet.FrameworkServlet.service(FrameworkServlet.java:885) ~[spring-webmvc-6.2.6.jar:6.2.6]
	at jakarta.servlet.http.HttpServlet.service(HttpServlet.java:658) ~[tomcat-embed-core-10.1.40.jar:6.0]
	at org.apache.catalina.core.ApplicationFilterChain.internalDoFilter(ApplicationFilterChain.java:195) ~[tomcat-embed-core-10.1.40.jar:10.1.40]
	at org.apache.catalina.core.ApplicationFilterChain.doFilter(ApplicationFilterChain.java:140) ~[tomcat-embed-core-10.1.40.jar:10.1.40]
	at org.apache.tomcat.websocket.server.WsFilter.doFilter(WsFilter.java:51) ~[tomcat-embed-websocket-10.1.40.jar:10.1.40]
	at org.apache.catalina.core.ApplicationFilterChain.internalDoFilter(ApplicationFilterChain.java:164) ~[tomcat-embed-core-10.1.40.jar:10.1.40]
	at org.apache.catalina.core.ApplicationFilterChain.doFilter(ApplicationFilterChain.java:140) ~[tomcat-embed-core-10.1.40.jar:10.1.40]
	at org.springframework.web.filter.CompositeFilter$VirtualFilterChain.doFilter(CompositeFilter.java:108) ~[spring-web-6.2.6.jar:6.2.6]
	at org.springframework.security.web.FilterChainProxy.lambda$doFilterInternal$3(FilterChainProxy.java:231) ~[spring-security-web-6.4.5.jar:6.4.5]
	at org.springframework.security.web.FilterChainProxy$VirtualFilterChain.doFilter(FilterChainProxy.java:365) ~[spring-security-web-6.4.5.jar:6.4.5]
	at org.springframework.security.web.access.intercept.AuthorizationFilter.doFilter(AuthorizationFilter.java:101) ~[spring-security-web-6.4.5.jar:6.4.5]
	at org.springframework.security.web.FilterChainProxy$VirtualFilterChain.doFilter(FilterChainProxy.java:374) ~[spring-security-web-6.4.5.jar:6.4.5]
	at org.springframework.security.web.access.ExceptionTranslationFilter.doFilter(ExceptionTranslationFilter.java:126) ~[spring-security-web-6.4.5.jar:6.4.5]
	at org.springframework.security.web.access.ExceptionTranslationFilter.doFilter(ExceptionTranslationFilter.java:120) ~[spring-security-web-6.4.5.jar:6.4.5]
	at org.springframework.security.web.FilterChainProxy$VirtualFilterChain.doFilter(FilterChainProxy.java:374) ~[spring-security-web-6.4.5.jar:6.4.5]
	at org.springframework.security.web.session.SessionManagementFilter.doFilter(SessionManagementFilter.java:131) ~[spring-security-web-6.4.5.jar:6.4.5]
	at org.springframework.security.web.session.SessionManagementFilter.doFilter(SessionManagementFilter.java:85) ~[spring-security-web-6.4.5.jar:6.4.5]
	at org.springframework.security.web.FilterChainProxy$VirtualFilterChain.doFilter(FilterChainProxy.java:374) ~[spring-security-web-6.4.5.jar:6.4.5]
	at org.springframework.security.web.authentication.AnonymousAuthenticationFilter.doFilter(AnonymousAuthenticationFilter.java:100) ~[spring-security-web-6.4.5.jar:6.4.5]
	at org.springframework.security.web.FilterChainProxy$VirtualFilterChain.doFilter(FilterChainProxy.java:374) ~[spring-security-web-6.4.5.jar:6.4.5]
	at org.springframework.security.web.servletapi.SecurityContextHolderAwareRequestFilter.doFilter(SecurityContextHolderAwareRequestFilter.java:179) ~[spring-security-web-6.4.5.jar:6.4.5]
	at org.springframework.security.web.FilterChainProxy$VirtualFilterChain.doFilter(FilterChainProxy.java:374) ~[spring-security-web-6.4.5.jar:6.4.5]
	at org.springframework.security.web.savedrequest.RequestCacheAwareFilter.doFilter(RequestCacheAwareFilter.java:63) ~[spring-security-web-6.4.5.jar:6.4.5]
	at org.springframework.security.web.FilterChainProxy$VirtualFilterChain.doFilter(FilterChainProxy.java:374) ~[spring-security-web-6.4.5.jar:6.4.5]
	at org.springframework.security.web.authentication.www.BasicAuthenticationFilter.doFilterInternal(BasicAuthenticationFilter.java:213) ~[spring-security-web-6.4.5.jar:6.4.5]
	at org.springframework.web.filter.OncePerRequestFilter.doFilter(OncePerRequestFilter.java:116) ~[spring-web-6.2.6.jar:6.2.6]
	at org.springframework.security.web.FilterChainProxy$VirtualFilterChain.doFilter(FilterChainProxy.java:374) ~[spring-security-web-6.4.5.jar:6.4.5]
	at org.springframework.security.web.authentication.logout.LogoutFilter.doFilter(LogoutFilter.java:107) ~[spring-security-web-6.4.5.jar:6.4.5]
	at org.springframework.security.web.authentication.logout.LogoutFilter.doFilter(LogoutFilter.java:93) ~[spring-security-web-6.4.5.jar:6.4.5]
	at org.springframework.security.web.FilterChainProxy$VirtualFilterChain.doFilter(FilterChainProxy.java:374) ~[spring-security-web-6.4.5.jar:6.4.5]
	at org.springframework.security.web.header.HeaderWriterFilter.doHeadersAfter(HeaderWriterFilter.java:90) ~[spring-security-web-6.4.5.jar:6.4.5]
	at org.springframework.security.web.header.HeaderWriterFilter.doFilterInternal(HeaderWriterFilter.java:75) ~[spring-security-web-6.4.5.jar:6.4.5]
	at org.springframework.web.filter.OncePerRequestFilter.doFilter(OncePerRequestFilter.java:116) ~[spring-web-6.2.6.jar:6.2.6]
	at org.springframework.security.web.FilterChainProxy$VirtualFilterChain.doFilter(FilterChainProxy.java:374) ~[spring-security-web-6.4.5.jar:6.4.5]
	at org.springframework.security.web.context.SecurityContextHolderFilter.doFilter(SecurityContextHolderFilter.java:82) ~[spring-security-web-6.4.5.jar:6.4.5]
	at org.springframework.security.web.context.SecurityContextHolderFilter.doFilter(SecurityContextHolderFilter.java:69) ~[spring-security-web-6.4.5.jar:6.4.5]
	at org.springframework.security.web.FilterChainProxy$VirtualFilterChain.doFilter(FilterChainProxy.java:374) ~[spring-security-web-6.4.5.jar:6.4.5]
	at org.springframework.security.web.context.request.async.WebAsyncManagerIntegrationFilter.doFilterInternal(WebAsyncManagerIntegrationFilter.java:62) ~[spring-security-web-6.4.5.jar:6.4.5]
	at org.springframework.web.filter.OncePerRequestFilter.doFilter(OncePerRequestFilter.java:116) ~[spring-web-6.2.6.jar:6.2.6]
	at org.springframework.security.web.FilterChainProxy$VirtualFilterChain.doFilter(FilterChainProxy.java:374) ~[spring-security-web-6.4.5.jar:6.4.5]
	at org.springframework.security.web.session.DisableEncodeUrlFilter.doFilterInternal(DisableEncodeUrlFilter.java:42) ~[spring-security-web-6.4.5.jar:6.4.5]
	at org.springframework.web.filter.OncePerRequestFilter.doFilter(OncePerRequestFilter.java:116) ~[spring-web-6.2.6.jar:6.2.6]
	at org.springframework.security.web.FilterChainProxy$VirtualFilterChain.doFilter(FilterChainProxy.java:374) ~[spring-security-web-6.4.5.jar:6.4.5]
	at org.springframework.security.web.FilterChainProxy.doFilterInternal(FilterChainProxy.java:233) ~[spring-security-web-6.4.5.jar:6.4.5]
	at org.springframework.security.web.FilterChainProxy.doFilter(FilterChainProxy.java:191) ~[spring-security-web-6.4.5.jar:6.4.5]
	at org.springframework.web.filter.CompositeFilter$VirtualFilterChain.doFilter(CompositeFilter.java:113) ~[spring-web-6.2.6.jar:6.2.6]
	at org.springframework.web.servlet.handler.HandlerMappingIntrospector.lambda$createCacheFilter$3(HandlerMappingIntrospector.java:243) ~[spring-webmvc-6.2.6.jar:6.2.6]
	at org.springframework.web.filter.CompositeFilter$VirtualFilterChain.doFilter(CompositeFilter.java:113) ~[spring-web-6.2.6.jar:6.2.6]
	at org.springframework.web.filter.CompositeFilter.doFilter(CompositeFilter.java:74) ~[spring-web-6.2.6.jar:6.2.6]
	at org.springframework.security.config.annotation.web.configuration.WebMvcSecurityConfiguration$CompositeFilterChainProxy.doFilter(WebMvcSecurityConfiguration.java:238) ~[spring-security-config-6.4.5.jar:6.4.5]
	at org.springframework.web.filter.DelegatingFilterProxy.invokeDelegate(DelegatingFilterProxy.java:362) ~[spring-web-6.2.6.jar:6.2.6]
	at org.springframework.web.filter.DelegatingFilterProxy.doFilter(DelegatingFilterProxy.java:278) ~[spring-web-6.2.6.jar:6.2.6]
	at org.apache.catalina.core.ApplicationFilterChain.internalDoFilter(ApplicationFilterChain.java:164) ~[tomcat-embed-core-10.1.40.jar:10.1.40]
	at org.apache.catalina.core.ApplicationFilterChain.doFilter(ApplicationFilterChain.java:140) ~[tomcat-embed-core-10.1.40.jar:10.1.40]
	at org.springframework.web.filter.RequestContextFilter.doFilterInternal(RequestContextFilter.java:100) ~[spring-web-6.2.6.jar:6.2.6]
	at org.springframework.web.filter.OncePerRequestFilter.doFilter(OncePerRequestFilter.java:116) ~[spring-web-6.2.6.jar:6.2.6]
	at org.apache.catalina.core.ApplicationFilterChain.internalDoFilter(ApplicationFilterChain.java:164) ~[tomcat-embed-core-10.1.40.jar:10.1.40]
	at org.apache.catalina.core.ApplicationFilterChain.doFilter(ApplicationFilterChain.java:140) ~[tomcat-embed-core-10.1.40.jar:10.1.40]
	at org.springframework.web.filter.FormContentFilter.doFilterInternal(FormContentFilter.java:93) ~[spring-web-6.2.6.jar:6.2.6]
	at org.springframework.web.filter.OncePerRequestFilter.doFilter(OncePerRequestFilter.java:116) ~[spring-web-6.2.6.jar:6.2.6]
	at org.apache.catalina.core.ApplicationFilterChain.internalDoFilter(ApplicationFilterChain.java:164) ~[tomcat-embed-core-10.1.40.jar:10.1.40]
	at org.apache.catalina.core.ApplicationFilterChain.doFilter(ApplicationFilterChain.java:140) ~[tomcat-embed-core-10.1.40.jar:10.1.40]
	at org.springframework.web.filter.CharacterEncodingFilter.doFilterInternal(CharacterEncodingFilter.java:201) ~[spring-web-6.2.6.jar:6.2.6]
	at org.springframework.web.filter.OncePerRequestFilter.doFilter(OncePerRequestFilter.java:116) ~[spring-web-6.2.6.jar:6.2.6]
	at org.apache.catalina.core.ApplicationFilterChain.internalDoFilter(ApplicationFilterChain.java:164) ~[tomcat-embed-core-10.1.40.jar:10.1.40]
	at org.apache.catalina.core.ApplicationFilterChain.doFilter(ApplicationFilterChain.java:140) ~[tomcat-embed-core-10.1.40.jar:10.1.40]
	at org.apache.catalina.core.StandardWrapperValve.invoke(StandardWrapperValve.java:167) ~[tomcat-embed-core-10.1.40.jar:10.1.40]
	at org.apache.catalina.core.StandardContextValve.invoke(StandardContextValve.java:90) ~[tomcat-embed-core-10.1.40.jar:10.1.40]
	at org.apache.catalina.authenticator.AuthenticatorBase.invoke(AuthenticatorBase.java:483) ~[tomcat-embed-core-10.1.40.jar:10.1.40]
	at org.apache.catalina.core.StandardHostValve.invoke(StandardHostValve.java:116) ~[tomcat-embed-core-10.1.40.jar:10.1.40]
	at org.apache.catalina.valves.ErrorReportValve.invoke(ErrorReportValve.java:93) ~[tomcat-embed-core-10.1.40.jar:10.1.40]
	at org.apache.catalina.core.StandardEngineValve.invoke(StandardEngineValve.java:74) ~[tomcat-embed-core-10.1.40.jar:10.1.40]
	at org.apache.catalina.connector.CoyoteAdapter.service(CoyoteAdapter.java:344) ~[tomcat-embed-core-10.1.40.jar:10.1.40]
	at org.apache.coyote.http11.Http11Processor.service(Http11Processor.java:398) ~[tomcat-embed-core-10.1.40.jar:10.1.40]
	at org.apache.coyote.AbstractProcessorLight.process(AbstractProcessorLight.java:63) ~[tomcat-embed-core-10.1.40.jar:10.1.40]
	at org.apache.coyote.AbstractProtocol$ConnectionHandler.process(AbstractProtocol.java:903) ~[tomcat-embed-core-10.1.40.jar:10.1.40]
	at org.apache.tomcat.util.net.NioEndpoint$SocketProcessor.doRun(NioEndpoint.java:1740) ~[tomcat-embed-core-10.1.40.jar:10.1.40]
	at org.apache.tomcat.util.net.SocketProcessorBase.run(SocketProcessorBase.java:52) ~[tomcat-embed-core-10.1.40.jar:10.1.40]
	at org.apache.tomcat.util.threads.ThreadPoolExecutor.runWorker(ThreadPoolExecutor.java:1189) ~[tomcat-embed-core-10.1.40.jar:10.1.40]
	at org.apache.tomcat.util.threads.ThreadPoolExecutor$Worker.run(ThreadPoolExecutor.java:658) ~[tomcat-embed-core-10.1.40.jar:10.1.40]
	at org.apache.tomcat.util.threads.TaskThread$WrappingRunnable.run(TaskThread.java:63) ~[tomcat-embed-core-10.1.40.jar:10.1.40]
	at java.base/java.lang.Thread.run(Thread.java:1516) ~[na:na]

2026-05-20T16:53:51.984-04:00 DEBUG 33508 --- [health-service] [http-nio-8085-exec-4] o.s.w.s.m.m.a.HttpEntityMethodProcessor  : Using 'application/json', given [*/*] and supported [application/json, application/*+json]
2026-05-20T16:53:51.986-04:00 DEBUG 33508 --- [health-service] [http-nio-8085-exec-4] o.s.w.s.m.m.a.HttpEntityMethodProcessor  : Writing [ErrorResponse[timestamp=2026-05-20T16:53:51.984764400, status=500, error=Internal Server Error, mess (truncated)...]
2026-05-20T16:53:51.986-04:00  WARN 33508 --- [health-service] [http-nio-8085-exec-4] .m.m.a.ExceptionHandlerExceptionResolver : Resolved [org.springframework.web.servlet.resource.NoResourceFoundException: No static resource health/by-id.]
2026-05-20T16:53:51.986-04:00 DEBUG 33508 --- [health-service] [http-nio-8085-exec-4] o.s.web.servlet.DispatcherServlet        : Completed 500 INTERNAL_SERVER_ERROR
2026-05-20T16:57:52.398-04:00  INFO 33508 --- [health-service] [SpringApplicationShutdownHook] o.s.b.w.e.tomcat.GracefulShutdown        : Commencing graceful shutdown. Waiting for active requests to complete
2026-05-20T16:57:52.418-04:00  INFO 33508 --- [health-service] [tomcat-shutdown] o.s.b.w.e.tomcat.GracefulShutdown        : Graceful shutdown complete
2026-05-20T16:57:52.432-04:00  INFO 33508 --- [health-service] [SpringApplicationShutdownHook] j.LocalContainerEntityManagerFactoryBean : Closing JPA EntityManagerFactory for persistence unit 'default'
2026-05-20T16:57:52.440-04:00  INFO 33508 --- [health-service] [SpringApplicationShutdownHook] com.zaxxer.hikari.HikariDataSource       : HikariPool-1 - Shutdown initiated...
2026-05-20T16:57:52.459-04:00  INFO 33508 --- [health-service] [SpringApplicationShutdownHook] com.zaxxer.hikari.HikariDataSource       : HikariPool-1 - Shutdown completed.
2026-05-20T17:01:09.598-04:00  INFO 3964 --- [health-service] [restartedMain] c.a.h.HealthServiceApplication           : Starting HealthServiceApplication using Java 26 with PID 3964 (C:\Users\camil\Documents\fullstack1\adoptapp\health-service\target\classes started by camil in C:\Users\camil\Documents\fullstack1\adoptapp)
2026-05-20T17:01:09.614-04:00 DEBUG 3964 --- [health-service] [restartedMain] c.a.h.HealthServiceApplication           : Running with Spring Boot v3.4.5, Spring v6.2.6
2026-05-20T17:01:09.617-04:00  INFO 3964 --- [health-service] [restartedMain] c.a.h.HealthServiceApplication           : No active profile set, falling back to 1 default profile: "default"
2026-05-20T17:01:09.709-04:00  INFO 3964 --- [health-service] [restartedMain] .e.DevToolsPropertyDefaultsPostProcessor : Devtools property defaults active! Set 'spring.devtools.add-properties' to 'false' to disable
2026-05-20T17:01:09.709-04:00  INFO 3964 --- [health-service] [restartedMain] .e.DevToolsPropertyDefaultsPostProcessor : For additional web related logging consider setting the 'logging.level.web' property to 'DEBUG'
2026-05-20T17:01:11.188-04:00  INFO 3964 --- [health-service] [restartedMain] .s.d.r.c.RepositoryConfigurationDelegate : Bootstrapping Spring Data JPA repositories in DEFAULT mode.
2026-05-20T17:01:11.293-04:00  INFO 3964 --- [health-service] [restartedMain] .s.d.r.c.RepositoryConfigurationDelegate : Finished Spring Data repository scanning in 88 ms. Found 2 JPA repository interfaces.
2026-05-20T17:01:11.843-04:00  INFO 3964 --- [health-service] [restartedMain] o.s.cloud.context.scope.GenericScope     : BeanFactory id=1fa17820-a0a9-3b24-8e59-449540ba714f
2026-05-20T17:01:14.028-04:00  INFO 3964 --- [health-service] [restartedMain] o.s.b.w.embedded.tomcat.TomcatWebServer  : Tomcat initialized with port 8085 (http)
2026-05-20T17:01:14.066-04:00  INFO 3964 --- [health-service] [restartedMain] o.apache.catalina.core.StandardService   : Starting service [Tomcat]
2026-05-20T17:01:14.066-04:00  INFO 3964 --- [health-service] [restartedMain] o.apache.catalina.core.StandardEngine    : Starting Servlet engine: [Apache Tomcat/10.1.40]
2026-05-20T17:01:14.219-04:00  INFO 3964 --- [health-service] [restartedMain] o.a.c.c.C.[.[localhost].[/health-app]    : Initializing Spring embedded WebApplicationContext
2026-05-20T17:01:14.220-04:00  INFO 3964 --- [health-service] [restartedMain] w.s.c.ServletWebServerApplicationContext : Root WebApplicationContext: initialization completed in 4511 ms
2026-05-20T17:01:15.126-04:00  INFO 3964 --- [health-service] [restartedMain] com.zaxxer.hikari.HikariDataSource       : HikariPool-1 - Starting...
2026-05-20T17:01:15.685-04:00  INFO 3964 --- [health-service] [restartedMain] com.zaxxer.hikari.pool.HikariPool        : HikariPool-1 - Added connection org.postgresql.jdbc.PgConnection@7e511ecc
2026-05-20T17:01:15.685-04:00  INFO 3964 --- [health-service] [restartedMain] com.zaxxer.hikari.HikariDataSource       : HikariPool-1 - Start completed.
2026-05-20T17:01:15.806-04:00  INFO 3964 --- [health-service] [restartedMain] org.flywaydb.core.FlywayExecutor         : Database: jdbc:postgresql://localhost:5432/health_db (PostgreSQL 18.3)
2026-05-20T17:01:15.851-04:00  WARN 3964 --- [health-service] [restartedMain] o.f.c.internal.database.base.Database    : Flyway upgrade recommended: PostgreSQL 18.3 is newer than this version of Flyway and support has not been tested. The latest supported version of PostgreSQL is 17.
2026-05-20T17:01:15.996-04:00  INFO 3964 --- [health-service] [restartedMain] o.f.core.internal.command.DbValidate     : Successfully validated 3 migrations (execution time 00:00.092s)
2026-05-20T17:01:16.603-04:00  INFO 3964 --- [health-service] [restartedMain] o.f.core.internal.command.DbMigrate      : Current version of schema "public": 3
2026-05-20T17:01:16.613-04:00  INFO 3964 --- [health-service] [restartedMain] o.f.core.internal.command.DbMigrate      : Schema "public" is up to date. No migration necessary.
2026-05-20T17:01:16.996-04:00  INFO 3964 --- [health-service] [restartedMain] o.hibernate.jpa.internal.util.LogHelper  : HHH000204: Processing PersistenceUnitInfo [name: default]
2026-05-20T17:01:17.148-04:00  INFO 3964 --- [health-service] [restartedMain] org.hibernate.Version                    : HHH000412: Hibernate ORM core version 6.6.13.Final
2026-05-20T17:01:17.236-04:00  INFO 3964 --- [health-service] [restartedMain] o.h.c.internal.RegionFactoryInitiator    : HHH000026: Second-level cache disabled
2026-05-20T17:01:18.121-04:00  INFO 3964 --- [health-service] [restartedMain] o.s.o.j.p.SpringPersistenceUnitInfo      : No LoadTimeWeaver setup: ignoring JPA class transformer
2026-05-20T17:01:18.332-04:00  WARN 3964 --- [health-service] [restartedMain] org.hibernate.orm.deprecation            : HHH90000025: PostgreSQLDialect does not need to be specified explicitly using 'hibernate.dialect' (remove the property setting and it will be selected by default)
2026-05-20T17:01:18.383-04:00  INFO 3964 --- [health-service] [restartedMain] org.hibernate.orm.connections.pooling    : HHH10001005: Database info:
	Database JDBC URL [Connecting through datasource 'HikariDataSource (HikariPool-1)']
	Database driver: undefined/unknown
	Database version: 18.3
	Autocommit mode: undefined/unknown
	Isolation level: undefined/unknown
	Minimum pool size: undefined/unknown
	Maximum pool size: undefined/unknown
2026-05-20T17:01:21.659-04:00  INFO 3964 --- [health-service] [restartedMain] o.h.e.t.j.p.i.JtaPlatformInitiator       : HHH000489: No JTA platform available (set 'hibernate.transaction.jta.platform' to enable JTA platform integration)
2026-05-20T17:01:21.830-04:00  INFO 3964 --- [health-service] [restartedMain] j.LocalContainerEntityManagerFactoryBean : Initialized JPA EntityManagerFactory for persistence unit 'default'
2026-05-20T17:01:22.516-04:00  WARN 3964 --- [health-service] [restartedMain] JpaBaseConfiguration$JpaWebConfiguration : spring.jpa.open-in-view is enabled by default. Therefore, database queries may be performed during view rendering. Explicitly configure spring.jpa.open-in-view to disable this warning
2026-05-20T17:01:22.905-04:00  WARN 3964 --- [health-service] [restartedMain] o.s.b.d.a.OptionalLiveReloadServer       : Unable to start LiveReload server
2026-05-20T17:01:24.523-04:00  INFO 3964 --- [health-service] [restartedMain] r$InitializeUserDetailsManagerConfigurer : Global AuthenticationManager configured with UserDetailsService bean with name customUserDetailsService
2026-05-20T17:01:24.902-04:00 DEBUG 3964 --- [health-service] [restartedMain] s.w.s.m.m.a.RequestMappingHandlerMapping : 8 mappings in 'requestMappingHandlerMapping'
2026-05-20T17:01:25.362-04:00 DEBUG 3964 --- [health-service] [restartedMain] o.s.w.s.handler.SimpleUrlHandlerMapping  : Patterns [/webjars/**, /**] in 'resourceHandlerMapping'
2026-05-20T17:01:26.057-04:00 DEBUG 3964 --- [health-service] [restartedMain] s.w.s.m.m.a.RequestMappingHandlerAdapter : ControllerAdvice beans: 0 @ModelAttribute, 0 @InitBinder, 1 RequestBodyAdvice, 1 ResponseBodyAdvice
2026-05-20T17:01:26.182-04:00 DEBUG 3964 --- [health-service] [restartedMain] .m.m.a.ExceptionHandlerExceptionResolver : ControllerAdvice beans: 1 @ExceptionHandler, 1 ResponseBodyAdvice
2026-05-20T17:01:28.155-04:00  INFO 3964 --- [health-service] [restartedMain] o.s.cloud.commons.util.InetUtils         : Cannot determine local hostname
2026-05-20T17:01:28.334-04:00  INFO 3964 --- [health-service] [restartedMain] o.s.b.w.embedded.tomcat.TomcatWebServer  : Tomcat started on port 8085 (http) with context path '/health-app'
2026-05-20T17:01:29.344-04:00  INFO 3964 --- [health-service] [restartedMain] o.s.cloud.commons.util.InetUtils         : Cannot determine local hostname
2026-05-20T17:01:29.356-04:00  INFO 3964 --- [health-service] [restartedMain] c.a.h.HealthServiceApplication           : Started HealthServiceApplication in 21.503 seconds (process running for 23.125)
2026-05-20T17:04:01.458-04:00  INFO 3964 --- [health-service] [http-nio-8085-exec-1] o.a.c.c.C.[.[localhost].[/health-app]    : Initializing Spring DispatcherServlet 'dispatcherServlet'
2026-05-20T17:04:01.458-04:00  INFO 3964 --- [health-service] [http-nio-8085-exec-1] o.s.web.servlet.DispatcherServlet        : Initializing Servlet 'dispatcherServlet'
2026-05-20T17:04:01.458-04:00 DEBUG 3964 --- [health-service] [http-nio-8085-exec-1] o.s.web.servlet.DispatcherServlet        : Detected StandardServletMultipartResolver
2026-05-20T17:04:01.458-04:00 DEBUG 3964 --- [health-service] [http-nio-8085-exec-1] o.s.web.servlet.DispatcherServlet        : Detected AcceptHeaderLocaleResolver
2026-05-20T17:04:01.458-04:00 DEBUG 3964 --- [health-service] [http-nio-8085-exec-1] o.s.web.servlet.DispatcherServlet        : Detected FixedThemeResolver
2026-05-20T17:04:01.458-04:00 DEBUG 3964 --- [health-service] [http-nio-8085-exec-1] o.s.web.servlet.DispatcherServlet        : Detected org.springframework.web.servlet.view.DefaultRequestToViewNameTranslator@6b057f76
2026-05-20T17:04:01.458-04:00 DEBUG 3964 --- [health-service] [http-nio-8085-exec-1] o.s.web.servlet.DispatcherServlet        : Detected org.springframework.web.servlet.support.SessionFlashMapManager@67afdfce
2026-05-20T17:04:01.458-04:00 DEBUG 3964 --- [health-service] [http-nio-8085-exec-1] o.s.web.servlet.DispatcherServlet        : enableLoggingRequestDetails='false': request parameters and headers will be masked to prevent unsafe logging of potentially sensitive data
2026-05-20T17:04:01.458-04:00  INFO 3964 --- [health-service] [http-nio-8085-exec-1] o.s.web.servlet.DispatcherServlet        : Completed initialization in 0 ms
2026-05-20T17:04:01.643-04:00 DEBUG 3964 --- [health-service] [pool-2-thread-1] c.a.h.client.UserServiceClient           : [UserServiceClient#getUserAuthByEmail] ---> GET http://localhost:8081/user-app/users/by-email/admin%40empresa.com/auth HTTP/1.1
2026-05-20T17:04:01.790-04:00 DEBUG 3964 --- [health-service] [pool-2-thread-1] c.a.h.client.UserServiceClient           : [UserServiceClient#getUserAuthByEmail] <--- HTTP/1.1 200 (143ms)
2026-05-20T17:04:01.810-04:00 DEBUG 3964 --- [health-service] [pool-2-thread-1] o.s.w.c.HttpMessageConverterExtractor    : Reading to [com.adoptapp.sharedkernel.dto.UserAuthResponse]
2026-05-20T17:04:01.969-04:00 DEBUG 3964 --- [health-service] [http-nio-8085-exec-1] o.s.web.servlet.DispatcherServlet        : POST "/health-app/health", parameters={}
2026-05-20T17:04:01.973-04:00 DEBUG 3964 --- [health-service] [http-nio-8085-exec-1] s.w.s.m.m.a.RequestMappingHandlerMapping : Mapped to com.adoptapp.healthservice.controller.HealthController#createForm(HealthRequest)
2026-05-20T17:04:02.009-04:00 DEBUG 3964 --- [health-service] [http-nio-8085-exec-1] m.m.a.RequestResponseBodyMethodProcessor : Read "application/json;charset=UTF-8" to [HealthRequest[userId=1, petId=13, vaccinationStatus=VACCINATED, sterilizationStatus=STERILIZED, dise (truncated)...]
2026-05-20T17:04:02.135-04:00  INFO 3964 --- [health-service] [http-nio-8085-exec-1] c.a.healthservice.service.HealthService  : Creando ficha clinica: userId=1, petId=13
2026-05-20T17:04:02.135-04:00 DEBUG 3964 --- [health-service] [pool-2-thread-1] c.a.h.client.PetServiceClient            : [PetServiceClient#getPetById] ---> GET http://localhost:8082/pet-app/pets/by-id/13 HTTP/1.1
2026-05-20T17:04:02.443-04:00 DEBUG 3964 --- [health-service] [pool-2-thread-1] c.a.h.client.PetServiceClient            : [PetServiceClient#getPetById] <--- HTTP/1.1 404 (306ms)
2026-05-20T17:04:02.448-04:00  WARN 3964 --- [health-service] [http-nio-8085-exec-1] c.a.h.client.PetServiceClientFallback    : Pet-service no disponible para petId 13
2026-05-20T17:04:02.448-04:00  WARN 3964 --- [health-service] [http-nio-8085-exec-1] c.a.healthservice.service.HealthService  : Mascota no encontrada: ID=13
2026-05-20T17:04:02.456-04:00 DEBUG 3964 --- [health-service] [http-nio-8085-exec-1] .m.m.a.ExceptionHandlerExceptionResolver : Using @ExceptionHandler com.adoptapp.healthservice.exception.GlobalExceptionHandler#handleIllegalArgument(IllegalArgumentException, HttpServletRequest)
2026-05-20T17:04:02.472-04:00 DEBUG 3964 --- [health-service] [http-nio-8085-exec-1] o.s.w.s.m.m.a.HttpEntityMethodProcessor  : Using 'application/json', given [*/*] and supported [application/json, application/*+json]
2026-05-20T17:04:02.478-04:00 DEBUG 3964 --- [health-service] [http-nio-8085-exec-1] o.s.w.s.m.m.a.HttpEntityMethodProcessor  : Writing [ErrorResponse[timestamp=2026-05-20T17:04:02.459619600, status=400, error=Bad Request, message=La mas (truncated)...]
2026-05-20T17:04:02.488-04:00  WARN 3964 --- [health-service] [http-nio-8085-exec-1] .m.m.a.ExceptionHandlerExceptionResolver : Resolved [java.lang.IllegalArgumentException: La mascota con ID 13 no existe]
2026-05-20T17:04:02.488-04:00 DEBUG 3964 --- [health-service] [http-nio-8085-exec-1] o.s.web.servlet.DispatcherServlet        : Completed 400 BAD_REQUEST
2026-05-20T17:07:58.339-04:00  INFO 3964 --- [health-service] [SpringApplicationShutdownHook] o.s.b.w.e.tomcat.GracefulShutdown        : Commencing graceful shutdown. Waiting for active requests to complete
2026-05-20T17:07:58.399-04:00  INFO 3964 --- [health-service] [tomcat-shutdown] o.s.b.w.e.tomcat.GracefulShutdown        : Graceful shutdown complete
2026-05-20T17:07:58.409-04:00  INFO 3964 --- [health-service] [SpringApplicationShutdownHook] j.LocalContainerEntityManagerFactoryBean : Closing JPA EntityManagerFactory for persistence unit 'default'
2026-05-20T17:07:58.415-04:00  INFO 3964 --- [health-service] [SpringApplicationShutdownHook] com.zaxxer.hikari.HikariDataSource       : HikariPool-1 - Shutdown initiated...
2026-05-20T17:07:58.421-04:00  INFO 3964 --- [health-service] [SpringApplicationShutdownHook] com.zaxxer.hikari.HikariDataSource       : HikariPool-1 - Shutdown completed.
2026-05-20T17:16:29.723-04:00  INFO 12664 --- [health-service] [restartedMain] c.a.h.HealthServiceApplication           : Starting HealthServiceApplication using Java 26 with PID 12664 (C:\Users\camil\Documents\fullstack1\adoptapp\health-service\target\classes started by camil in C:\Users\camil\Documents\fullstack1\adoptapp)
2026-05-20T17:16:29.726-04:00 DEBUG 12664 --- [health-service] [restartedMain] c.a.h.HealthServiceApplication           : Running with Spring Boot v3.4.5, Spring v6.2.6
2026-05-20T17:16:29.727-04:00  INFO 12664 --- [health-service] [restartedMain] c.a.h.HealthServiceApplication           : No active profile set, falling back to 1 default profile: "default"
2026-05-20T17:16:29.811-04:00  INFO 12664 --- [health-service] [restartedMain] .e.DevToolsPropertyDefaultsPostProcessor : Devtools property defaults active! Set 'spring.devtools.add-properties' to 'false' to disable
2026-05-20T17:16:29.812-04:00  INFO 12664 --- [health-service] [restartedMain] .e.DevToolsPropertyDefaultsPostProcessor : For additional web related logging consider setting the 'logging.level.web' property to 'DEBUG'
2026-05-20T17:16:31.314-04:00  INFO 12664 --- [health-service] [restartedMain] .s.d.r.c.RepositoryConfigurationDelegate : Bootstrapping Spring Data JPA repositories in DEFAULT mode.
2026-05-20T17:16:31.418-04:00  INFO 12664 --- [health-service] [restartedMain] .s.d.r.c.RepositoryConfigurationDelegate : Finished Spring Data repository scanning in 85 ms. Found 2 JPA repository interfaces.
2026-05-20T17:16:31.916-04:00  INFO 12664 --- [health-service] [restartedMain] o.s.cloud.context.scope.GenericScope     : BeanFactory id=1fa17820-a0a9-3b24-8e59-449540ba714f
2026-05-20T17:16:32.806-04:00  INFO 12664 --- [health-service] [restartedMain] o.s.b.w.embedded.tomcat.TomcatWebServer  : Tomcat initialized with port 8085 (http)
2026-05-20T17:16:32.825-04:00  INFO 12664 --- [health-service] [restartedMain] o.apache.catalina.core.StandardService   : Starting service [Tomcat]
2026-05-20T17:16:32.825-04:00  INFO 12664 --- [health-service] [restartedMain] o.apache.catalina.core.StandardEngine    : Starting Servlet engine: [Apache Tomcat/10.1.40]
2026-05-20T17:16:32.895-04:00  INFO 12664 --- [health-service] [restartedMain] o.a.c.c.C.[.[localhost].[/health-app]    : Initializing Spring embedded WebApplicationContext
2026-05-20T17:16:32.896-04:00  INFO 12664 --- [health-service] [restartedMain] w.s.c.ServletWebServerApplicationContext : Root WebApplicationContext: initialization completed in 3083 ms
2026-05-20T17:16:33.382-04:00  INFO 12664 --- [health-service] [restartedMain] com.zaxxer.hikari.HikariDataSource       : HikariPool-1 - Starting...
2026-05-20T17:16:36.094-04:00  INFO 12664 --- [health-service] [restartedMain] com.zaxxer.hikari.pool.HikariPool        : HikariPool-1 - Added connection org.postgresql.jdbc.PgConnection@4b1bcb47
2026-05-20T17:16:36.096-04:00  INFO 12664 --- [health-service] [restartedMain] com.zaxxer.hikari.HikariDataSource       : HikariPool-1 - Start completed.
2026-05-20T17:16:36.283-04:00  INFO 12664 --- [health-service] [restartedMain] org.flywaydb.core.FlywayExecutor         : Database: jdbc:postgresql://ep-weathered-voice-apxz7zh8.c-7.us-east-1.aws.neon.tech:5432/neondb (PostgreSQL 18.4)
2026-05-20T17:16:37.460-04:00  WARN 12664 --- [health-service] [restartedMain] o.f.c.internal.database.base.Database    : Flyway upgrade recommended: PostgreSQL 18.4 is newer than this version of Flyway and support has not been tested. The latest supported version of PostgreSQL is 17.
2026-05-20T17:16:37.958-04:00  INFO 12664 --- [health-service] [restartedMain] o.f.c.i.s.JdbcTableSchemaHistory         : Schema history table "public"."flyway_schema_history" does not exist yet
2026-05-20T17:16:38.109-04:00  INFO 12664 --- [health-service] [restartedMain] o.f.core.internal.command.DbValidate     : Successfully validated 3 migrations (execution time 00:00.469s)
2026-05-20T17:16:39.007-04:00  INFO 12664 --- [health-service] [restartedMain] org.flywaydb.core.Flyway                 : All configured schemas are empty; baseline operation skipped. A baseline or migration script with a lower version than the baseline version may execute if available. Check the Schemas parameter if this is not intended.
2026-05-20T17:16:39.440-04:00  INFO 12664 --- [health-service] [restartedMain] o.f.c.i.s.JdbcTableSchemaHistory         : Creating Schema History table "public"."flyway_schema_history" ...
2026-05-20T17:16:41.806-04:00  INFO 12664 --- [health-service] [restartedMain] o.f.core.internal.command.DbMigrate      : Current version of schema "public": << Empty Schema >>
2026-05-20T17:16:42.267-04:00  INFO 12664 --- [health-service] [restartedMain] o.f.core.internal.command.DbMigrate      : Migrating schema "public" to version "1 - create health tables"
2026-05-20T17:16:45.056-04:00  INFO 12664 --- [health-service] [restartedMain] o.f.core.internal.command.DbMigrate      : Migrating schema "public" to version "2 - seed data"
2026-05-20T17:16:47.478-04:00  INFO 12664 --- [health-service] [restartedMain] o.f.core.internal.command.DbMigrate      : Migrating schema "public" to version "3 - add unique constraint pet id"
2026-05-20T17:16:49.629-04:00  INFO 12664 --- [health-service] [restartedMain] o.f.core.internal.command.DbMigrate      : Successfully applied 3 migrations to schema "public", now at version v3 (execution time 00:02.349s)
2026-05-20T17:16:50.881-04:00  INFO 12664 --- [health-service] [restartedMain] o.hibernate.jpa.internal.util.LogHelper  : HHH000204: Processing PersistenceUnitInfo [name: default]
2026-05-20T17:16:50.982-04:00  INFO 12664 --- [health-service] [restartedMain] org.hibernate.Version                    : HHH000412: Hibernate ORM core version 6.6.13.Final
2026-05-20T17:16:51.039-04:00  INFO 12664 --- [health-service] [restartedMain] o.h.c.internal.RegionFactoryInitiator    : HHH000026: Second-level cache disabled
2026-05-20T17:16:51.494-04:00  INFO 12664 --- [health-service] [restartedMain] o.s.o.j.p.SpringPersistenceUnitInfo      : No LoadTimeWeaver setup: ignoring JPA class transformer
2026-05-20T17:16:51.899-04:00  WARN 12664 --- [health-service] [restartedMain] org.hibernate.orm.deprecation            : HHH90000025: PostgreSQLDialect does not need to be specified explicitly using 'hibernate.dialect' (remove the property setting and it will be selected by default)
2026-05-20T17:16:52.208-04:00  INFO 12664 --- [health-service] [restartedMain] org.hibernate.orm.connections.pooling    : HHH10001005: Database info:
	Database JDBC URL [Connecting through datasource 'HikariDataSource (HikariPool-1)']
	Database driver: undefined/unknown
	Database version: 18.4
	Autocommit mode: undefined/unknown
	Isolation level: undefined/unknown
	Minimum pool size: undefined/unknown
	Maximum pool size: undefined/unknown
2026-05-20T17:16:54.168-04:00  INFO 12664 --- [health-service] [restartedMain] o.h.e.t.j.p.i.JtaPlatformInitiator       : HHH000489: No JTA platform available (set 'hibernate.transaction.jta.platform' to enable JTA platform integration)
2026-05-20T17:16:54.971-04:00  INFO 12664 --- [health-service] [restartedMain] j.LocalContainerEntityManagerFactoryBean : Initialized JPA EntityManagerFactory for persistence unit 'default'
2026-05-20T17:16:55.378-04:00  WARN 12664 --- [health-service] [restartedMain] JpaBaseConfiguration$JpaWebConfiguration : spring.jpa.open-in-view is enabled by default. Therefore, database queries may be performed during view rendering. Explicitly configure spring.jpa.open-in-view to disable this warning
2026-05-20T17:16:55.703-04:00  INFO 12664 --- [health-service] [restartedMain] o.s.b.d.a.OptionalLiveReloadServer       : LiveReload server is running on port 35729
2026-05-20T17:16:57.145-04:00  INFO 12664 --- [health-service] [restartedMain] r$InitializeUserDetailsManagerConfigurer : Global AuthenticationManager configured with UserDetailsService bean with name customUserDetailsService
2026-05-20T17:16:57.623-04:00 DEBUG 12664 --- [health-service] [restartedMain] s.w.s.m.m.a.RequestMappingHandlerMapping : 8 mappings in 'requestMappingHandlerMapping'
2026-05-20T17:16:57.957-04:00 DEBUG 12664 --- [health-service] [restartedMain] o.s.w.s.handler.SimpleUrlHandlerMapping  : Patterns [/webjars/**, /**] in 'resourceHandlerMapping'
2026-05-20T17:16:58.711-04:00 DEBUG 12664 --- [health-service] [restartedMain] s.w.s.m.m.a.RequestMappingHandlerAdapter : ControllerAdvice beans: 0 @ModelAttribute, 0 @InitBinder, 1 RequestBodyAdvice, 1 ResponseBodyAdvice
2026-05-20T17:16:58.889-04:00 DEBUG 12664 --- [health-service] [restartedMain] .m.m.a.ExceptionHandlerExceptionResolver : ControllerAdvice beans: 1 @ExceptionHandler, 1 ResponseBodyAdvice
2026-05-20T17:17:00.746-04:00  INFO 12664 --- [health-service] [restartedMain] o.s.cloud.commons.util.InetUtils         : Cannot determine local hostname
2026-05-20T17:17:00.853-04:00  INFO 12664 --- [health-service] [restartedMain] o.s.b.w.embedded.tomcat.TomcatWebServer  : Tomcat started on port 8085 (http) with context path '/health-app'
2026-05-20T17:17:01.860-04:00  INFO 12664 --- [health-service] [restartedMain] o.s.cloud.commons.util.InetUtils         : Cannot determine local hostname
2026-05-20T17:17:01.875-04:00  INFO 12664 --- [health-service] [restartedMain] c.a.h.HealthServiceApplication           : Started HealthServiceApplication in 33.863 seconds (process running for 35.237)
2026-05-20T17:18:24.008-04:00  INFO 12664 --- [health-service] [File Watcher] rtingClassPathChangeChangedEventListener : Restarting due to 1 class path change (0 additions, 0 deletions, 1 modification)
2026-05-20T17:18:24.012-04:00  INFO 12664 --- [health-service] [Thread-5] o.s.b.w.e.tomcat.GracefulShutdown        : Commencing graceful shutdown. Waiting for active requests to complete
2026-05-20T17:18:24.023-04:00  INFO 12664 --- [health-service] [tomcat-shutdown] o.s.b.w.e.tomcat.GracefulShutdown        : Graceful shutdown complete
2026-05-20T17:18:24.030-04:00  INFO 12664 --- [health-service] [Thread-5] j.LocalContainerEntityManagerFactoryBean : Closing JPA EntityManagerFactory for persistence unit 'default'
2026-05-20T17:18:24.035-04:00  INFO 12664 --- [health-service] [Thread-5] com.zaxxer.hikari.HikariDataSource       : HikariPool-1 - Shutdown initiated...
2026-05-20T17:18:24.734-04:00  INFO 12664 --- [health-service] [Thread-5] com.zaxxer.hikari.HikariDataSource       : HikariPool-1 - Shutdown completed.
2026-05-20T17:18:25.916-04:00  INFO 12664 --- [health-service] [restartedMain] c.a.h.HealthServiceApplication           : Starting HealthServiceApplication using Java 26 with PID 12664 (C:\Users\camil\Documents\fullstack1\adoptapp\health-service\target\classes started by camil in C:\Users\camil\Documents\fullstack1\adoptapp)
2026-05-20T17:18:25.917-04:00 DEBUG 12664 --- [health-service] [restartedMain] c.a.h.HealthServiceApplication           : Running with Spring Boot v3.4.5, Spring v6.2.6
2026-05-20T17:18:25.917-04:00  INFO 12664 --- [health-service] [restartedMain] c.a.h.HealthServiceApplication           : No active profile set, falling back to 1 default profile: "default"
2026-05-20T17:18:26.383-04:00  INFO 12664 --- [health-service] [restartedMain] .s.d.r.c.RepositoryConfigurationDelegate : Bootstrapping Spring Data JPA repositories in DEFAULT mode.
2026-05-20T17:18:26.411-04:00  INFO 12664 --- [health-service] [restartedMain] .s.d.r.c.RepositoryConfigurationDelegate : Finished Spring Data repository scanning in 24 ms. Found 2 JPA repository interfaces.
2026-05-20T17:18:26.506-04:00  INFO 12664 --- [health-service] [restartedMain] o.s.cloud.context.scope.GenericScope     : BeanFactory id=1fa17820-a0a9-3b24-8e59-449540ba714f
2026-05-20T17:18:26.866-04:00  INFO 12664 --- [health-service] [restartedMain] o.s.b.w.embedded.tomcat.TomcatWebServer  : Tomcat initialized with port 8085 (http)
2026-05-20T17:18:26.866-04:00  INFO 12664 --- [health-service] [restartedMain] o.apache.catalina.core.StandardService   : Starting service [Tomcat]
2026-05-20T17:18:26.866-04:00  INFO 12664 --- [health-service] [restartedMain] o.apache.catalina.core.StandardEngine    : Starting Servlet engine: [Apache Tomcat/10.1.40]
2026-05-20T17:18:26.937-04:00  INFO 12664 --- [health-service] [restartedMain] o.a.c.c.C.[.[localhost].[/health-app]    : Initializing Spring embedded WebApplicationContext
2026-05-20T17:18:26.938-04:00  INFO 12664 --- [health-service] [restartedMain] w.s.c.ServletWebServerApplicationContext : Root WebApplicationContext: initialization completed in 1018 ms
2026-05-20T17:18:27.373-04:00  INFO 12664 --- [health-service] [restartedMain] com.zaxxer.hikari.HikariDataSource       : HikariPool-2 - Starting...
2026-05-20T17:18:28.833-04:00  INFO 12664 --- [health-service] [restartedMain] com.zaxxer.hikari.pool.HikariPool        : HikariPool-2 - Added connection org.postgresql.jdbc.PgConnection@23dac5d7
2026-05-20T17:18:28.833-04:00  INFO 12664 --- [health-service] [restartedMain] com.zaxxer.hikari.HikariDataSource       : HikariPool-2 - Start completed.
2026-05-20T17:18:28.976-04:00  INFO 12664 --- [health-service] [restartedMain] org.flywaydb.core.FlywayExecutor         : Database: jdbc:postgresql://ep-weathered-voice-apxz7zh8.c-7.us-east-1.aws.neon.tech:5432/neondb (PostgreSQL 18.4)
2026-05-20T17:18:30.109-04:00  WARN 12664 --- [health-service] [restartedMain] o.f.c.internal.database.base.Database    : Flyway upgrade recommended: PostgreSQL 18.4 is newer than this version of Flyway and support has not been tested. The latest supported version of PostgreSQL is 17.
2026-05-20T17:18:30.829-04:00  INFO 12664 --- [health-service] [restartedMain] o.f.core.internal.command.DbValidate     : Successfully validated 3 migrations (execution time 00:00.575s)
2026-05-20T17:18:32.665-04:00  INFO 12664 --- [health-service] [restartedMain] o.f.core.internal.command.DbMigrate      : Current version of schema "public": 3
2026-05-20T17:18:32.806-04:00  INFO 12664 --- [health-service] [restartedMain] o.f.core.internal.command.DbMigrate      : Schema "public" is up to date. No migration necessary.
2026-05-20T17:18:33.769-04:00  INFO 12664 --- [health-service] [restartedMain] o.hibernate.jpa.internal.util.LogHelper  : HHH000204: Processing PersistenceUnitInfo [name: default]
2026-05-20T17:18:33.773-04:00  INFO 12664 --- [health-service] [restartedMain] o.h.c.internal.RegionFactoryInitiator    : HHH000026: Second-level cache disabled
2026-05-20T17:18:33.798-04:00  INFO 12664 --- [health-service] [restartedMain] o.s.o.j.p.SpringPersistenceUnitInfo      : No LoadTimeWeaver setup: ignoring JPA class transformer
2026-05-20T17:18:33.947-04:00  WARN 12664 --- [health-service] [restartedMain] org.hibernate.orm.deprecation            : HHH90000025: PostgreSQLDialect does not need to be specified explicitly using 'hibernate.dialect' (remove the property setting and it will be selected by default)
2026-05-20T17:18:34.230-04:00  INFO 12664 --- [health-service] [restartedMain] org.hibernate.orm.connections.pooling    : HHH10001005: Database info:
	Database JDBC URL [Connecting through datasource 'HikariDataSource (HikariPool-2)']
	Database driver: undefined/unknown
	Database version: 18.4
	Autocommit mode: undefined/unknown
	Isolation level: undefined/unknown
	Minimum pool size: undefined/unknown
	Maximum pool size: undefined/unknown
2026-05-20T17:18:34.372-04:00  INFO 12664 --- [health-service] [restartedMain] o.h.e.t.j.p.i.JtaPlatformInitiator       : HHH000489: No JTA platform available (set 'hibernate.transaction.jta.platform' to enable JTA platform integration)
2026-05-20T17:18:34.808-04:00  INFO 12664 --- [health-service] [restartedMain] j.LocalContainerEntityManagerFactoryBean : Initialized JPA EntityManagerFactory for persistence unit 'default'
2026-05-20T17:18:34.980-04:00  WARN 12664 --- [health-service] [restartedMain] JpaBaseConfiguration$JpaWebConfiguration : spring.jpa.open-in-view is enabled by default. Therefore, database queries may be performed during view rendering. Explicitly configure spring.jpa.open-in-view to disable this warning
2026-05-20T17:18:35.127-04:00  INFO 12664 --- [health-service] [restartedMain] o.s.b.d.a.OptionalLiveReloadServer       : LiveReload server is running on port 35729
2026-05-20T17:18:35.677-04:00  INFO 12664 --- [health-service] [restartedMain] r$InitializeUserDetailsManagerConfigurer : Global AuthenticationManager configured with UserDetailsService bean with name customUserDetailsService
2026-05-20T17:18:35.783-04:00 DEBUG 12664 --- [health-service] [restartedMain] s.w.s.m.m.a.RequestMappingHandlerMapping : 8 mappings in 'requestMappingHandlerMapping'
2026-05-20T17:18:36.082-04:00 DEBUG 12664 --- [health-service] [restartedMain] o.s.w.s.handler.SimpleUrlHandlerMapping  : Patterns [/webjars/**, /**] in 'resourceHandlerMapping'
2026-05-20T17:18:36.460-04:00 DEBUG 12664 --- [health-service] [restartedMain] s.w.s.m.m.a.RequestMappingHandlerAdapter : ControllerAdvice beans: 0 @ModelAttribute, 0 @InitBinder, 1 RequestBodyAdvice, 1 ResponseBodyAdvice
2026-05-20T17:18:36.545-04:00 DEBUG 12664 --- [health-service] [restartedMain] .m.m.a.ExceptionHandlerExceptionResolver : ControllerAdvice beans: 1 @ExceptionHandler, 1 ResponseBodyAdvice
2026-05-20T17:18:38.153-04:00  INFO 12664 --- [health-service] [restartedMain] o.s.cloud.commons.util.InetUtils         : Cannot determine local hostname
2026-05-20T17:18:38.286-04:00  INFO 12664 --- [health-service] [restartedMain] o.s.b.w.embedded.tomcat.TomcatWebServer  : Tomcat started on port 8085 (http) with context path '/health-app'
2026-05-20T17:18:39.298-04:00  INFO 12664 --- [health-service] [restartedMain] o.s.cloud.commons.util.InetUtils         : Cannot determine local hostname
2026-05-20T17:18:39.302-04:00  INFO 12664 --- [health-service] [restartedMain] c.a.h.HealthServiceApplication           : Started HealthServiceApplication in 14.484 seconds (process running for 132.665)
2026-05-20T17:18:39.307-04:00  INFO 12664 --- [health-service] [restartedMain] .ConditionEvaluationDeltaLoggingListener : Condition evaluation unchanged
2026-05-20T17:20:19.913-04:00  INFO 12664 --- [health-service] [File Watcher] rtingClassPathChangeChangedEventListener : Restarting due to 1 class path change (0 additions, 0 deletions, 1 modification)
2026-05-20T17:20:19.914-04:00  INFO 12664 --- [health-service] [Thread-10] o.s.b.w.e.tomcat.GracefulShutdown        : Commencing graceful shutdown. Waiting for active requests to complete
2026-05-20T17:20:19.927-04:00  INFO 12664 --- [health-service] [tomcat-shutdown] o.s.b.w.e.tomcat.GracefulShutdown        : Graceful shutdown complete
2026-05-20T17:20:19.931-04:00  INFO 12664 --- [health-service] [Thread-10] j.LocalContainerEntityManagerFactoryBean : Closing JPA EntityManagerFactory for persistence unit 'default'
2026-05-20T17:20:19.932-04:00  INFO 12664 --- [health-service] [Thread-10] com.zaxxer.hikari.HikariDataSource       : HikariPool-2 - Shutdown initiated...
2026-05-20T17:20:20.623-04:00  INFO 12664 --- [health-service] [Thread-10] com.zaxxer.hikari.HikariDataSource       : HikariPool-2 - Shutdown completed.
2026-05-20T17:20:21.740-04:00  INFO 12664 --- [health-service] [restartedMain] c.a.h.HealthServiceApplication           : Starting HealthServiceApplication using Java 26 with PID 12664 (C:\Users\camil\Documents\fullstack1\adoptapp\health-service\target\classes started by camil in C:\Users\camil\Documents\fullstack1\adoptapp)
2026-05-20T17:20:21.740-04:00 DEBUG 12664 --- [health-service] [restartedMain] c.a.h.HealthServiceApplication           : Running with Spring Boot v3.4.5, Spring v6.2.6
2026-05-20T17:20:21.741-04:00  INFO 12664 --- [health-service] [restartedMain] c.a.h.HealthServiceApplication           : No active profile set, falling back to 1 default profile: "default"
2026-05-20T17:20:22.164-04:00  INFO 12664 --- [health-service] [restartedMain] .s.d.r.c.RepositoryConfigurationDelegate : Bootstrapping Spring Data JPA repositories in DEFAULT mode.
2026-05-20T17:20:22.185-04:00  INFO 12664 --- [health-service] [restartedMain] .s.d.r.c.RepositoryConfigurationDelegate : Finished Spring Data repository scanning in 18 ms. Found 2 JPA repository interfaces.
2026-05-20T17:20:22.261-04:00  INFO 12664 --- [health-service] [restartedMain] o.s.cloud.context.scope.GenericScope     : BeanFactory id=1fa17820-a0a9-3b24-8e59-449540ba714f
2026-05-20T17:20:22.564-04:00  INFO 12664 --- [health-service] [restartedMain] o.s.b.w.embedded.tomcat.TomcatWebServer  : Tomcat initialized with port 8085 (http)
2026-05-20T17:20:22.565-04:00  INFO 12664 --- [health-service] [restartedMain] o.apache.catalina.core.StandardService   : Starting service [Tomcat]
2026-05-20T17:20:22.566-04:00  INFO 12664 --- [health-service] [restartedMain] o.apache.catalina.core.StandardEngine    : Starting Servlet engine: [Apache Tomcat/10.1.40]
2026-05-20T17:20:22.622-04:00  INFO 12664 --- [health-service] [restartedMain] o.a.c.c.C.[.[localhost].[/health-app]    : Initializing Spring embedded WebApplicationContext
2026-05-20T17:20:22.623-04:00  INFO 12664 --- [health-service] [restartedMain] w.s.c.ServletWebServerApplicationContext : Root WebApplicationContext: initialization completed in 879 ms
2026-05-20T17:20:22.791-04:00  INFO 12664 --- [health-service] [restartedMain] com.zaxxer.hikari.HikariDataSource       : HikariPool-3 - Starting...
2026-05-20T17:20:24.228-04:00  INFO 12664 --- [health-service] [restartedMain] com.zaxxer.hikari.pool.HikariPool        : HikariPool-3 - Added connection org.postgresql.jdbc.PgConnection@3077d27f
2026-05-20T17:20:24.228-04:00  INFO 12664 --- [health-service] [restartedMain] com.zaxxer.hikari.HikariDataSource       : HikariPool-3 - Start completed.
2026-05-20T17:20:24.370-04:00  INFO 12664 --- [health-service] [restartedMain] org.flywaydb.core.FlywayExecutor         : Database: jdbc:postgresql://ep-weathered-voice-apxz7zh8.c-7.us-east-1.aws.neon.tech:5432/neondb (PostgreSQL 18.4)
2026-05-20T17:20:25.502-04:00  WARN 12664 --- [health-service] [restartedMain] o.f.c.internal.database.base.Database    : Flyway upgrade recommended: PostgreSQL 18.4 is newer than this version of Flyway and support has not been tested. The latest supported version of PostgreSQL is 17.
2026-05-20T17:20:26.217-04:00  INFO 12664 --- [health-service] [restartedMain] o.f.core.internal.command.DbValidate     : Successfully validated 3 migrations (execution time 00:00.570s)
2026-05-20T17:20:28.042-04:00  INFO 12664 --- [health-service] [restartedMain] o.f.core.internal.command.DbMigrate      : Current version of schema "public": 3
2026-05-20T17:20:28.183-04:00  INFO 12664 --- [health-service] [restartedMain] o.f.core.internal.command.DbMigrate      : Schema "public" is up to date. No migration necessary.
2026-05-20T17:20:29.090-04:00  INFO 12664 --- [health-service] [restartedMain] o.hibernate.jpa.internal.util.LogHelper  : HHH000204: Processing PersistenceUnitInfo [name: default]
2026-05-20T17:20:29.098-04:00  INFO 12664 --- [health-service] [restartedMain] o.h.c.internal.RegionFactoryInitiator    : HHH000026: Second-level cache disabled
2026-05-20T17:20:29.113-04:00  INFO 12664 --- [health-service] [restartedMain] o.s.o.j.p.SpringPersistenceUnitInfo      : No LoadTimeWeaver setup: ignoring JPA class transformer
2026-05-20T17:20:29.258-04:00  WARN 12664 --- [health-service] [restartedMain] org.hibernate.orm.deprecation            : HHH90000025: PostgreSQLDialect does not need to be specified explicitly using 'hibernate.dialect' (remove the property setting and it will be selected by default)
2026-05-20T17:20:29.540-04:00  INFO 12664 --- [health-service] [restartedMain] org.hibernate.orm.connections.pooling    : HHH10001005: Database info:
	Database JDBC URL [Connecting through datasource 'HikariDataSource (HikariPool-3)']
	Database driver: undefined/unknown
	Database version: 18.4
	Autocommit mode: undefined/unknown
	Isolation level: undefined/unknown
	Minimum pool size: undefined/unknown
	Maximum pool size: undefined/unknown
2026-05-20T17:20:29.642-04:00  INFO 12664 --- [health-service] [restartedMain] o.h.e.t.j.p.i.JtaPlatformInitiator       : HHH000489: No JTA platform available (set 'hibernate.transaction.jta.platform' to enable JTA platform integration)
2026-05-20T17:20:30.076-04:00  INFO 12664 --- [health-service] [restartedMain] j.LocalContainerEntityManagerFactoryBean : Initialized JPA EntityManagerFactory for persistence unit 'default'
2026-05-20T17:20:30.217-04:00  WARN 12664 --- [health-service] [restartedMain] JpaBaseConfiguration$JpaWebConfiguration : spring.jpa.open-in-view is enabled by default. Therefore, database queries may be performed during view rendering. Explicitly configure spring.jpa.open-in-view to disable this warning
2026-05-20T17:20:30.377-04:00  INFO 12664 --- [health-service] [restartedMain] o.s.b.d.a.OptionalLiveReloadServer       : LiveReload server is running on port 35729
2026-05-20T17:20:30.885-04:00  INFO 12664 --- [health-service] [restartedMain] r$InitializeUserDetailsManagerConfigurer : Global AuthenticationManager configured with UserDetailsService bean with name customUserDetailsService
2026-05-20T17:20:30.991-04:00 DEBUG 12664 --- [health-service] [restartedMain] s.w.s.m.m.a.RequestMappingHandlerMapping : 8 mappings in 'requestMappingHandlerMapping'
2026-05-20T17:20:31.285-04:00 DEBUG 12664 --- [health-service] [restartedMain] o.s.w.s.handler.SimpleUrlHandlerMapping  : Patterns [/webjars/**, /**] in 'resourceHandlerMapping'
2026-05-20T17:20:31.669-04:00 DEBUG 12664 --- [health-service] [restartedMain] s.w.s.m.m.a.RequestMappingHandlerAdapter : ControllerAdvice beans: 0 @ModelAttribute, 0 @InitBinder, 1 RequestBodyAdvice, 1 ResponseBodyAdvice
2026-05-20T17:20:31.735-04:00 DEBUG 12664 --- [health-service] [restartedMain] .m.m.a.ExceptionHandlerExceptionResolver : ControllerAdvice beans: 1 @ExceptionHandler, 1 ResponseBodyAdvice
2026-05-20T17:20:33.248-04:00  INFO 12664 --- [health-service] [restartedMain] o.s.cloud.commons.util.InetUtils         : Cannot determine local hostname
2026-05-20T17:20:33.423-04:00  INFO 12664 --- [health-service] [restartedMain] o.s.b.w.embedded.tomcat.TomcatWebServer  : Tomcat started on port 8085 (http) with context path '/health-app'
2026-05-20T17:20:34.434-04:00  INFO 12664 --- [health-service] [restartedMain] o.s.cloud.commons.util.InetUtils         : Cannot determine local hostname
2026-05-20T17:20:34.438-04:00  INFO 12664 --- [health-service] [restartedMain] c.a.h.HealthServiceApplication           : Started HealthServiceApplication in 13.76 seconds (process running for 247.801)
2026-05-20T17:20:34.440-04:00  INFO 12664 --- [health-service] [restartedMain] .ConditionEvaluationDeltaLoggingListener : Condition evaluation unchanged
2026-05-20T17:21:22.782-04:00  INFO 12664 --- [health-service] [File Watcher] rtingClassPathChangeChangedEventListener : Restarting due to 1 class path change (0 additions, 0 deletions, 1 modification)
2026-05-20T17:21:22.782-04:00  INFO 12664 --- [health-service] [Thread-17] o.s.b.w.e.tomcat.GracefulShutdown        : Commencing graceful shutdown. Waiting for active requests to complete
2026-05-20T17:21:22.791-04:00  INFO 12664 --- [health-service] [tomcat-shutdown] o.s.b.w.e.tomcat.GracefulShutdown        : Graceful shutdown complete
2026-05-20T17:21:22.794-04:00  INFO 12664 --- [health-service] [Thread-17] j.LocalContainerEntityManagerFactoryBean : Closing JPA EntityManagerFactory for persistence unit 'default'
2026-05-20T17:21:22.794-04:00  INFO 12664 --- [health-service] [Thread-17] com.zaxxer.hikari.HikariDataSource       : HikariPool-3 - Shutdown initiated...
2026-05-20T17:21:23.488-04:00  INFO 12664 --- [health-service] [Thread-17] com.zaxxer.hikari.HikariDataSource       : HikariPool-3 - Shutdown completed.
2026-05-20T17:21:24.656-04:00  INFO 12664 --- [health-service] [restartedMain] c.a.h.HealthServiceApplication           : Starting HealthServiceApplication using Java 26 with PID 12664 (C:\Users\camil\Documents\fullstack1\adoptapp\health-service\target\classes started by camil in C:\Users\camil\Documents\fullstack1\adoptapp)
2026-05-20T17:21:24.657-04:00 DEBUG 12664 --- [health-service] [restartedMain] c.a.h.HealthServiceApplication           : Running with Spring Boot v3.4.5, Spring v6.2.6
2026-05-20T17:21:24.657-04:00  INFO 12664 --- [health-service] [restartedMain] c.a.h.HealthServiceApplication           : No active profile set, falling back to 1 default profile: "default"
2026-05-20T17:21:25.063-04:00  INFO 12664 --- [health-service] [restartedMain] .s.d.r.c.RepositoryConfigurationDelegate : Bootstrapping Spring Data JPA repositories in DEFAULT mode.
2026-05-20T17:21:25.085-04:00  INFO 12664 --- [health-service] [restartedMain] .s.d.r.c.RepositoryConfigurationDelegate : Finished Spring Data repository scanning in 20 ms. Found 2 JPA repository interfaces.
2026-05-20T17:21:25.183-04:00  INFO 12664 --- [health-service] [restartedMain] o.s.cloud.context.scope.GenericScope     : BeanFactory id=1fa17820-a0a9-3b24-8e59-449540ba714f
2026-05-20T17:21:25.525-04:00  INFO 12664 --- [health-service] [restartedMain] o.s.b.w.embedded.tomcat.TomcatWebServer  : Tomcat initialized with port 8085 (http)
2026-05-20T17:21:25.526-04:00  INFO 12664 --- [health-service] [restartedMain] o.apache.catalina.core.StandardService   : Starting service [Tomcat]
2026-05-20T17:21:25.526-04:00  INFO 12664 --- [health-service] [restartedMain] o.apache.catalina.core.StandardEngine    : Starting Servlet engine: [Apache Tomcat/10.1.40]
2026-05-20T17:21:25.581-04:00  INFO 12664 --- [health-service] [restartedMain] o.a.c.c.C.[.[localhost].[/health-app]    : Initializing Spring embedded WebApplicationContext
2026-05-20T17:21:25.582-04:00  INFO 12664 --- [health-service] [restartedMain] w.s.c.ServletWebServerApplicationContext : Root WebApplicationContext: initialization completed in 922 ms
2026-05-20T17:21:25.761-04:00  INFO 12664 --- [health-service] [restartedMain] com.zaxxer.hikari.HikariDataSource       : HikariPool-4 - Starting...
2026-05-20T17:21:27.245-04:00  INFO 12664 --- [health-service] [restartedMain] com.zaxxer.hikari.pool.HikariPool        : HikariPool-4 - Added connection org.postgresql.jdbc.PgConnection@509367d0
2026-05-20T17:21:27.245-04:00  INFO 12664 --- [health-service] [restartedMain] com.zaxxer.hikari.HikariDataSource       : HikariPool-4 - Start completed.
2026-05-20T17:21:27.386-04:00  INFO 12664 --- [health-service] [restartedMain] org.flywaydb.core.FlywayExecutor         : Database: jdbc:postgresql://ep-weathered-voice-apxz7zh8.c-7.us-east-1.aws.neon.tech:5432/neondb (PostgreSQL 18.4)
2026-05-20T17:21:28.475-04:00  WARN 12664 --- [health-service] [restartedMain] o.f.c.internal.database.base.Database    : Flyway upgrade recommended: PostgreSQL 18.4 is newer than this version of Flyway and support has not been tested. The latest supported version of PostgreSQL is 17.
2026-05-20T17:21:29.176-04:00  INFO 12664 --- [health-service] [restartedMain] o.f.core.internal.command.DbValidate     : Successfully validated 3 migrations (execution time 00:00.559s)
2026-05-20T17:21:30.967-04:00  INFO 12664 --- [health-service] [restartedMain] o.f.core.internal.command.DbMigrate      : Current version of schema "public": 3
2026-05-20T17:21:31.107-04:00  INFO 12664 --- [health-service] [restartedMain] o.f.core.internal.command.DbMigrate      : Schema "public" is up to date. No migration necessary.
2026-05-20T17:21:32.044-04:00  INFO 12664 --- [health-service] [restartedMain] o.hibernate.jpa.internal.util.LogHelper  : HHH000204: Processing PersistenceUnitInfo [name: default]
2026-05-20T17:21:32.057-04:00  INFO 12664 --- [health-service] [restartedMain] o.h.c.internal.RegionFactoryInitiator    : HHH000026: Second-level cache disabled
2026-05-20T17:21:32.076-04:00  INFO 12664 --- [health-service] [restartedMain] o.s.o.j.p.SpringPersistenceUnitInfo      : No LoadTimeWeaver setup: ignoring JPA class transformer
2026-05-20T17:21:32.215-04:00  WARN 12664 --- [health-service] [restartedMain] org.hibernate.orm.deprecation            : HHH90000025: PostgreSQLDialect does not need to be specified explicitly using 'hibernate.dialect' (remove the property setting and it will be selected by default)
2026-05-20T17:21:32.486-04:00  INFO 12664 --- [health-service] [restartedMain] org.hibernate.orm.connections.pooling    : HHH10001005: Database info:
	Database JDBC URL [Connecting through datasource 'HikariDataSource (HikariPool-4)']
	Database driver: undefined/unknown
	Database version: 18.4
	Autocommit mode: undefined/unknown
	Isolation level: undefined/unknown
	Minimum pool size: undefined/unknown
	Maximum pool size: undefined/unknown
2026-05-20T17:21:32.604-04:00  INFO 12664 --- [health-service] [restartedMain] o.h.e.t.j.p.i.JtaPlatformInitiator       : HHH000489: No JTA platform available (set 'hibernate.transaction.jta.platform' to enable JTA platform integration)
2026-05-20T17:21:33.022-04:00  INFO 12664 --- [health-service] [restartedMain] j.LocalContainerEntityManagerFactoryBean : Initialized JPA EntityManagerFactory for persistence unit 'default'
2026-05-20T17:21:33.180-04:00  WARN 12664 --- [health-service] [restartedMain] JpaBaseConfiguration$JpaWebConfiguration : spring.jpa.open-in-view is enabled by default. Therefore, database queries may be performed during view rendering. Explicitly configure spring.jpa.open-in-view to disable this warning
2026-05-20T17:21:33.346-04:00  INFO 12664 --- [health-service] [restartedMain] o.s.b.d.a.OptionalLiveReloadServer       : LiveReload server is running on port 35729
2026-05-20T17:21:33.880-04:00  INFO 12664 --- [health-service] [restartedMain] r$InitializeUserDetailsManagerConfigurer : Global AuthenticationManager configured with UserDetailsService bean with name customUserDetailsService
2026-05-20T17:21:33.984-04:00 DEBUG 12664 --- [health-service] [restartedMain] s.w.s.m.m.a.RequestMappingHandlerMapping : 8 mappings in 'requestMappingHandlerMapping'
2026-05-20T17:21:34.232-04:00 DEBUG 12664 --- [health-service] [restartedMain] o.s.w.s.handler.SimpleUrlHandlerMapping  : Patterns [/webjars/**, /**] in 'resourceHandlerMapping'
2026-05-20T17:21:34.699-04:00 DEBUG 12664 --- [health-service] [restartedMain] s.w.s.m.m.a.RequestMappingHandlerAdapter : ControllerAdvice beans: 0 @ModelAttribute, 0 @InitBinder, 1 RequestBodyAdvice, 1 ResponseBodyAdvice
2026-05-20T17:21:34.768-04:00 DEBUG 12664 --- [health-service] [restartedMain] .m.m.a.ExceptionHandlerExceptionResolver : ControllerAdvice beans: 1 @ExceptionHandler, 1 ResponseBodyAdvice
2026-05-20T17:21:36.334-04:00  INFO 12664 --- [health-service] [restartedMain] o.s.cloud.commons.util.InetUtils         : Cannot determine local hostname
2026-05-20T17:21:36.418-04:00  INFO 12664 --- [health-service] [restartedMain] o.s.b.w.embedded.tomcat.TomcatWebServer  : Tomcat started on port 8085 (http) with context path '/health-app'
2026-05-20T17:21:37.451-04:00  INFO 12664 --- [health-service] [restartedMain] o.s.cloud.commons.util.InetUtils         : Cannot determine local hostname
2026-05-20T17:21:37.458-04:00  INFO 12664 --- [health-service] [restartedMain] c.a.h.HealthServiceApplication           : Started HealthServiceApplication in 13.891 seconds (process running for 310.821)
2026-05-20T17:21:37.460-04:00  INFO 12664 --- [health-service] [restartedMain] .ConditionEvaluationDeltaLoggingListener : Condition evaluation unchanged
2026-05-20T17:22:08.525-04:00  INFO 12664 --- [health-service] [File Watcher] rtingClassPathChangeChangedEventListener : Restarting due to 1 class path change (0 additions, 0 deletions, 1 modification)
2026-05-20T17:22:08.528-04:00  INFO 12664 --- [health-service] [Thread-24] o.s.b.w.e.tomcat.GracefulShutdown        : Commencing graceful shutdown. Waiting for active requests to complete
2026-05-20T17:22:08.542-04:00  INFO 12664 --- [health-service] [tomcat-shutdown] o.s.b.w.e.tomcat.GracefulShutdown        : Graceful shutdown complete
2026-05-20T17:22:08.548-04:00  INFO 12664 --- [health-service] [Thread-24] j.LocalContainerEntityManagerFactoryBean : Closing JPA EntityManagerFactory for persistence unit 'default'
2026-05-20T17:22:08.549-04:00  INFO 12664 --- [health-service] [Thread-24] com.zaxxer.hikari.HikariDataSource       : HikariPool-4 - Shutdown initiated...
2026-05-20T17:22:09.236-04:00  INFO 12664 --- [health-service] [Thread-24] com.zaxxer.hikari.HikariDataSource       : HikariPool-4 - Shutdown completed.
2026-05-20T17:22:10.386-04:00  INFO 12664 --- [health-service] [restartedMain] c.a.h.HealthServiceApplication           : Starting HealthServiceApplication using Java 26 with PID 12664 (C:\Users\camil\Documents\fullstack1\adoptapp\health-service\target\classes started by camil in C:\Users\camil\Documents\fullstack1\adoptapp)
2026-05-20T17:22:10.386-04:00 DEBUG 12664 --- [health-service] [restartedMain] c.a.h.HealthServiceApplication           : Running with Spring Boot v3.4.5, Spring v6.2.6
2026-05-20T17:22:10.387-04:00  INFO 12664 --- [health-service] [restartedMain] c.a.h.HealthServiceApplication           : No active profile set, falling back to 1 default profile: "default"
2026-05-20T17:22:10.822-04:00  INFO 12664 --- [health-service] [restartedMain] .s.d.r.c.RepositoryConfigurationDelegate : Bootstrapping Spring Data JPA repositories in DEFAULT mode.
2026-05-20T17:22:10.843-04:00  INFO 12664 --- [health-service] [restartedMain] .s.d.r.c.RepositoryConfigurationDelegate : Finished Spring Data repository scanning in 18 ms. Found 2 JPA repository interfaces.
2026-05-20T17:22:10.933-04:00  INFO 12664 --- [health-service] [restartedMain] o.s.cloud.context.scope.GenericScope     : BeanFactory id=1fa17820-a0a9-3b24-8e59-449540ba714f
2026-05-20T17:22:11.260-04:00  INFO 12664 --- [health-service] [restartedMain] o.s.b.w.embedded.tomcat.TomcatWebServer  : Tomcat initialized with port 8085 (http)
2026-05-20T17:22:11.261-04:00  INFO 12664 --- [health-service] [restartedMain] o.apache.catalina.core.StandardService   : Starting service [Tomcat]
2026-05-20T17:22:11.261-04:00  INFO 12664 --- [health-service] [restartedMain] o.apache.catalina.core.StandardEngine    : Starting Servlet engine: [Apache Tomcat/10.1.40]
2026-05-20T17:22:11.326-04:00  INFO 12664 --- [health-service] [restartedMain] o.a.c.c.C.[.[localhost].[/health-app]    : Initializing Spring embedded WebApplicationContext
2026-05-20T17:22:11.326-04:00  INFO 12664 --- [health-service] [restartedMain] w.s.c.ServletWebServerApplicationContext : Root WebApplicationContext: initialization completed in 936 ms
2026-05-20T17:22:11.529-04:00  INFO 12664 --- [health-service] [restartedMain] com.zaxxer.hikari.HikariDataSource       : HikariPool-5 - Starting...
2026-05-20T17:22:11.642-04:00  INFO 12664 --- [health-service] [restartedMain] com.zaxxer.hikari.pool.HikariPool        : HikariPool-5 - Added connection org.postgresql.jdbc.PgConnection@daff19f
2026-05-20T17:22:11.643-04:00  INFO 12664 --- [health-service] [restartedMain] com.zaxxer.hikari.HikariDataSource       : HikariPool-5 - Start completed.
2026-05-20T17:22:11.643-04:00  INFO 12664 --- [health-service] [restartedMain] org.flywaydb.core.FlywayExecutor         : Database: jdbc:postgresql://localhost:5432/health_db (PostgreSQL 18.3)
2026-05-20T17:22:11.651-04:00  WARN 12664 --- [health-service] [restartedMain] o.f.c.internal.database.base.Database    : Flyway upgrade recommended: PostgreSQL 18.3 is newer than this version of Flyway and support has not been tested. The latest supported version of PostgreSQL is 17.
2026-05-20T17:22:11.666-04:00  INFO 12664 --- [health-service] [restartedMain] o.f.core.internal.command.DbValidate     : Successfully validated 3 migrations (execution time 00:00.012s)
2026-05-20T17:22:11.781-04:00  INFO 12664 --- [health-service] [restartedMain] o.f.core.internal.command.DbMigrate      : Current version of schema "public": 3
2026-05-20T17:22:11.781-04:00  INFO 12664 --- [health-service] [restartedMain] o.f.core.internal.command.DbMigrate      : Schema "public" is up to date. No migration necessary.
2026-05-20T17:22:11.870-04:00  INFO 12664 --- [health-service] [restartedMain] o.hibernate.jpa.internal.util.LogHelper  : HHH000204: Processing PersistenceUnitInfo [name: default]
2026-05-20T17:22:11.875-04:00  INFO 12664 --- [health-service] [restartedMain] o.h.c.internal.RegionFactoryInitiator    : HHH000026: Second-level cache disabled
2026-05-20T17:22:11.891-04:00  INFO 12664 --- [health-service] [restartedMain] o.s.o.j.p.SpringPersistenceUnitInfo      : No LoadTimeWeaver setup: ignoring JPA class transformer
2026-05-20T17:22:11.906-04:00  WARN 12664 --- [health-service] [restartedMain] org.hibernate.orm.deprecation            : HHH90000025: PostgreSQLDialect does not need to be specified explicitly using 'hibernate.dialect' (remove the property setting and it will be selected by default)
2026-05-20T17:22:11.908-04:00  INFO 12664 --- [health-service] [restartedMain] org.hibernate.orm.connections.pooling    : HHH10001005: Database info:
	Database JDBC URL [Connecting through datasource 'HikariDataSource (HikariPool-5)']
	Database driver: undefined/unknown
	Database version: 18.3
	Autocommit mode: undefined/unknown
	Isolation level: undefined/unknown
	Minimum pool size: undefined/unknown
	Maximum pool size: undefined/unknown
2026-05-20T17:22:12.020-04:00  INFO 12664 --- [health-service] [restartedMain] o.h.e.t.j.p.i.JtaPlatformInitiator       : HHH000489: No JTA platform available (set 'hibernate.transaction.jta.platform' to enable JTA platform integration)
2026-05-20T17:22:12.050-04:00  INFO 12664 --- [health-service] [restartedMain] j.LocalContainerEntityManagerFactoryBean : Initialized JPA EntityManagerFactory for persistence unit 'default'
2026-05-20T17:22:12.235-04:00  WARN 12664 --- [health-service] [restartedMain] JpaBaseConfiguration$JpaWebConfiguration : spring.jpa.open-in-view is enabled by default. Therefore, database queries may be performed during view rendering. Explicitly configure spring.jpa.open-in-view to disable this warning
2026-05-20T17:22:12.403-04:00  INFO 12664 --- [health-service] [restartedMain] o.s.b.d.a.OptionalLiveReloadServer       : LiveReload server is running on port 35729
2026-05-20T17:22:13.012-04:00  INFO 12664 --- [health-service] [restartedMain] r$InitializeUserDetailsManagerConfigurer : Global AuthenticationManager configured with UserDetailsService bean with name customUserDetailsService
2026-05-20T17:22:13.148-04:00 DEBUG 12664 --- [health-service] [restartedMain] s.w.s.m.m.a.RequestMappingHandlerMapping : 8 mappings in 'requestMappingHandlerMapping'
2026-05-20T17:22:13.419-04:00 DEBUG 12664 --- [health-service] [restartedMain] o.s.w.s.handler.SimpleUrlHandlerMapping  : Patterns [/webjars/**, /**] in 'resourceHandlerMapping'
2026-05-20T17:22:13.843-04:00 DEBUG 12664 --- [health-service] [restartedMain] s.w.s.m.m.a.RequestMappingHandlerAdapter : ControllerAdvice beans: 0 @ModelAttribute, 0 @InitBinder, 1 RequestBodyAdvice, 1 ResponseBodyAdvice
2026-05-20T17:22:13.910-04:00 DEBUG 12664 --- [health-service] [restartedMain] .m.m.a.ExceptionHandlerExceptionResolver : ControllerAdvice beans: 1 @ExceptionHandler, 1 ResponseBodyAdvice
2026-05-20T17:22:15.441-04:00  INFO 12664 --- [health-service] [restartedMain] o.s.cloud.commons.util.InetUtils         : Cannot determine local hostname
2026-05-20T17:22:15.523-04:00  INFO 12664 --- [health-service] [restartedMain] o.s.b.w.embedded.tomcat.TomcatWebServer  : Tomcat started on port 8085 (http) with context path '/health-app'
2026-05-20T17:22:16.537-04:00  INFO 12664 --- [health-service] [restartedMain] o.s.cloud.commons.util.InetUtils         : Cannot determine local hostname
2026-05-20T17:22:16.544-04:00  INFO 12664 --- [health-service] [restartedMain] c.a.h.HealthServiceApplication           : Started HealthServiceApplication in 7.237 seconds (process running for 349.906)
2026-05-20T17:22:16.544-04:00  INFO 12664 --- [health-service] [restartedMain] .ConditionEvaluationDeltaLoggingListener : Condition evaluation unchanged
2026-05-20T17:32:35.915-04:00  INFO 12664 --- [health-service] [SpringApplicationShutdownHook] o.s.b.w.e.tomcat.GracefulShutdown        : Commencing graceful shutdown. Waiting for active requests to complete
2026-05-20T17:32:35.924-04:00  INFO 12664 --- [health-service] [tomcat-shutdown] o.s.b.w.e.tomcat.GracefulShutdown        : Graceful shutdown complete
2026-05-20T17:32:35.927-04:00  INFO 12664 --- [health-service] [SpringApplicationShutdownHook] j.LocalContainerEntityManagerFactoryBean : Closing JPA EntityManagerFactory for persistence unit 'default'
2026-05-20T17:32:35.928-04:00  INFO 12664 --- [health-service] [SpringApplicationShutdownHook] com.zaxxer.hikari.HikariDataSource       : HikariPool-5 - Shutdown initiated...
2026-05-20T17:32:35.932-04:00  INFO 12664 --- [health-service] [SpringApplicationShutdownHook] com.zaxxer.hikari.HikariDataSource       : HikariPool-5 - Shutdown completed.
2026-05-20T17:40:01.352-04:00  INFO 33724 --- [health-service] [restartedMain] c.a.h.HealthServiceApplication           : Starting HealthServiceApplication using Java 26 with PID 33724 (C:\Users\camil\Documents\fullstack1\adoptapp\health-service\target\classes started by camil in C:\Users\camil\Documents\fullstack1\adoptapp)
2026-05-20T17:40:01.354-04:00 DEBUG 33724 --- [health-service] [restartedMain] c.a.h.HealthServiceApplication           : Running with Spring Boot v3.4.5, Spring v6.2.6
2026-05-20T17:40:01.354-04:00  INFO 33724 --- [health-service] [restartedMain] c.a.h.HealthServiceApplication           : No active profile set, falling back to 1 default profile: "default"
2026-05-20T17:40:01.410-04:00  INFO 33724 --- [health-service] [restartedMain] .e.DevToolsPropertyDefaultsPostProcessor : Devtools property defaults active! Set 'spring.devtools.add-properties' to 'false' to disable
2026-05-20T17:40:01.410-04:00  INFO 33724 --- [health-service] [restartedMain] .e.DevToolsPropertyDefaultsPostProcessor : For additional web related logging consider setting the 'logging.level.web' property to 'DEBUG'
2026-05-20T17:40:02.825-04:00  INFO 33724 --- [health-service] [restartedMain] .s.d.r.c.RepositoryConfigurationDelegate : Bootstrapping Spring Data JPA repositories in DEFAULT mode.
2026-05-20T17:40:02.941-04:00  INFO 33724 --- [health-service] [restartedMain] .s.d.r.c.RepositoryConfigurationDelegate : Finished Spring Data repository scanning in 98 ms. Found 2 JPA repository interfaces.
2026-05-20T17:40:03.492-04:00  INFO 33724 --- [health-service] [restartedMain] o.s.cloud.context.scope.GenericScope     : BeanFactory id=1fa17820-a0a9-3b24-8e59-449540ba714f
2026-05-20T17:40:05.098-04:00  INFO 33724 --- [health-service] [restartedMain] o.s.b.w.embedded.tomcat.TomcatWebServer  : Tomcat initialized with port 8085 (http)
2026-05-20T17:40:05.114-04:00  INFO 33724 --- [health-service] [restartedMain] o.apache.catalina.core.StandardService   : Starting service [Tomcat]
2026-05-20T17:40:05.114-04:00  INFO 33724 --- [health-service] [restartedMain] o.apache.catalina.core.StandardEngine    : Starting Servlet engine: [Apache Tomcat/10.1.40]
2026-05-20T17:40:05.182-04:00  INFO 33724 --- [health-service] [restartedMain] o.a.c.c.C.[.[localhost].[/health-app]    : Initializing Spring embedded WebApplicationContext
2026-05-20T17:40:05.183-04:00  INFO 33724 --- [health-service] [restartedMain] w.s.c.ServletWebServerApplicationContext : Root WebApplicationContext: initialization completed in 3772 ms
2026-05-20T17:40:05.755-04:00  INFO 33724 --- [health-service] [restartedMain] com.zaxxer.hikari.HikariDataSource       : HikariPool-1 - Starting...
2026-05-20T17:40:06.394-04:00  INFO 33724 --- [health-service] [restartedMain] com.zaxxer.hikari.pool.HikariPool        : HikariPool-1 - Added connection org.postgresql.jdbc.PgConnection@1dff9bec
2026-05-20T17:40:06.398-04:00  INFO 33724 --- [health-service] [restartedMain] com.zaxxer.hikari.HikariDataSource       : HikariPool-1 - Start completed.
2026-05-20T17:40:06.462-04:00  INFO 33724 --- [health-service] [restartedMain] org.flywaydb.core.FlywayExecutor         : Database: jdbc:postgresql://localhost:5432/health_db (PostgreSQL 18.3)
2026-05-20T17:40:06.483-04:00  WARN 33724 --- [health-service] [restartedMain] o.f.c.internal.database.base.Database    : Flyway upgrade recommended: PostgreSQL 18.3 is newer than this version of Flyway and support has not been tested. The latest supported version of PostgreSQL is 17.
2026-05-20T17:40:06.568-04:00  INFO 33724 --- [health-service] [restartedMain] o.f.core.internal.command.DbValidate     : Successfully validated 3 migrations (execution time 00:00.059s)
2026-05-20T17:40:06.739-04:00  INFO 33724 --- [health-service] [restartedMain] o.f.core.internal.command.DbMigrate      : Current version of schema "public": 3
2026-05-20T17:40:06.745-04:00  INFO 33724 --- [health-service] [restartedMain] o.f.core.internal.command.DbMigrate      : Schema "public" is up to date. No migration necessary.
2026-05-20T17:40:07.059-04:00  INFO 33724 --- [health-service] [restartedMain] o.hibernate.jpa.internal.util.LogHelper  : HHH000204: Processing PersistenceUnitInfo [name: default]
2026-05-20T17:40:07.196-04:00  INFO 33724 --- [health-service] [restartedMain] org.hibernate.Version                    : HHH000412: Hibernate ORM core version 6.6.13.Final
2026-05-20T17:40:07.265-04:00  INFO 33724 --- [health-service] [restartedMain] o.h.c.internal.RegionFactoryInitiator    : HHH000026: Second-level cache disabled
2026-05-20T17:40:07.942-04:00  INFO 33724 --- [health-service] [restartedMain] o.s.o.j.p.SpringPersistenceUnitInfo      : No LoadTimeWeaver setup: ignoring JPA class transformer
2026-05-20T17:40:08.115-04:00  WARN 33724 --- [health-service] [restartedMain] org.hibernate.orm.deprecation            : HHH90000025: PostgreSQLDialect does not need to be specified explicitly using 'hibernate.dialect' (remove the property setting and it will be selected by default)
2026-05-20T17:40:08.157-04:00  INFO 33724 --- [health-service] [restartedMain] org.hibernate.orm.connections.pooling    : HHH10001005: Database info:
	Database JDBC URL [Connecting through datasource 'HikariDataSource (HikariPool-1)']
	Database driver: undefined/unknown
	Database version: 18.3
	Autocommit mode: undefined/unknown
	Isolation level: undefined/unknown
	Minimum pool size: undefined/unknown
	Maximum pool size: undefined/unknown
2026-05-20T17:40:09.939-04:00  INFO 33724 --- [health-service] [restartedMain] o.h.e.t.j.p.i.JtaPlatformInitiator       : HHH000489: No JTA platform available (set 'hibernate.transaction.jta.platform' to enable JTA platform integration)
2026-05-20T17:40:10.021-04:00  INFO 33724 --- [health-service] [restartedMain] j.LocalContainerEntityManagerFactoryBean : Initialized JPA EntityManagerFactory for persistence unit 'default'
2026-05-20T17:40:10.310-04:00  WARN 33724 --- [health-service] [restartedMain] JpaBaseConfiguration$JpaWebConfiguration : spring.jpa.open-in-view is enabled by default. Therefore, database queries may be performed during view rendering. Explicitly configure spring.jpa.open-in-view to disable this warning
2026-05-20T17:40:10.544-04:00  WARN 33724 --- [health-service] [restartedMain] o.s.b.d.a.OptionalLiveReloadServer       : Unable to start LiveReload server
2026-05-20T17:40:12.464-04:00  INFO 33724 --- [health-service] [restartedMain] r$InitializeUserDetailsManagerConfigurer : Global AuthenticationManager configured with UserDetailsService bean with name customUserDetailsService
2026-05-20T17:40:12.934-04:00 DEBUG 33724 --- [health-service] [restartedMain] s.w.s.m.m.a.RequestMappingHandlerMapping : 8 mappings in 'requestMappingHandlerMapping'
2026-05-20T17:40:13.528-04:00 DEBUG 33724 --- [health-service] [restartedMain] o.s.w.s.handler.SimpleUrlHandlerMapping  : Patterns [/webjars/**, /**] in 'resourceHandlerMapping'
2026-05-20T17:40:14.339-04:00 DEBUG 33724 --- [health-service] [restartedMain] s.w.s.m.m.a.RequestMappingHandlerAdapter : ControllerAdvice beans: 0 @ModelAttribute, 0 @InitBinder, 1 RequestBodyAdvice, 1 ResponseBodyAdvice
2026-05-20T17:40:14.508-04:00 DEBUG 33724 --- [health-service] [restartedMain] .m.m.a.ExceptionHandlerExceptionResolver : ControllerAdvice beans: 1 @ExceptionHandler, 1 ResponseBodyAdvice
2026-05-20T17:40:16.734-04:00  INFO 33724 --- [health-service] [restartedMain] o.s.cloud.commons.util.InetUtils         : Cannot determine local hostname
2026-05-20T17:40:16.945-04:00  INFO 33724 --- [health-service] [restartedMain] o.s.b.w.embedded.tomcat.TomcatWebServer  : Tomcat started on port 8085 (http) with context path '/health-app'
2026-05-20T17:40:17.956-04:00  INFO 33724 --- [health-service] [restartedMain] o.s.cloud.commons.util.InetUtils         : Cannot determine local hostname
2026-05-20T17:40:17.974-04:00  INFO 33724 --- [health-service] [restartedMain] c.a.h.HealthServiceApplication           : Started HealthServiceApplication in 18.292 seconds (process running for 19.732)
