2026-05-20T11:36:03.043-04:00  INFO 30156 --- [shelter-service] [main] c.a.s.ShelterServiceApplication          : Starting ShelterServiceApplication using Java 26 with PID 30156 (C:\Users\camil\Documents\fullstack1\adoptapp\shelter-service\target\classes started by camil in C:\Users\camil\Documents\fullstack1\adoptapp)
2026-05-20T11:36:03.047-04:00 DEBUG 30156 --- [shelter-service] [main] c.a.s.ShelterServiceApplication          : Running with Spring Boot v3.4.5, Spring v6.2.6
2026-05-20T11:36:03.047-04:00  INFO 30156 --- [shelter-service] [main] c.a.s.ShelterServiceApplication          : No active profile set, falling back to 1 default profile: "default"
2026-05-20T11:36:04.643-04:00  INFO 30156 --- [shelter-service] [main] .s.d.r.c.RepositoryConfigurationDelegate : Bootstrapping Spring Data JPA repositories in DEFAULT mode.
2026-05-20T11:36:04.744-04:00  INFO 30156 --- [shelter-service] [main] .s.d.r.c.RepositoryConfigurationDelegate : Finished Spring Data repository scanning in 84 ms. Found 2 JPA repository interfaces.
2026-05-20T11:36:05.243-04:00  INFO 30156 --- [shelter-service] [main] o.s.cloud.context.scope.GenericScope     : BeanFactory id=090de83e-2feb-39c5-98a1-1aeeb5bb0336
2026-05-20T11:36:06.662-04:00  INFO 30156 --- [shelter-service] [main] o.s.b.w.embedded.tomcat.TomcatWebServer  : Tomcat initialized with port 8095 (http)
2026-05-20T11:36:06.686-04:00  INFO 30156 --- [shelter-service] [main] o.apache.catalina.core.StandardService   : Starting service [Tomcat]
2026-05-20T11:36:06.691-04:00  INFO 30156 --- [shelter-service] [main] o.apache.catalina.core.StandardEngine    : Starting Servlet engine: [Apache Tomcat/10.1.40]
2026-05-20T11:36:06.817-04:00  INFO 30156 --- [shelter-service] [main] o.a.c.c.C.[.[localhost].[/shelter-app]   : Initializing Spring embedded WebApplicationContext
2026-05-20T11:36:06.817-04:00  INFO 30156 --- [shelter-service] [main] w.s.c.ServletWebServerApplicationContext : Root WebApplicationContext: initialization completed in 3695 ms
2026-05-20T11:36:07.673-04:00  INFO 30156 --- [shelter-service] [main] com.zaxxer.hikari.HikariDataSource       : HikariPool-1 - Starting...
2026-05-20T11:36:08.034-04:00  INFO 30156 --- [shelter-service] [main] com.zaxxer.hikari.pool.HikariPool        : HikariPool-1 - Added connection org.postgresql.jdbc.PgConnection@6aa6c17
2026-05-20T11:36:08.034-04:00  INFO 30156 --- [shelter-service] [main] com.zaxxer.hikari.HikariDataSource       : HikariPool-1 - Start completed.
2026-05-20T11:36:08.080-04:00  INFO 30156 --- [shelter-service] [main] org.flywaydb.core.FlywayExecutor         : Database: jdbc:postgresql://localhost:5432/shelter_db (PostgreSQL 18.3)
2026-05-20T11:36:08.096-04:00  WARN 30156 --- [shelter-service] [main] o.f.c.internal.database.base.Database    : Flyway upgrade recommended: PostgreSQL 18.3 is newer than this version of Flyway and support has not been tested. The latest supported version of PostgreSQL is 17.
2026-05-20T11:36:08.163-04:00  INFO 30156 --- [shelter-service] [main] o.f.core.internal.command.DbValidate     : Successfully validated 2 migrations (execution time 00:00.044s)
2026-05-20T11:36:09.004-04:00  INFO 30156 --- [shelter-service] [main] o.f.core.internal.command.DbMigrate      : Current version of schema "public": 2
2026-05-20T11:36:09.009-04:00  INFO 30156 --- [shelter-service] [main] o.f.core.internal.command.DbMigrate      : Schema "public" is up to date. No migration necessary.
2026-05-20T11:36:09.172-04:00  INFO 30156 --- [shelter-service] [main] o.hibernate.jpa.internal.util.LogHelper  : HHH000204: Processing PersistenceUnitInfo [name: default]
2026-05-20T11:36:09.264-04:00  INFO 30156 --- [shelter-service] [main] org.hibernate.Version                    : HHH000412: Hibernate ORM core version 6.6.13.Final
2026-05-20T11:36:09.322-04:00  INFO 30156 --- [shelter-service] [main] o.h.c.internal.RegionFactoryInitiator    : HHH000026: Second-level cache disabled
2026-05-20T11:36:09.796-04:00  INFO 30156 --- [shelter-service] [main] o.s.o.j.p.SpringPersistenceUnitInfo      : No LoadTimeWeaver setup: ignoring JPA class transformer
2026-05-20T11:36:09.906-04:00  WARN 30156 --- [shelter-service] [main] org.hibernate.orm.deprecation            : HHH90000025: PostgreSQLDialect does not need to be specified explicitly using 'hibernate.dialect' (remove the property setting and it will be selected by default)
2026-05-20T11:36:09.931-04:00  INFO 30156 --- [shelter-service] [main] org.hibernate.orm.connections.pooling    : HHH10001005: Database info:
	Database JDBC URL [Connecting through datasource 'HikariDataSource (HikariPool-1)']
	Database driver: undefined/unknown
	Database version: 18.3
	Autocommit mode: undefined/unknown
	Isolation level: undefined/unknown
	Minimum pool size: undefined/unknown
	Maximum pool size: undefined/unknown
2026-05-20T11:36:12.135-04:00  INFO 30156 --- [shelter-service] [main] o.h.e.t.j.p.i.JtaPlatformInitiator       : HHH000489: No JTA platform available (set 'hibernate.transaction.jta.platform' to enable JTA platform integration)
2026-05-20T11:36:12.217-04:00  INFO 30156 --- [shelter-service] [main] j.LocalContainerEntityManagerFactoryBean : Initialized JPA EntityManagerFactory for persistence unit 'default'
2026-05-20T11:36:12.450-04:00  WARN 30156 --- [shelter-service] [main] JpaBaseConfiguration$JpaWebConfiguration : spring.jpa.open-in-view is enabled by default. Therefore, database queries may be performed during view rendering. Explicitly configure spring.jpa.open-in-view to disable this warning
2026-05-20T11:36:13.672-04:00  INFO 30156 --- [shelter-service] [main] r$InitializeUserDetailsManagerConfigurer : Global AuthenticationManager configured with UserDetailsService bean with name customUserDetailsService
2026-05-20T11:36:13.951-04:00 DEBUG 30156 --- [shelter-service] [main] s.w.s.m.m.a.RequestMappingHandlerMapping : 8 mappings in 'requestMappingHandlerMapping'
2026-05-20T11:36:14.293-04:00 DEBUG 30156 --- [shelter-service] [main] o.s.w.s.handler.SimpleUrlHandlerMapping  : Patterns [/webjars/**, /**] in 'resourceHandlerMapping'
2026-05-20T11:36:14.811-04:00 DEBUG 30156 --- [shelter-service] [main] s.w.s.m.m.a.RequestMappingHandlerAdapter : ControllerAdvice beans: 0 @ModelAttribute, 0 @InitBinder, 1 RequestBodyAdvice, 1 ResponseBodyAdvice
2026-05-20T11:36:14.925-04:00 DEBUG 30156 --- [shelter-service] [main] .m.m.a.ExceptionHandlerExceptionResolver : ControllerAdvice beans: 1 @ExceptionHandler, 1 ResponseBodyAdvice
2026-05-20T11:36:16.574-04:00  INFO 30156 --- [shelter-service] [main] o.s.cloud.commons.util.InetUtils         : Cannot determine local hostname
2026-05-20T11:36:16.729-04:00  INFO 30156 --- [shelter-service] [main] o.s.b.w.embedded.tomcat.TomcatWebServer  : Tomcat started on port 8095 (http) with context path '/shelter-app'
2026-05-20T11:36:17.756-04:00  INFO 30156 --- [shelter-service] [main] o.s.cloud.commons.util.InetUtils         : Cannot determine local hostname
2026-05-20T11:36:17.765-04:00  INFO 30156 --- [shelter-service] [main] c.a.s.ShelterServiceApplication          : Started ShelterServiceApplication in 16.705 seconds (process running for 18.435)
2026-05-20T11:51:38.077-04:00  INFO 30156 --- [shelter-service] [http-nio-8095-exec-1] o.a.c.c.C.[.[localhost].[/shelter-app]   : Initializing Spring DispatcherServlet 'dispatcherServlet'
2026-05-20T11:51:38.077-04:00  INFO 30156 --- [shelter-service] [http-nio-8095-exec-1] o.s.web.servlet.DispatcherServlet        : Initializing Servlet 'dispatcherServlet'
2026-05-20T11:51:38.077-04:00 DEBUG 30156 --- [shelter-service] [http-nio-8095-exec-1] o.s.web.servlet.DispatcherServlet        : Detected StandardServletMultipartResolver
2026-05-20T11:51:38.081-04:00 DEBUG 30156 --- [shelter-service] [http-nio-8095-exec-1] o.s.web.servlet.DispatcherServlet        : Detected AcceptHeaderLocaleResolver
2026-05-20T11:51:38.081-04:00 DEBUG 30156 --- [shelter-service] [http-nio-8095-exec-1] o.s.web.servlet.DispatcherServlet        : Detected FixedThemeResolver
2026-05-20T11:51:38.083-04:00 DEBUG 30156 --- [shelter-service] [http-nio-8095-exec-1] o.s.web.servlet.DispatcherServlet        : Detected org.springframework.web.servlet.view.DefaultRequestToViewNameTranslator@3c1133ad
2026-05-20T11:51:38.085-04:00 DEBUG 30156 --- [shelter-service] [http-nio-8095-exec-1] o.s.web.servlet.DispatcherServlet        : Detected org.springframework.web.servlet.support.SessionFlashMapManager@5d237827
2026-05-20T11:51:38.085-04:00 DEBUG 30156 --- [shelter-service] [http-nio-8095-exec-1] o.s.web.servlet.DispatcherServlet        : enableLoggingRequestDetails='false': request parameters and headers will be masked to prevent unsafe logging of potentially sensitive data
2026-05-20T11:51:38.085-04:00  INFO 30156 --- [shelter-service] [http-nio-8095-exec-1] o.s.web.servlet.DispatcherServlet        : Completed initialization in 8 ms
2026-05-20T11:51:38.261-04:00 DEBUG 30156 --- [shelter-service] [pool-2-thread-1] c.a.s.client.UserServiceClient           : [UserServiceClient#getUserAuthByEmail] ---> GET http://localhost:8081/user-app/users/by-email/admin%40empresa.com/auth HTTP/1.1
2026-05-20T11:51:38.398-04:00 DEBUG 30156 --- [shelter-service] [pool-2-thread-1] c.a.s.client.UserServiceClient           : [UserServiceClient#getUserAuthByEmail] <--- HTTP/1.1 200 (139ms)
2026-05-20T11:51:38.427-04:00 DEBUG 30156 --- [shelter-service] [pool-2-thread-1] o.s.w.c.HttpMessageConverterExtractor    : Reading to [com.adoptapp.sharedkernel.dto.UserAuthResponse]
2026-05-20T11:51:38.577-04:00 DEBUG 30156 --- [shelter-service] [http-nio-8095-exec-1] o.s.web.servlet.DispatcherServlet        : GET "/shelter-app/shelters/by-id/1", parameters={}
2026-05-20T11:51:38.577-04:00 DEBUG 30156 --- [shelter-service] [http-nio-8095-exec-1] s.w.s.m.m.a.RequestMappingHandlerMapping : Mapped to com.adoptapp.shelterservice.controller.ShelterController#getShelterById(Long)
2026-05-20T11:51:38.694-04:00 DEBUG 30156 --- [shelter-service] [http-nio-8095-exec-1] org.hibernate.SQL                        : 
    select
        s1_0.id,
        s1_0.active,
        s1_0.created_at,
        s1_0.description,
        s1_0.email,
        s1_0.name,
        s1_0.phone,
        s1_0.status,
        s1_0.updated_at 
    from
        shelters s1_0 
    where
        s1_0.id=?
2026-05-20T11:51:38.796-04:00 DEBUG 30156 --- [shelter-service] [http-nio-8095-exec-1] o.s.w.s.m.m.a.HttpEntityMethodProcessor  : Using 'application/json', given [*/*] and supported [application/json, application/*+json]
2026-05-20T11:51:38.796-04:00 DEBUG 30156 --- [shelter-service] [http-nio-8095-exec-1] o.s.w.s.m.m.a.HttpEntityMethodProcessor  : Writing [ShelterResponse[id=1, name=Patitas Felices, email=contacto@patitasfelices.org, phone=+56912345678, d (truncated)...]
2026-05-20T11:51:38.819-04:00 DEBUG 30156 --- [shelter-service] [http-nio-8095-exec-1] o.s.web.servlet.DispatcherServlet        : Completed 200 OK
2026-05-20T11:53:50.156-04:00 DEBUG 30156 --- [shelter-service] [pool-2-thread-2] c.a.s.client.UserServiceClient           : [UserServiceClient#getUserAuthByEmail] ---> GET http://localhost:8081/user-app/users/by-email/admin%40empresa.com/auth HTTP/1.1
2026-05-20T11:53:50.289-04:00 DEBUG 30156 --- [shelter-service] [pool-2-thread-2] c.a.s.client.UserServiceClient           : [UserServiceClient#getUserAuthByEmail] <--- HTTP/1.1 200 (137ms)
2026-05-20T11:53:50.289-04:00 DEBUG 30156 --- [shelter-service] [pool-2-thread-2] o.s.w.c.HttpMessageConverterExtractor    : Reading to [com.adoptapp.sharedkernel.dto.UserAuthResponse]
2026-05-20T11:53:50.408-04:00 DEBUG 30156 --- [shelter-service] [http-nio-8095-exec-3] o.s.web.servlet.DispatcherServlet        : GET "/shelter-app/shelters/by-id/1", parameters={}
2026-05-20T11:53:50.408-04:00 DEBUG 30156 --- [shelter-service] [http-nio-8095-exec-3] s.w.s.m.m.a.RequestMappingHandlerMapping : Mapped to com.adoptapp.shelterservice.controller.ShelterController#getShelterById(Long)
2026-05-20T11:53:50.408-04:00 DEBUG 30156 --- [shelter-service] [http-nio-8095-exec-3] org.hibernate.SQL                        : 
    select
        s1_0.id,
        s1_0.active,
        s1_0.created_at,
        s1_0.description,
        s1_0.email,
        s1_0.name,
        s1_0.phone,
        s1_0.status,
        s1_0.updated_at 
    from
        shelters s1_0 
    where
        s1_0.id=?
2026-05-20T11:53:50.418-04:00 DEBUG 30156 --- [shelter-service] [http-nio-8095-exec-3] o.s.w.s.m.m.a.HttpEntityMethodProcessor  : Using 'application/json', given [*/*] and supported [application/json, application/*+json]
2026-05-20T11:53:50.418-04:00 DEBUG 30156 --- [shelter-service] [http-nio-8095-exec-3] o.s.w.s.m.m.a.HttpEntityMethodProcessor  : Writing [ShelterResponse[id=1, name=Patitas Felices, email=contacto@patitasfelices.org, phone=+56912345678, d (truncated)...]
2026-05-20T11:53:50.420-04:00 DEBUG 30156 --- [shelter-service] [http-nio-8095-exec-3] o.s.web.servlet.DispatcherServlet        : Completed 200 OK
2026-05-20T13:43:21.338-04:00 DEBUG 30156 --- [shelter-service] [pool-2-thread-3] c.a.s.client.UserServiceClient           : [UserServiceClient#getUserAuthByEmail] ---> GET http://localhost:8081/user-app/users/by-email/admin%40empresa.com/auth HTTP/1.1
2026-05-20T13:43:21.490-04:00 DEBUG 30156 --- [shelter-service] [pool-2-thread-3] c.a.s.client.UserServiceClient           : [UserServiceClient#getUserAuthByEmail] <--- HTTP/1.1 200 (140ms)
2026-05-20T13:43:21.553-04:00 DEBUG 30156 --- [shelter-service] [pool-2-thread-3] o.s.w.c.HttpMessageConverterExtractor    : Reading to [com.adoptapp.sharedkernel.dto.UserAuthResponse]
2026-05-20T13:43:21.693-04:00 DEBUG 30156 --- [shelter-service] [http-nio-8095-exec-4] o.s.web.servlet.DispatcherServlet        : GET "/shelter-app/shelters/by-id/1", parameters={}
2026-05-20T13:43:21.707-04:00 DEBUG 30156 --- [shelter-service] [http-nio-8095-exec-4] s.w.s.m.m.a.RequestMappingHandlerMapping : Mapped to com.adoptapp.shelterservice.controller.ShelterController#getShelterById(Long)
2026-05-20T13:43:21.807-04:00 DEBUG 30156 --- [shelter-service] [http-nio-8095-exec-4] org.hibernate.SQL                        : 
    select
        s1_0.id,
        s1_0.active,
        s1_0.created_at,
        s1_0.description,
        s1_0.email,
        s1_0.name,
        s1_0.phone,
        s1_0.status,
        s1_0.updated_at 
    from
        shelters s1_0 
    where
        s1_0.id=?
2026-05-20T13:43:21.851-04:00 DEBUG 30156 --- [shelter-service] [http-nio-8095-exec-4] o.s.w.s.m.m.a.HttpEntityMethodProcessor  : Using 'application/json', given [*/*] and supported [application/json, application/*+json]
2026-05-20T13:43:21.857-04:00 DEBUG 30156 --- [shelter-service] [http-nio-8095-exec-4] o.s.w.s.m.m.a.HttpEntityMethodProcessor  : Writing [ShelterResponse[id=1, name=Patitas Felices, email=contacto@patitasfelices.org, phone=+56912345678, d (truncated)...]
2026-05-20T13:43:21.877-04:00 DEBUG 30156 --- [shelter-service] [http-nio-8095-exec-4] o.s.web.servlet.DispatcherServlet        : Completed 200 OK
2026-05-20T14:39:15.170-04:00  INFO 30156 --- [shelter-service] [SpringApplicationShutdownHook] o.s.b.w.e.tomcat.GracefulShutdown        : Commencing graceful shutdown. Waiting for active requests to complete
2026-05-20T14:39:15.324-04:00  INFO 30156 --- [shelter-service] [tomcat-shutdown] o.s.b.w.e.tomcat.GracefulShutdown        : Graceful shutdown complete
2026-05-20T14:39:15.499-04:00  INFO 30156 --- [shelter-service] [SpringApplicationShutdownHook] j.LocalContainerEntityManagerFactoryBean : Closing JPA EntityManagerFactory for persistence unit 'default'
2026-05-20T14:39:15.658-04:00  INFO 30156 --- [shelter-service] [SpringApplicationShutdownHook] com.zaxxer.hikari.HikariDataSource       : HikariPool-1 - Shutdown initiated...
2026-05-20T14:39:15.684-04:00  INFO 30156 --- [shelter-service] [SpringApplicationShutdownHook] com.zaxxer.hikari.HikariDataSource       : HikariPool-1 - Shutdown completed.
2026-05-20T14:45:31.450-04:00  INFO 11176 --- [shelter-service] [main] c.a.s.ShelterServiceApplication          : Starting ShelterServiceApplication using Java 26 with PID 11176 (C:\Users\camil\Documents\fullstack1\adoptapp\shelter-service\target\classes started by camil in C:\Users\camil\Documents\fullstack1\adoptapp)
2026-05-20T14:45:31.453-04:00 DEBUG 11176 --- [shelter-service] [main] c.a.s.ShelterServiceApplication          : Running with Spring Boot v3.4.5, Spring v6.2.6
2026-05-20T14:45:31.454-04:00  INFO 11176 --- [shelter-service] [main] c.a.s.ShelterServiceApplication          : No active profile set, falling back to 1 default profile: "default"
2026-05-20T14:45:32.679-04:00  INFO 11176 --- [shelter-service] [main] .s.d.r.c.RepositoryConfigurationDelegate : Bootstrapping Spring Data JPA repositories in DEFAULT mode.
2026-05-20T14:45:32.791-04:00  INFO 11176 --- [shelter-service] [main] .s.d.r.c.RepositoryConfigurationDelegate : Finished Spring Data repository scanning in 95 ms. Found 2 JPA repository interfaces.
2026-05-20T14:45:33.284-04:00  INFO 11176 --- [shelter-service] [main] o.s.cloud.context.scope.GenericScope     : BeanFactory id=090de83e-2feb-39c5-98a1-1aeeb5bb0336
2026-05-20T14:45:34.686-04:00  INFO 11176 --- [shelter-service] [main] o.s.b.w.embedded.tomcat.TomcatWebServer  : Tomcat initialized with port 8095 (http)
2026-05-20T14:45:34.713-04:00  INFO 11176 --- [shelter-service] [main] o.apache.catalina.core.StandardService   : Starting service [Tomcat]
2026-05-20T14:45:34.714-04:00  INFO 11176 --- [shelter-service] [main] o.apache.catalina.core.StandardEngine    : Starting Servlet engine: [Apache Tomcat/10.1.40]
2026-05-20T14:45:34.848-04:00  INFO 11176 --- [shelter-service] [main] o.a.c.c.C.[.[localhost].[/shelter-app]   : Initializing Spring embedded WebApplicationContext
2026-05-20T14:45:34.849-04:00  INFO 11176 --- [shelter-service] [main] w.s.c.ServletWebServerApplicationContext : Root WebApplicationContext: initialization completed in 3332 ms
2026-05-20T14:45:35.379-04:00  INFO 11176 --- [shelter-service] [main] com.zaxxer.hikari.HikariDataSource       : HikariPool-1 - Starting...
2026-05-20T14:45:35.705-04:00  INFO 11176 --- [shelter-service] [main] com.zaxxer.hikari.pool.HikariPool        : HikariPool-1 - Added connection org.postgresql.jdbc.PgConnection@1edf71d9
2026-05-20T14:45:35.707-04:00  INFO 11176 --- [shelter-service] [main] com.zaxxer.hikari.HikariDataSource       : HikariPool-1 - Start completed.
2026-05-20T14:45:35.745-04:00  INFO 11176 --- [shelter-service] [main] org.flywaydb.core.FlywayExecutor         : Database: jdbc:postgresql://localhost:5432/shelter_db (PostgreSQL 18.3)
2026-05-20T14:45:35.758-04:00  WARN 11176 --- [shelter-service] [main] o.f.c.internal.database.base.Database    : Flyway upgrade recommended: PostgreSQL 18.3 is newer than this version of Flyway and support has not been tested. The latest supported version of PostgreSQL is 17.
2026-05-20T14:45:35.815-04:00  INFO 11176 --- [shelter-service] [main] o.f.core.internal.command.DbValidate     : Successfully validated 2 migrations (execution time 00:00.041s)
2026-05-20T14:45:36.118-04:00  INFO 11176 --- [shelter-service] [main] o.f.core.internal.command.DbMigrate      : Current version of schema "public": 2
2026-05-20T14:45:36.122-04:00  INFO 11176 --- [shelter-service] [main] o.f.core.internal.command.DbMigrate      : Schema "public" is up to date. No migration necessary.
2026-05-20T14:45:36.293-04:00  INFO 11176 --- [shelter-service] [main] o.hibernate.jpa.internal.util.LogHelper  : HHH000204: Processing PersistenceUnitInfo [name: default]
2026-05-20T14:45:36.372-04:00  INFO 11176 --- [shelter-service] [main] org.hibernate.Version                    : HHH000412: Hibernate ORM core version 6.6.13.Final
2026-05-20T14:45:36.433-04:00  INFO 11176 --- [shelter-service] [main] o.h.c.internal.RegionFactoryInitiator    : HHH000026: Second-level cache disabled
2026-05-20T14:45:36.920-04:00  INFO 11176 --- [shelter-service] [main] o.s.o.j.p.SpringPersistenceUnitInfo      : No LoadTimeWeaver setup: ignoring JPA class transformer
2026-05-20T14:45:37.016-04:00  WARN 11176 --- [shelter-service] [main] org.hibernate.orm.deprecation            : HHH90000025: PostgreSQLDialect does not need to be specified explicitly using 'hibernate.dialect' (remove the property setting and it will be selected by default)
2026-05-20T14:45:37.038-04:00  INFO 11176 --- [shelter-service] [main] org.hibernate.orm.connections.pooling    : HHH10001005: Database info:
	Database JDBC URL [Connecting through datasource 'HikariDataSource (HikariPool-1)']
	Database driver: undefined/unknown
	Database version: 18.3
	Autocommit mode: undefined/unknown
	Isolation level: undefined/unknown
	Minimum pool size: undefined/unknown
	Maximum pool size: undefined/unknown
2026-05-20T14:45:38.699-04:00  INFO 11176 --- [shelter-service] [main] o.h.e.t.j.p.i.JtaPlatformInitiator       : HHH000489: No JTA platform available (set 'hibernate.transaction.jta.platform' to enable JTA platform integration)
2026-05-20T14:45:38.767-04:00  INFO 11176 --- [shelter-service] [main] j.LocalContainerEntityManagerFactoryBean : Initialized JPA EntityManagerFactory for persistence unit 'default'
2026-05-20T14:45:39.020-04:00  WARN 11176 --- [shelter-service] [main] JpaBaseConfiguration$JpaWebConfiguration : spring.jpa.open-in-view is enabled by default. Therefore, database queries may be performed during view rendering. Explicitly configure spring.jpa.open-in-view to disable this warning
2026-05-20T14:45:40.284-04:00  INFO 11176 --- [shelter-service] [main] r$InitializeUserDetailsManagerConfigurer : Global AuthenticationManager configured with UserDetailsService bean with name customUserDetailsService
2026-05-20T14:45:40.566-04:00 DEBUG 11176 --- [shelter-service] [main] s.w.s.m.m.a.RequestMappingHandlerMapping : 8 mappings in 'requestMappingHandlerMapping'
2026-05-20T14:45:40.825-04:00 DEBUG 11176 --- [shelter-service] [main] o.s.w.s.handler.SimpleUrlHandlerMapping  : Patterns [/webjars/**, /**] in 'resourceHandlerMapping'
2026-05-20T14:45:41.377-04:00 DEBUG 11176 --- [shelter-service] [main] s.w.s.m.m.a.RequestMappingHandlerAdapter : ControllerAdvice beans: 0 @ModelAttribute, 0 @InitBinder, 1 RequestBodyAdvice, 1 ResponseBodyAdvice
2026-05-20T14:45:41.475-04:00 DEBUG 11176 --- [shelter-service] [main] .m.m.a.ExceptionHandlerExceptionResolver : ControllerAdvice beans: 1 @ExceptionHandler, 1 ResponseBodyAdvice
2026-05-20T14:45:43.174-04:00  INFO 11176 --- [shelter-service] [main] o.s.cloud.commons.util.InetUtils         : Cannot determine local hostname
2026-05-20T14:45:43.374-04:00  INFO 11176 --- [shelter-service] [main] o.s.b.w.embedded.tomcat.TomcatWebServer  : Tomcat started on port 8095 (http) with context path '/shelter-app'
2026-05-20T14:45:44.386-04:00  INFO 11176 --- [shelter-service] [main] o.s.cloud.commons.util.InetUtils         : Cannot determine local hostname
2026-05-20T14:45:44.399-04:00  INFO 11176 --- [shelter-service] [main] c.a.s.ShelterServiceApplication          : Started ShelterServiceApplication in 14.812 seconds (process running for 16.462)
2026-05-20T14:48:15.401-04:00  INFO 11176 --- [shelter-service] [http-nio-8095-exec-2] o.a.c.c.C.[.[localhost].[/shelter-app]   : Initializing Spring DispatcherServlet 'dispatcherServlet'
2026-05-20T14:48:15.401-04:00  INFO 11176 --- [shelter-service] [http-nio-8095-exec-2] o.s.web.servlet.DispatcherServlet        : Initializing Servlet 'dispatcherServlet'
2026-05-20T14:48:15.401-04:00 DEBUG 11176 --- [shelter-service] [http-nio-8095-exec-2] o.s.web.servlet.DispatcherServlet        : Detected StandardServletMultipartResolver
2026-05-20T14:48:15.401-04:00 DEBUG 11176 --- [shelter-service] [http-nio-8095-exec-2] o.s.web.servlet.DispatcherServlet        : Detected AcceptHeaderLocaleResolver
2026-05-20T14:48:15.401-04:00 DEBUG 11176 --- [shelter-service] [http-nio-8095-exec-2] o.s.web.servlet.DispatcherServlet        : Detected FixedThemeResolver
2026-05-20T14:48:15.402-04:00 DEBUG 11176 --- [shelter-service] [http-nio-8095-exec-2] o.s.web.servlet.DispatcherServlet        : Detected org.springframework.web.servlet.view.DefaultRequestToViewNameTranslator@1d8f835c
2026-05-20T14:48:15.403-04:00 DEBUG 11176 --- [shelter-service] [http-nio-8095-exec-2] o.s.web.servlet.DispatcherServlet        : Detected org.springframework.web.servlet.support.SessionFlashMapManager@2fb5e706
2026-05-20T14:48:15.403-04:00 DEBUG 11176 --- [shelter-service] [http-nio-8095-exec-2] o.s.web.servlet.DispatcherServlet        : enableLoggingRequestDetails='false': request parameters and headers will be masked to prevent unsafe logging of potentially sensitive data
2026-05-20T14:48:15.404-04:00  INFO 11176 --- [shelter-service] [http-nio-8095-exec-2] o.s.web.servlet.DispatcherServlet        : Completed initialization in 3 ms
2026-05-20T14:48:15.564-04:00 DEBUG 11176 --- [shelter-service] [pool-2-thread-1] c.a.s.client.UserServiceClient           : [UserServiceClient#getUserAuthByEmail] ---> GET http://localhost:8081/user-app/users/by-email/admin%40adoptapp.com/auth HTTP/1.1
2026-05-20T14:48:15.703-04:00 DEBUG 11176 --- [shelter-service] [pool-2-thread-1] c.a.s.client.UserServiceClient           : [UserServiceClient#getUserAuthByEmail] <--- HTTP/1.1 200 (138ms)
2026-05-20T14:48:15.719-04:00 DEBUG 11176 --- [shelter-service] [pool-2-thread-1] o.s.w.c.HttpMessageConverterExtractor    : Reading to [com.adoptapp.sharedkernel.dto.UserAuthResponse]
2026-05-20T14:48:15.861-04:00 DEBUG 11176 --- [shelter-service] [http-nio-8095-exec-2] o.s.web.servlet.DispatcherServlet        : GET "/shelter-app/shelters", parameters={}
2026-05-20T14:48:15.863-04:00 DEBUG 11176 --- [shelter-service] [http-nio-8095-exec-2] s.w.s.m.m.a.RequestMappingHandlerMapping : Mapped to com.adoptapp.shelterservice.controller.ShelterController#getAllShelters(String)
2026-05-20T14:48:16.014-04:00 DEBUG 11176 --- [shelter-service] [http-nio-8095-exec-2] org.hibernate.SQL                        : 
    select
        s1_0.id,
        s1_0.active,
        s1_0.created_at,
        s1_0.description,
        s1_0.email,
        s1_0.name,
        s1_0.phone,
        s1_0.status,
        s1_0.updated_at 
    from
        shelters s1_0
2026-05-20T14:48:16.082-04:00 DEBUG 11176 --- [shelter-service] [http-nio-8095-exec-2] o.s.w.s.m.m.a.HttpEntityMethodProcessor  : Using 'application/json', given [*/*] and supported [application/json, application/*+json]
2026-05-20T14:48:16.091-04:00 DEBUG 11176 --- [shelter-service] [http-nio-8095-exec-2] o.s.w.s.m.m.a.HttpEntityMethodProcessor  : Writing [[ShelterResponse[id=1, name=Patitas Felices, email=contacto@patitasfelices.org, phone=+56912345678,  (truncated)...]
2026-05-20T14:48:16.110-04:00 DEBUG 11176 --- [shelter-service] [http-nio-8095-exec-2] o.s.web.servlet.DispatcherServlet        : Completed 200 OK
2026-05-20T14:54:59.247-04:00 DEBUG 11176 --- [shelter-service] [pool-2-thread-2] c.a.s.client.UserServiceClient           : [UserServiceClient#getUserAuthByEmail] ---> GET http://localhost:8081/user-app/users/by-email/admin%40adoptapp.com/auth HTTP/1.1
2026-05-20T14:54:59.380-04:00 DEBUG 11176 --- [shelter-service] [pool-2-thread-2] c.a.s.client.UserServiceClient           : [UserServiceClient#getUserAuthByEmail] <--- HTTP/1.1 200 (132ms)
2026-05-20T14:54:59.380-04:00 DEBUG 11176 --- [shelter-service] [pool-2-thread-2] o.s.w.c.HttpMessageConverterExtractor    : Reading to [com.adoptapp.sharedkernel.dto.UserAuthResponse]
2026-05-20T14:54:59.521-04:00 DEBUG 11176 --- [shelter-service] [http-nio-8095-exec-6] o.s.web.servlet.DispatcherServlet        : GET "/shelter-app/shelters/by-id/1", parameters={}
2026-05-20T14:54:59.521-04:00 DEBUG 11176 --- [shelter-service] [http-nio-8095-exec-6] s.w.s.m.m.a.RequestMappingHandlerMapping : Mapped to com.adoptapp.shelterservice.controller.ShelterController#getShelterById(Long)
2026-05-20T14:54:59.549-04:00 DEBUG 11176 --- [shelter-service] [http-nio-8095-exec-6] org.hibernate.SQL                        : 
    select
        s1_0.id,
        s1_0.active,
        s1_0.created_at,
        s1_0.description,
        s1_0.email,
        s1_0.name,
        s1_0.phone,
        s1_0.status,
        s1_0.updated_at 
    from
        shelters s1_0 
    where
        s1_0.id=?
2026-05-20T14:54:59.561-04:00 DEBUG 11176 --- [shelter-service] [http-nio-8095-exec-6] o.s.w.s.m.m.a.HttpEntityMethodProcessor  : Using 'application/json', given [*/*] and supported [application/json, application/*+json]
2026-05-20T14:54:59.561-04:00 DEBUG 11176 --- [shelter-service] [http-nio-8095-exec-6] o.s.w.s.m.m.a.HttpEntityMethodProcessor  : Writing [ShelterResponse[id=1, name=Patitas Felices, email=contacto@patitasfelices.org, phone=+56912345678, d (truncated)...]
2026-05-20T14:54:59.564-04:00 DEBUG 11176 --- [shelter-service] [http-nio-8095-exec-6] o.s.web.servlet.DispatcherServlet        : Completed 200 OK
2026-05-20T15:15:31.311-04:00  WARN 11176 --- [shelter-service] [HikariPool-1 housekeeper] com.zaxxer.hikari.pool.HikariPool        : HikariPool-1 - Thread starvation or clock leap detected (housekeeper delta=59s367ms534µs700ns).
2026-05-20T15:18:36.785-04:00 DEBUG 11176 --- [shelter-service] [pool-2-thread-3] c.a.s.client.UserServiceClient           : [UserServiceClient#getUserAuthByEmail] ---> GET http://localhost:8081/user-app/users/by-email/admin%40empresa.com/auth HTTP/1.1
2026-05-20T15:18:36.914-04:00 DEBUG 11176 --- [shelter-service] [pool-2-thread-3] c.a.s.client.UserServiceClient           : [UserServiceClient#getUserAuthByEmail] <--- HTTP/1.1 200 (119ms)
2026-05-20T15:18:36.945-04:00 DEBUG 11176 --- [shelter-service] [pool-2-thread-3] o.s.w.c.HttpMessageConverterExtractor    : Reading to [com.adoptapp.sharedkernel.dto.UserAuthResponse]
2026-05-20T15:18:37.072-04:00 DEBUG 11176 --- [shelter-service] [http-nio-8095-exec-8] o.s.web.servlet.DispatcherServlet        : GET "/shelter-app/shelters/by-id/1", parameters={}
2026-05-20T15:18:37.072-04:00 DEBUG 11176 --- [shelter-service] [http-nio-8095-exec-8] s.w.s.m.m.a.RequestMappingHandlerMapping : Mapped to com.adoptapp.shelterservice.controller.ShelterController#getShelterById(Long)
2026-05-20T15:18:37.098-04:00 DEBUG 11176 --- [shelter-service] [http-nio-8095-exec-8] org.hibernate.SQL                        : 
    select
        s1_0.id,
        s1_0.active,
        s1_0.created_at,
        s1_0.description,
        s1_0.email,
        s1_0.name,
        s1_0.phone,
        s1_0.status,
        s1_0.updated_at 
    from
        shelters s1_0 
    where
        s1_0.id=?
2026-05-20T15:18:37.114-04:00 DEBUG 11176 --- [shelter-service] [http-nio-8095-exec-8] o.s.w.s.m.m.a.HttpEntityMethodProcessor  : Using 'application/json', given [*/*] and supported [application/json, application/*+json]
2026-05-20T15:18:37.114-04:00 DEBUG 11176 --- [shelter-service] [http-nio-8095-exec-8] o.s.w.s.m.m.a.HttpEntityMethodProcessor  : Writing [ShelterResponse[id=1, name=Patitas Felices, email=contacto@patitasfelices.org, phone=+56912345678, d (truncated)...]
2026-05-20T15:18:37.138-04:00 DEBUG 11176 --- [shelter-service] [http-nio-8095-exec-8] o.s.web.servlet.DispatcherServlet        : Completed 200 OK
2026-05-20T15:18:43.773-04:00 DEBUG 11176 --- [shelter-service] [pool-2-thread-3] c.a.s.client.UserServiceClient           : [UserServiceClient#getUserAuthByEmail] ---> GET http://localhost:8081/user-app/users/by-email/admin%40empresa.com/auth HTTP/1.1
2026-05-20T15:18:43.893-04:00 DEBUG 11176 --- [shelter-service] [pool-2-thread-3] c.a.s.client.UserServiceClient           : [UserServiceClient#getUserAuthByEmail] <--- HTTP/1.1 200 (118ms)
2026-05-20T15:18:43.894-04:00 DEBUG 11176 --- [shelter-service] [pool-2-thread-3] o.s.w.c.HttpMessageConverterExtractor    : Reading to [com.adoptapp.sharedkernel.dto.UserAuthResponse]
2026-05-20T15:18:44.016-04:00 DEBUG 11176 --- [shelter-service] [http-nio-8095-exec-9] o.s.web.servlet.DispatcherServlet        : GET "/shelter-app/shelters/by-id/1", parameters={}
2026-05-20T15:18:44.017-04:00 DEBUG 11176 --- [shelter-service] [http-nio-8095-exec-9] s.w.s.m.m.a.RequestMappingHandlerMapping : Mapped to com.adoptapp.shelterservice.controller.ShelterController#getShelterById(Long)
2026-05-20T15:18:44.019-04:00 DEBUG 11176 --- [shelter-service] [http-nio-8095-exec-9] org.hibernate.SQL                        : 
    select
        s1_0.id,
        s1_0.active,
        s1_0.created_at,
        s1_0.description,
        s1_0.email,
        s1_0.name,
        s1_0.phone,
        s1_0.status,
        s1_0.updated_at 
    from
        shelters s1_0 
    where
        s1_0.id=?
2026-05-20T15:18:44.021-04:00 DEBUG 11176 --- [shelter-service] [http-nio-8095-exec-9] o.s.w.s.m.m.a.HttpEntityMethodProcessor  : Using 'application/json', given [*/*] and supported [application/json, application/*+json]
2026-05-20T15:18:44.022-04:00 DEBUG 11176 --- [shelter-service] [http-nio-8095-exec-9] o.s.w.s.m.m.a.HttpEntityMethodProcessor  : Writing [ShelterResponse[id=1, name=Patitas Felices, email=contacto@patitasfelices.org, phone=+56912345678, d (truncated)...]
2026-05-20T15:18:44.023-04:00 DEBUG 11176 --- [shelter-service] [http-nio-8095-exec-9] o.s.web.servlet.DispatcherServlet        : Completed 200 OK
2026-05-20T15:20:19.881-04:00  INFO 11176 --- [shelter-service] [SpringApplicationShutdownHook] o.s.b.w.e.tomcat.GracefulShutdown        : Commencing graceful shutdown. Waiting for active requests to complete
2026-05-20T15:20:19.911-04:00  INFO 11176 --- [shelter-service] [tomcat-shutdown] o.s.b.w.e.tomcat.GracefulShutdown        : Graceful shutdown complete
2026-05-20T15:20:19.990-04:00  INFO 11176 --- [shelter-service] [SpringApplicationShutdownHook] j.LocalContainerEntityManagerFactoryBean : Closing JPA EntityManagerFactory for persistence unit 'default'
2026-05-20T15:20:20.037-04:00  INFO 11176 --- [shelter-service] [SpringApplicationShutdownHook] com.zaxxer.hikari.HikariDataSource       : HikariPool-1 - Shutdown initiated...
2026-05-20T15:20:20.043-04:00  INFO 11176 --- [shelter-service] [SpringApplicationShutdownHook] com.zaxxer.hikari.HikariDataSource       : HikariPool-1 - Shutdown completed.
2026-05-20T15:28:46.259-04:00  INFO 16968 --- [shelter-service] [main] c.a.s.ShelterServiceApplication          : Starting ShelterServiceApplication using Java 26 with PID 16968 (C:\Users\camil\Documents\fullstack1\adoptapp\shelter-service\target\classes started by camil in C:\Users\camil\Documents\fullstack1\adoptapp)
2026-05-20T15:28:46.262-04:00 DEBUG 16968 --- [shelter-service] [main] c.a.s.ShelterServiceApplication          : Running with Spring Boot v3.4.5, Spring v6.2.6
2026-05-20T15:28:46.263-04:00  INFO 16968 --- [shelter-service] [main] c.a.s.ShelterServiceApplication          : No active profile set, falling back to 1 default profile: "default"
2026-05-20T15:28:47.559-04:00  INFO 16968 --- [shelter-service] [main] .s.d.r.c.RepositoryConfigurationDelegate : Bootstrapping Spring Data JPA repositories in DEFAULT mode.
2026-05-20T15:28:47.656-04:00  INFO 16968 --- [shelter-service] [main] .s.d.r.c.RepositoryConfigurationDelegate : Finished Spring Data repository scanning in 81 ms. Found 2 JPA repository interfaces.
2026-05-20T15:28:48.153-04:00  INFO 16968 --- [shelter-service] [main] o.s.cloud.context.scope.GenericScope     : BeanFactory id=090de83e-2feb-39c5-98a1-1aeeb5bb0336
2026-05-20T15:28:49.581-04:00  INFO 16968 --- [shelter-service] [main] o.s.b.w.embedded.tomcat.TomcatWebServer  : Tomcat initialized with port 8095 (http)
2026-05-20T15:28:49.616-04:00  INFO 16968 --- [shelter-service] [main] o.apache.catalina.core.StandardService   : Starting service [Tomcat]
2026-05-20T15:28:49.616-04:00  INFO 16968 --- [shelter-service] [main] o.apache.catalina.core.StandardEngine    : Starting Servlet engine: [Apache Tomcat/10.1.40]
2026-05-20T15:28:49.744-04:00  INFO 16968 --- [shelter-service] [main] o.a.c.c.C.[.[localhost].[/shelter-app]   : Initializing Spring embedded WebApplicationContext
2026-05-20T15:28:49.746-04:00  INFO 16968 --- [shelter-service] [main] w.s.c.ServletWebServerApplicationContext : Root WebApplicationContext: initialization completed in 3410 ms
2026-05-20T15:28:50.318-04:00  INFO 16968 --- [shelter-service] [main] com.zaxxer.hikari.HikariDataSource       : HikariPool-1 - Starting...
2026-05-20T15:28:50.628-04:00  INFO 16968 --- [shelter-service] [main] com.zaxxer.hikari.pool.HikariPool        : HikariPool-1 - Added connection org.postgresql.jdbc.PgConnection@37bda983
2026-05-20T15:28:50.631-04:00  INFO 16968 --- [shelter-service] [main] com.zaxxer.hikari.HikariDataSource       : HikariPool-1 - Start completed.
2026-05-20T15:28:50.686-04:00  INFO 16968 --- [shelter-service] [main] org.flywaydb.core.FlywayExecutor         : Database: jdbc:postgresql://localhost:5432/shelter_db (PostgreSQL 18.3)
2026-05-20T15:28:50.706-04:00  WARN 16968 --- [shelter-service] [main] o.f.c.internal.database.base.Database    : Flyway upgrade recommended: PostgreSQL 18.3 is newer than this version of Flyway and support has not been tested. The latest supported version of PostgreSQL is 17.
2026-05-20T15:28:50.793-04:00  INFO 16968 --- [shelter-service] [main] o.f.core.internal.command.DbValidate     : Successfully validated 2 migrations (execution time 00:00.058s)
2026-05-20T15:28:50.949-04:00  INFO 16968 --- [shelter-service] [main] o.f.core.internal.command.DbMigrate      : Current version of schema "public": 2
2026-05-20T15:28:50.953-04:00  INFO 16968 --- [shelter-service] [main] o.f.core.internal.command.DbMigrate      : Schema "public" is up to date. No migration necessary.
2026-05-20T15:28:51.193-04:00  INFO 16968 --- [shelter-service] [main] o.hibernate.jpa.internal.util.LogHelper  : HHH000204: Processing PersistenceUnitInfo [name: default]
2026-05-20T15:28:51.294-04:00  INFO 16968 --- [shelter-service] [main] org.hibernate.Version                    : HHH000412: Hibernate ORM core version 6.6.13.Final
2026-05-20T15:28:51.360-04:00  INFO 16968 --- [shelter-service] [main] o.h.c.internal.RegionFactoryInitiator    : HHH000026: Second-level cache disabled
2026-05-20T15:28:51.870-04:00  INFO 16968 --- [shelter-service] [main] o.s.o.j.p.SpringPersistenceUnitInfo      : No LoadTimeWeaver setup: ignoring JPA class transformer
2026-05-20T15:28:51.962-04:00  WARN 16968 --- [shelter-service] [main] org.hibernate.orm.deprecation            : HHH90000025: PostgreSQLDialect does not need to be specified explicitly using 'hibernate.dialect' (remove the property setting and it will be selected by default)
2026-05-20T15:28:51.984-04:00  INFO 16968 --- [shelter-service] [main] org.hibernate.orm.connections.pooling    : HHH10001005: Database info:
	Database JDBC URL [Connecting through datasource 'HikariDataSource (HikariPool-1)']
	Database driver: undefined/unknown
	Database version: 18.3
	Autocommit mode: undefined/unknown
	Isolation level: undefined/unknown
	Minimum pool size: undefined/unknown
	Maximum pool size: undefined/unknown
2026-05-20T15:28:53.569-04:00  INFO 16968 --- [shelter-service] [main] o.h.e.t.j.p.i.JtaPlatformInitiator       : HHH000489: No JTA platform available (set 'hibernate.transaction.jta.platform' to enable JTA platform integration)
2026-05-20T15:28:53.643-04:00  INFO 16968 --- [shelter-service] [main] j.LocalContainerEntityManagerFactoryBean : Initialized JPA EntityManagerFactory for persistence unit 'default'
2026-05-20T15:28:53.944-04:00  WARN 16968 --- [shelter-service] [main] JpaBaseConfiguration$JpaWebConfiguration : spring.jpa.open-in-view is enabled by default. Therefore, database queries may be performed during view rendering. Explicitly configure spring.jpa.open-in-view to disable this warning
2026-05-20T15:28:55.463-04:00  INFO 16968 --- [shelter-service] [main] r$InitializeUserDetailsManagerConfigurer : Global AuthenticationManager configured with UserDetailsService bean with name customUserDetailsService
2026-05-20T15:28:55.734-04:00 DEBUG 16968 --- [shelter-service] [main] s.w.s.m.m.a.RequestMappingHandlerMapping : 8 mappings in 'requestMappingHandlerMapping'
2026-05-20T15:28:56.085-04:00 DEBUG 16968 --- [shelter-service] [main] o.s.w.s.handler.SimpleUrlHandlerMapping  : Patterns [/webjars/**, /**] in 'resourceHandlerMapping'
2026-05-20T15:28:56.636-04:00 DEBUG 16968 --- [shelter-service] [main] s.w.s.m.m.a.RequestMappingHandlerAdapter : ControllerAdvice beans: 0 @ModelAttribute, 0 @InitBinder, 1 RequestBodyAdvice, 1 ResponseBodyAdvice
2026-05-20T15:28:56.755-04:00 DEBUG 16968 --- [shelter-service] [main] .m.m.a.ExceptionHandlerExceptionResolver : ControllerAdvice beans: 1 @ExceptionHandler, 1 ResponseBodyAdvice
2026-05-20T15:28:58.411-04:00  INFO 16968 --- [shelter-service] [main] o.s.cloud.commons.util.InetUtils         : Cannot determine local hostname
2026-05-20T15:28:58.620-04:00  INFO 16968 --- [shelter-service] [main] o.s.b.w.embedded.tomcat.TomcatWebServer  : Tomcat started on port 8095 (http) with context path '/shelter-app'
2026-05-20T15:28:59.640-04:00  INFO 16968 --- [shelter-service] [main] o.s.cloud.commons.util.InetUtils         : Cannot determine local hostname
2026-05-20T15:28:59.654-04:00  INFO 16968 --- [shelter-service] [main] c.a.s.ShelterServiceApplication          : Started ShelterServiceApplication in 15.255 seconds (process running for 16.349)
2026-05-20T15:29:50.565-04:00  INFO 16968 --- [shelter-service] [http-nio-8095-exec-1] o.a.c.c.C.[.[localhost].[/shelter-app]   : Initializing Spring DispatcherServlet 'dispatcherServlet'
2026-05-20T15:29:50.565-04:00  INFO 16968 --- [shelter-service] [http-nio-8095-exec-1] o.s.web.servlet.DispatcherServlet        : Initializing Servlet 'dispatcherServlet'
2026-05-20T15:29:50.565-04:00 DEBUG 16968 --- [shelter-service] [http-nio-8095-exec-1] o.s.web.servlet.DispatcherServlet        : Detected StandardServletMultipartResolver
2026-05-20T15:29:50.565-04:00 DEBUG 16968 --- [shelter-service] [http-nio-8095-exec-1] o.s.web.servlet.DispatcherServlet        : Detected AcceptHeaderLocaleResolver
2026-05-20T15:29:50.565-04:00 DEBUG 16968 --- [shelter-service] [http-nio-8095-exec-1] o.s.web.servlet.DispatcherServlet        : Detected FixedThemeResolver
2026-05-20T15:29:50.570-04:00 DEBUG 16968 --- [shelter-service] [http-nio-8095-exec-1] o.s.web.servlet.DispatcherServlet        : Detected org.springframework.web.servlet.view.DefaultRequestToViewNameTranslator@5808573f
2026-05-20T15:29:50.570-04:00 DEBUG 16968 --- [shelter-service] [http-nio-8095-exec-1] o.s.web.servlet.DispatcherServlet        : Detected org.springframework.web.servlet.support.SessionFlashMapManager@7b0f5814
2026-05-20T15:29:50.570-04:00 DEBUG 16968 --- [shelter-service] [http-nio-8095-exec-1] o.s.web.servlet.DispatcherServlet        : enableLoggingRequestDetails='false': request parameters and headers will be masked to prevent unsafe logging of potentially sensitive data
2026-05-20T15:29:50.570-04:00  INFO 16968 --- [shelter-service] [http-nio-8095-exec-1] o.s.web.servlet.DispatcherServlet        : Completed initialization in 5 ms
2026-05-20T15:29:50.725-04:00 DEBUG 16968 --- [shelter-service] [pool-2-thread-1] c.a.s.client.UserServiceClient           : [UserServiceClient#getUserAuthByEmail] ---> GET http://localhost:8081/user-app/users/by-email/admin%40adoptapp.com/auth HTTP/1.1
2026-05-20T15:29:50.866-04:00 DEBUG 16968 --- [shelter-service] [pool-2-thread-1] c.a.s.client.UserServiceClient           : [UserServiceClient#getUserAuthByEmail] <--- HTTP/1.1 200 (136ms)
2026-05-20T15:29:50.883-04:00 DEBUG 16968 --- [shelter-service] [pool-2-thread-1] o.s.w.c.HttpMessageConverterExtractor    : Reading to [com.adoptapp.sharedkernel.dto.UserAuthResponse]
2026-05-20T15:29:51.016-04:00 DEBUG 16968 --- [shelter-service] [http-nio-8095-exec-1] o.s.web.servlet.DispatcherServlet        : GET "/shelter-app/shelters/by-id/1", parameters={}
2026-05-20T15:29:51.017-04:00 DEBUG 16968 --- [shelter-service] [http-nio-8095-exec-1] s.w.s.m.m.a.RequestMappingHandlerMapping : Mapped to com.adoptapp.shelterservice.controller.ShelterController#getShelterById(Long)
2026-05-20T15:29:51.087-04:00 DEBUG 16968 --- [shelter-service] [http-nio-8095-exec-1] org.hibernate.SQL                        : 
    select
        s1_0.id,
        s1_0.active,
        s1_0.created_at,
        s1_0.description,
        s1_0.email,
        s1_0.name,
        s1_0.phone,
        s1_0.status,
        s1_0.updated_at 
    from
        shelters s1_0 
    where
        s1_0.id=?
2026-05-20T15:29:51.145-04:00 DEBUG 16968 --- [shelter-service] [http-nio-8095-exec-1] o.s.w.s.m.m.a.HttpEntityMethodProcessor  : Using 'application/json', given [*/*] and supported [application/json, application/*+json]
2026-05-20T15:29:51.151-04:00 DEBUG 16968 --- [shelter-service] [http-nio-8095-exec-1] o.s.w.s.m.m.a.HttpEntityMethodProcessor  : Writing [ShelterResponse[id=1, name=Patitas Felices, email=contacto@patitasfelices.org, phone=+56912345678, d (truncated)...]
2026-05-20T15:29:51.165-04:00 DEBUG 16968 --- [shelter-service] [http-nio-8095-exec-1] o.s.web.servlet.DispatcherServlet        : Completed 200 OK
2026-05-20T15:29:54.789-04:00 DEBUG 16968 --- [shelter-service] [pool-2-thread-1] c.a.s.client.UserServiceClient           : [UserServiceClient#getUserAuthByEmail] ---> GET http://localhost:8081/user-app/users/by-email/admin%40adoptapp.com/auth HTTP/1.1
2026-05-20T15:29:54.918-04:00 DEBUG 16968 --- [shelter-service] [pool-2-thread-1] c.a.s.client.UserServiceClient           : [UserServiceClient#getUserAuthByEmail] <--- HTTP/1.1 200 (128ms)
2026-05-20T15:29:54.918-04:00 DEBUG 16968 --- [shelter-service] [pool-2-thread-1] o.s.w.c.HttpMessageConverterExtractor    : Reading to [com.adoptapp.sharedkernel.dto.UserAuthResponse]
2026-05-20T15:29:55.030-04:00 DEBUG 16968 --- [shelter-service] [http-nio-8095-exec-2] o.s.web.servlet.DispatcherServlet        : GET "/shelter-app/shelters/by-id/1", parameters={}
2026-05-20T15:29:55.030-04:00 DEBUG 16968 --- [shelter-service] [http-nio-8095-exec-2] s.w.s.m.m.a.RequestMappingHandlerMapping : Mapped to com.adoptapp.shelterservice.controller.ShelterController#getShelterById(Long)
2026-05-20T15:29:55.030-04:00 DEBUG 16968 --- [shelter-service] [http-nio-8095-exec-2] org.hibernate.SQL                        : 
    select
        s1_0.id,
        s1_0.active,
        s1_0.created_at,
        s1_0.description,
        s1_0.email,
        s1_0.name,
        s1_0.phone,
        s1_0.status,
        s1_0.updated_at 
    from
        shelters s1_0 
    where
        s1_0.id=?
2026-05-20T15:29:55.035-04:00 DEBUG 16968 --- [shelter-service] [http-nio-8095-exec-2] o.s.w.s.m.m.a.HttpEntityMethodProcessor  : Using 'application/json', given [*/*] and supported [application/json, application/*+json]
2026-05-20T15:29:55.035-04:00 DEBUG 16968 --- [shelter-service] [http-nio-8095-exec-2] o.s.w.s.m.m.a.HttpEntityMethodProcessor  : Writing [ShelterResponse[id=1, name=Patitas Felices, email=contacto@patitasfelices.org, phone=+56912345678, d (truncated)...]
2026-05-20T15:29:55.035-04:00 DEBUG 16968 --- [shelter-service] [http-nio-8095-exec-2] o.s.web.servlet.DispatcherServlet        : Completed 200 OK
2026-05-20T15:38:02.243-04:00 DEBUG 16968 --- [shelter-service] [pool-2-thread-2] c.a.s.client.UserServiceClient           : [UserServiceClient#getUserAuthByEmail] ---> GET http://localhost:8081/user-app/users/by-email/admin%40adoptapp.com/auth HTTP/1.1
2026-05-20T15:38:02.387-04:00 DEBUG 16968 --- [shelter-service] [pool-2-thread-2] c.a.s.client.UserServiceClient           : [UserServiceClient#getUserAuthByEmail] <--- HTTP/1.1 200 (131ms)
2026-05-20T15:38:02.387-04:00 DEBUG 16968 --- [shelter-service] [pool-2-thread-2] o.s.w.c.HttpMessageConverterExtractor    : Reading to [com.adoptapp.sharedkernel.dto.UserAuthResponse]
2026-05-20T15:38:02.507-04:00 DEBUG 16968 --- [shelter-service] [http-nio-8095-exec-5] o.s.web.servlet.DispatcherServlet        : GET "/shelter-app/shelters/by-id/1", parameters={}
2026-05-20T15:38:02.509-04:00 DEBUG 16968 --- [shelter-service] [http-nio-8095-exec-5] s.w.s.m.m.a.RequestMappingHandlerMapping : Mapped to com.adoptapp.shelterservice.controller.ShelterController#getShelterById(Long)
2026-05-20T15:38:02.510-04:00 DEBUG 16968 --- [shelter-service] [http-nio-8095-exec-5] org.hibernate.SQL                        : 
    select
        s1_0.id,
        s1_0.active,
        s1_0.created_at,
        s1_0.description,
        s1_0.email,
        s1_0.name,
        s1_0.phone,
        s1_0.status,
        s1_0.updated_at 
    from
        shelters s1_0 
    where
        s1_0.id=?
2026-05-20T15:38:02.512-04:00 DEBUG 16968 --- [shelter-service] [http-nio-8095-exec-5] o.s.w.s.m.m.a.HttpEntityMethodProcessor  : Using 'application/json', given [*/*] and supported [application/json, application/*+json]
2026-05-20T15:38:02.512-04:00 DEBUG 16968 --- [shelter-service] [http-nio-8095-exec-5] o.s.w.s.m.m.a.HttpEntityMethodProcessor  : Writing [ShelterResponse[id=1, name=Patitas Felices, email=contacto@patitasfelices.org, phone=+56912345678, d (truncated)...]
2026-05-20T15:38:02.512-04:00 DEBUG 16968 --- [shelter-service] [http-nio-8095-exec-5] o.s.web.servlet.DispatcherServlet        : Completed 200 OK
2026-05-20T15:49:44.737-04:00 DEBUG 16968 --- [shelter-service] [pool-2-thread-3] c.a.s.client.UserServiceClient           : [UserServiceClient#getUserAuthByEmail] ---> GET http://localhost:8081/user-app/users/by-email/admin%40adoptapp.com/auth HTTP/1.1
2026-05-20T15:49:44.854-04:00 DEBUG 16968 --- [shelter-service] [pool-2-thread-3] c.a.s.client.UserServiceClient           : [UserServiceClient#getUserAuthByEmail] <--- HTTP/1.1 200 (116ms)
2026-05-20T15:49:44.855-04:00 DEBUG 16968 --- [shelter-service] [pool-2-thread-3] o.s.w.c.HttpMessageConverterExtractor    : Reading to [com.adoptapp.sharedkernel.dto.UserAuthResponse]
2026-05-20T15:49:44.954-04:00 DEBUG 16968 --- [shelter-service] [http-nio-8095-exec-7] o.s.web.servlet.DispatcherServlet        : GET "/shelter-app/shelters/by-id/1", parameters={}
2026-05-20T15:49:44.954-04:00 DEBUG 16968 --- [shelter-service] [http-nio-8095-exec-7] s.w.s.m.m.a.RequestMappingHandlerMapping : Mapped to com.adoptapp.shelterservice.controller.ShelterController#getShelterById(Long)
2026-05-20T15:49:44.954-04:00 DEBUG 16968 --- [shelter-service] [http-nio-8095-exec-7] org.hibernate.SQL                        : 
    select
        s1_0.id,
        s1_0.active,
        s1_0.created_at,
        s1_0.description,
        s1_0.email,
        s1_0.name,
        s1_0.phone,
        s1_0.status,
        s1_0.updated_at 
    from
        shelters s1_0 
    where
        s1_0.id=?
2026-05-20T15:49:44.968-04:00 DEBUG 16968 --- [shelter-service] [http-nio-8095-exec-7] o.s.w.s.m.m.a.HttpEntityMethodProcessor  : Using 'application/json', given [*/*] and supported [application/json, application/*+json]
2026-05-20T15:49:44.969-04:00 DEBUG 16968 --- [shelter-service] [http-nio-8095-exec-7] o.s.w.s.m.m.a.HttpEntityMethodProcessor  : Writing [ShelterResponse[id=1, name=Patitas Felices, email=contacto@patitasfelices.org, phone=+56912345678, d (truncated)...]
2026-05-20T15:49:44.970-04:00 DEBUG 16968 --- [shelter-service] [http-nio-8095-exec-7] o.s.web.servlet.DispatcherServlet        : Completed 200 OK
2026-05-20T15:49:58.149-04:00 DEBUG 16968 --- [shelter-service] [pool-2-thread-3] c.a.s.client.UserServiceClient           : [UserServiceClient#getUserAuthByEmail] ---> GET http://localhost:8081/user-app/users/by-email/admin%40adoptapp.com/auth HTTP/1.1
2026-05-20T15:49:58.274-04:00 DEBUG 16968 --- [shelter-service] [pool-2-thread-3] c.a.s.client.UserServiceClient           : [UserServiceClient#getUserAuthByEmail] <--- HTTP/1.1 200 (121ms)
2026-05-20T15:49:58.274-04:00 DEBUG 16968 --- [shelter-service] [pool-2-thread-3] o.s.w.c.HttpMessageConverterExtractor    : Reading to [com.adoptapp.sharedkernel.dto.UserAuthResponse]
2026-05-20T15:49:58.388-04:00 DEBUG 16968 --- [shelter-service] [http-nio-8095-exec-9] o.s.web.servlet.DispatcherServlet        : GET "/shelter-app/shelters", parameters={}
2026-05-20T15:49:58.403-04:00 DEBUG 16968 --- [shelter-service] [http-nio-8095-exec-9] s.w.s.m.m.a.RequestMappingHandlerMapping : Mapped to com.adoptapp.shelterservice.controller.ShelterController#getAllShelters(String)
2026-05-20T15:49:58.507-04:00 DEBUG 16968 --- [shelter-service] [http-nio-8095-exec-9] org.hibernate.SQL                        : 
    select
        s1_0.id,
        s1_0.active,
        s1_0.created_at,
        s1_0.description,
        s1_0.email,
        s1_0.name,
        s1_0.phone,
        s1_0.status,
        s1_0.updated_at 
    from
        shelters s1_0
2026-05-20T15:49:58.521-04:00 DEBUG 16968 --- [shelter-service] [http-nio-8095-exec-9] o.s.w.s.m.m.a.HttpEntityMethodProcessor  : Using 'application/json', given [*/*] and supported [application/json, application/*+json]
2026-05-20T15:49:58.521-04:00 DEBUG 16968 --- [shelter-service] [http-nio-8095-exec-9] o.s.w.s.m.m.a.HttpEntityMethodProcessor  : Writing [[ShelterResponse[id=1, name=Patitas Felices, email=contacto@patitasfelices.org, phone=+56912345678,  (truncated)...]
2026-05-20T15:49:58.521-04:00 DEBUG 16968 --- [shelter-service] [http-nio-8095-exec-9] o.s.web.servlet.DispatcherServlet        : Completed 200 OK
2026-05-20T15:49:58.590-04:00 DEBUG 16968 --- [shelter-service] [pool-2-thread-3] c.a.s.client.UserServiceClient           : [UserServiceClient#getUserAuthByEmail] ---> GET http://localhost:8081/user-app/users/by-email/admin%40adoptapp.com/auth HTTP/1.1
2026-05-20T15:49:58.721-04:00 DEBUG 16968 --- [shelter-service] [pool-2-thread-3] c.a.s.client.UserServiceClient           : [UserServiceClient#getUserAuthByEmail] <--- HTTP/1.1 200 (131ms)
2026-05-20T15:49:58.723-04:00 DEBUG 16968 --- [shelter-service] [pool-2-thread-3] o.s.w.c.HttpMessageConverterExtractor    : Reading to [com.adoptapp.sharedkernel.dto.UserAuthResponse]
2026-05-20T15:49:58.837-04:00 DEBUG 16968 --- [shelter-service] [http-nio-8095-exec-10] o.s.web.servlet.DispatcherServlet        : GET "/shelter-app/shelters?status=ACTIVE", parameters={masked}
2026-05-20T15:49:58.838-04:00 DEBUG 16968 --- [shelter-service] [http-nio-8095-exec-10] s.w.s.m.m.a.RequestMappingHandlerMapping : Mapped to com.adoptapp.shelterservice.controller.ShelterController#getAllShelters(String)
2026-05-20T15:49:58.855-04:00 DEBUG 16968 --- [shelter-service] [http-nio-8095-exec-10] org.hibernate.SQL                        : 
    select
        s1_0.id,
        s1_0.active,
        s1_0.created_at,
        s1_0.description,
        s1_0.email,
        s1_0.name,
        s1_0.phone,
        s1_0.status,
        s1_0.updated_at 
    from
        shelters s1_0 
    where
        s1_0.status=?
2026-05-20T15:49:58.872-04:00 DEBUG 16968 --- [shelter-service] [http-nio-8095-exec-10] o.s.w.s.m.m.a.HttpEntityMethodProcessor  : Using 'application/json', given [*/*] and supported [application/json, application/*+json]
2026-05-20T15:49:58.872-04:00 DEBUG 16968 --- [shelter-service] [http-nio-8095-exec-10] o.s.w.s.m.m.a.HttpEntityMethodProcessor  : Writing [[ShelterResponse[id=1, name=Patitas Felices, email=contacto@patitasfelices.org, phone=+56912345678,  (truncated)...]
2026-05-20T15:49:58.872-04:00 DEBUG 16968 --- [shelter-service] [http-nio-8095-exec-10] o.s.web.servlet.DispatcherServlet        : Completed 200 OK
2026-05-20T15:49:58.959-04:00 DEBUG 16968 --- [shelter-service] [pool-2-thread-3] c.a.s.client.UserServiceClient           : [UserServiceClient#getUserAuthByEmail] ---> GET http://localhost:8081/user-app/users/by-email/admin%40adoptapp.com/auth HTTP/1.1
2026-05-20T15:49:59.076-04:00 DEBUG 16968 --- [shelter-service] [pool-2-thread-3] c.a.s.client.UserServiceClient           : [UserServiceClient#getUserAuthByEmail] <--- HTTP/1.1 200 (117ms)
2026-05-20T15:49:59.076-04:00 DEBUG 16968 --- [shelter-service] [pool-2-thread-3] o.s.w.c.HttpMessageConverterExtractor    : Reading to [com.adoptapp.sharedkernel.dto.UserAuthResponse]
2026-05-20T15:49:59.189-04:00 DEBUG 16968 --- [shelter-service] [http-nio-8095-exec-1] o.s.web.servlet.DispatcherServlet        : GET "/shelter-app/shelters/by-id/1", parameters={}
2026-05-20T15:49:59.190-04:00 DEBUG 16968 --- [shelter-service] [http-nio-8095-exec-1] s.w.s.m.m.a.RequestMappingHandlerMapping : Mapped to com.adoptapp.shelterservice.controller.ShelterController#getShelterById(Long)
2026-05-20T15:49:59.190-04:00 DEBUG 16968 --- [shelter-service] [http-nio-8095-exec-1] org.hibernate.SQL                        : 
    select
        s1_0.id,
        s1_0.active,
        s1_0.created_at,
        s1_0.description,
        s1_0.email,
        s1_0.name,
        s1_0.phone,
        s1_0.status,
        s1_0.updated_at 
    from
        shelters s1_0 
    where
        s1_0.id=?
2026-05-20T15:49:59.190-04:00 DEBUG 16968 --- [shelter-service] [http-nio-8095-exec-1] o.s.w.s.m.m.a.HttpEntityMethodProcessor  : Using 'application/json', given [*/*] and supported [application/json, application/*+json]
2026-05-20T15:49:59.190-04:00 DEBUG 16968 --- [shelter-service] [http-nio-8095-exec-1] o.s.w.s.m.m.a.HttpEntityMethodProcessor  : Writing [ShelterResponse[id=1, name=Patitas Felices, email=contacto@patitasfelices.org, phone=+56912345678, d (truncated)...]
2026-05-20T15:49:59.190-04:00 DEBUG 16968 --- [shelter-service] [http-nio-8095-exec-1] o.s.web.servlet.DispatcherServlet        : Completed 200 OK
2026-05-20T15:49:59.274-04:00 DEBUG 16968 --- [shelter-service] [pool-2-thread-3] c.a.s.client.UserServiceClient           : [UserServiceClient#getUserAuthByEmail] ---> GET http://localhost:8081/user-app/users/by-email/admin%40adoptapp.com/auth HTTP/1.1
2026-05-20T15:49:59.396-04:00 DEBUG 16968 --- [shelter-service] [pool-2-thread-3] c.a.s.client.UserServiceClient           : [UserServiceClient#getUserAuthByEmail] <--- HTTP/1.1 200 (120ms)
2026-05-20T15:49:59.396-04:00 DEBUG 16968 --- [shelter-service] [pool-2-thread-3] o.s.w.c.HttpMessageConverterExtractor    : Reading to [com.adoptapp.sharedkernel.dto.UserAuthResponse]
2026-05-20T15:49:59.508-04:00 DEBUG 16968 --- [shelter-service] [http-nio-8095-exec-2] o.s.web.servlet.DispatcherServlet        : GET "/shelter-app/shelters/by-id/1/history", parameters={}
2026-05-20T15:49:59.509-04:00 DEBUG 16968 --- [shelter-service] [http-nio-8095-exec-2] s.w.s.m.m.a.RequestMappingHandlerMapping : Mapped to com.adoptapp.shelterservice.controller.ShelterController#getHistory(Long)
2026-05-20T15:49:59.509-04:00 DEBUG 16968 --- [shelter-service] [http-nio-8095-exec-2] org.hibernate.SQL                        : 
    select
        sh1_0.id,
        sh1_0.action,
        sh1_0.changed_at,
        sh1_0.changed_by_user_id,
        sh1_0.comment,
        sh1_0.new_active,
        sh1_0.new_description,
        sh1_0.new_email,
        sh1_0.new_name,
        sh1_0.new_phone,
        sh1_0.new_status,
        sh1_0.previous_active,
        sh1_0.previous_description,
        sh1_0.previous_email,
        sh1_0.previous_name,
        sh1_0.previous_phone,
        sh1_0.previous_status,
        sh1_0.shelter_id 
    from
        shelter_history sh1_0 
    left join
        shelters s1_0 
            on s1_0.id=sh1_0.shelter_id 
    where
        s1_0.id=? 
    order by
        sh1_0.changed_at desc
2026-05-20T15:49:59.524-04:00 DEBUG 16968 --- [shelter-service] [http-nio-8095-exec-2] o.s.w.s.m.m.a.HttpEntityMethodProcessor  : Using 'application/json', given [*/*] and supported [application/json, application/*+json]
2026-05-20T15:49:59.524-04:00 DEBUG 16968 --- [shelter-service] [http-nio-8095-exec-2] o.s.w.s.m.m.a.HttpEntityMethodProcessor  : Writing [[]]
2026-05-20T15:49:59.524-04:00 DEBUG 16968 --- [shelter-service] [http-nio-8095-exec-2] o.s.web.servlet.DispatcherServlet        : Completed 200 OK
2026-05-20T15:49:59.575-04:00 DEBUG 16968 --- [shelter-service] [pool-2-thread-3] c.a.s.client.UserServiceClient           : [UserServiceClient#getUserAuthByEmail] ---> GET http://localhost:8081/user-app/users/by-email/admin%40adoptapp.com/auth HTTP/1.1
2026-05-20T15:49:59.692-04:00 DEBUG 16968 --- [shelter-service] [pool-2-thread-3] c.a.s.client.UserServiceClient           : [UserServiceClient#getUserAuthByEmail] <--- HTTP/1.1 200 (117ms)
2026-05-20T15:49:59.692-04:00 DEBUG 16968 --- [shelter-service] [pool-2-thread-3] o.s.w.c.HttpMessageConverterExtractor    : Reading to [com.adoptapp.sharedkernel.dto.UserAuthResponse]
2026-05-20T15:49:59.807-04:00 DEBUG 16968 --- [shelter-service] [http-nio-8095-exec-3] o.s.web.servlet.DispatcherServlet        : POST "/shelter-app/shelters?userId=1", parameters={masked}
2026-05-20T15:49:59.807-04:00 DEBUG 16968 --- [shelter-service] [http-nio-8095-exec-3] s.w.s.m.m.a.RequestMappingHandlerMapping : Mapped to com.adoptapp.shelterservice.controller.ShelterController#create(ShelterRequest, Long)
2026-05-20T15:49:59.826-04:00 DEBUG 16968 --- [shelter-service] [http-nio-8095-exec-3] m.m.a.RequestResponseBodyMethodProcessor : Read "application/json;charset=UTF-8" to [ShelterRequest[name=Happy Paws Shelter, email=info@happypaws.org, phone=+123456789, description=Anim (truncated)...]
2026-05-20T15:49:59.952-04:00  INFO 16968 --- [shelter-service] [http-nio-8095-exec-3] c.a.s.service.ShelterService             : Creando refugio: name=Happy Paws Shelter, email=info@happypaws.org
2026-05-20T15:49:59.952-04:00 DEBUG 16968 --- [shelter-service] [pool-2-thread-3] c.a.s.client.UserServiceClient           : [UserServiceClient#getUserById] ---> GET http://localhost:8081/user-app/users/by-id/1 HTTP/1.1
2026-05-20T15:50:00.070-04:00 DEBUG 16968 --- [shelter-service] [pool-2-thread-3] c.a.s.client.UserServiceClient           : [UserServiceClient#getUserById] <--- HTTP/1.1 404 (123ms)
2026-05-20T15:50:00.086-04:00  WARN 16968 --- [shelter-service] [http-nio-8095-exec-3] c.a.s.client.UserServiceClientFallback   : User-service no disponible para userId 1
2026-05-20T15:50:00.086-04:00  WARN 16968 --- [shelter-service] [http-nio-8095-exec-3] c.a.s.service.ShelterService             : Usuario no encontrado: ID=1
2026-05-20T15:50:00.086-04:00 DEBUG 16968 --- [shelter-service] [http-nio-8095-exec-3] .m.m.a.ExceptionHandlerExceptionResolver : Using @ExceptionHandler com.adoptapp.shelterservice.exception.GlobalExceptionHandler#handleIllegalArgument(IllegalArgumentException, HttpServletRequest)
2026-05-20T15:50:00.086-04:00 DEBUG 16968 --- [shelter-service] [http-nio-8095-exec-3] o.s.w.s.m.m.a.HttpEntityMethodProcessor  : Using 'application/json', given [*/*] and supported [application/json, application/*+json]
2026-05-20T15:50:00.102-04:00 DEBUG 16968 --- [shelter-service] [http-nio-8095-exec-3] o.s.w.s.m.m.a.HttpEntityMethodProcessor  : Writing [ErrorResponse[timestamp=2026-05-20T15:50:00.086354200, status=400, error=Bad Request, message=El usu (truncated)...]
2026-05-20T15:50:00.102-04:00 DEBUG 16968 --- [shelter-service] [http-nio-8095-exec-3] .m.m.a.ExceptionHandlerExceptionResolver : Resolved [java.lang.IllegalArgumentException: El usuario con ID 1 no existe]
2026-05-20T15:50:00.102-04:00 DEBUG 16968 --- [shelter-service] [http-nio-8095-exec-3] o.s.web.servlet.DispatcherServlet        : Completed 400 BAD_REQUEST
2026-05-20T15:50:00.175-04:00 DEBUG 16968 --- [shelter-service] [pool-2-thread-3] c.a.s.client.UserServiceClient           : [UserServiceClient#getUserAuthByEmail] ---> GET http://localhost:8081/user-app/users/by-email/admin%40adoptapp.com/auth HTTP/1.1
2026-05-20T15:50:00.292-04:00 DEBUG 16968 --- [shelter-service] [pool-2-thread-3] c.a.s.client.UserServiceClient           : [UserServiceClient#getUserAuthByEmail] <--- HTTP/1.1 200 (116ms)
2026-05-20T15:50:00.292-04:00 DEBUG 16968 --- [shelter-service] [pool-2-thread-3] o.s.w.c.HttpMessageConverterExtractor    : Reading to [com.adoptapp.sharedkernel.dto.UserAuthResponse]
2026-05-20T15:50:00.411-04:00 DEBUG 16968 --- [shelter-service] [http-nio-8095-exec-5] o.s.web.servlet.DispatcherServlet        : PUT "/shelter-app/shelters/by-id/1?userId=1", parameters={masked}
2026-05-20T15:50:00.411-04:00 DEBUG 16968 --- [shelter-service] [http-nio-8095-exec-5] s.w.s.m.m.a.RequestMappingHandlerMapping : Mapped to com.adoptapp.shelterservice.controller.ShelterController#updateShelterById(Long, ShelterRequest, Long)
2026-05-20T15:50:00.411-04:00 DEBUG 16968 --- [shelter-service] [http-nio-8095-exec-5] m.m.a.RequestResponseBodyMethodProcessor : Read "application/json;charset=UTF-8" to [ShelterRequest[name=Happy Paws Updated, email=updated@happypaws.org, phone=+56988888888, description (truncated)...]
2026-05-20T15:50:00.411-04:00  INFO 16968 --- [shelter-service] [http-nio-8095-exec-5] c.a.s.service.ShelterService             : Actualizando refugio: ID=1
2026-05-20T15:50:00.411-04:00 DEBUG 16968 --- [shelter-service] [http-nio-8095-exec-5] org.hibernate.SQL                        : 
    select
        s1_0.id,
        s1_0.active,
        s1_0.created_at,
        s1_0.description,
        s1_0.email,
        s1_0.name,
        s1_0.phone,
        s1_0.status,
        s1_0.updated_at 
    from
        shelters s1_0 
    where
        s1_0.id=?
2026-05-20T15:50:00.411-04:00 DEBUG 16968 --- [shelter-service] [pool-2-thread-3] c.a.s.client.UserServiceClient           : [UserServiceClient#getUserById] ---> GET http://localhost:8081/user-app/users/by-id/1 HTTP/1.1
2026-05-20T15:50:00.540-04:00 DEBUG 16968 --- [shelter-service] [pool-2-thread-3] c.a.s.client.UserServiceClient           : [UserServiceClient#getUserById] <--- HTTP/1.1 404 (119ms)
2026-05-20T15:50:00.540-04:00  WARN 16968 --- [shelter-service] [http-nio-8095-exec-5] c.a.s.client.UserServiceClientFallback   : User-service no disponible para userId 1
2026-05-20T15:50:00.540-04:00  WARN 16968 --- [shelter-service] [http-nio-8095-exec-5] c.a.s.service.ShelterService             : Usuario no encontrado: ID=1
2026-05-20T15:50:00.542-04:00 DEBUG 16968 --- [shelter-service] [http-nio-8095-exec-5] .m.m.a.ExceptionHandlerExceptionResolver : Using @ExceptionHandler com.adoptapp.shelterservice.exception.GlobalExceptionHandler#handleIllegalArgument(IllegalArgumentException, HttpServletRequest)
2026-05-20T15:50:00.545-04:00 DEBUG 16968 --- [shelter-service] [http-nio-8095-exec-5] o.s.w.s.m.m.a.HttpEntityMethodProcessor  : Using 'application/json', given [*/*] and supported [application/json, application/*+json]
2026-05-20T15:50:00.545-04:00 DEBUG 16968 --- [shelter-service] [http-nio-8095-exec-5] o.s.w.s.m.m.a.HttpEntityMethodProcessor  : Writing [ErrorResponse[timestamp=2026-05-20T15:50:00.542800600, status=400, error=Bad Request, message=El usu (truncated)...]
2026-05-20T15:50:00.545-04:00 DEBUG 16968 --- [shelter-service] [http-nio-8095-exec-5] .m.m.a.ExceptionHandlerExceptionResolver : Resolved [java.lang.IllegalArgumentException: El usuario con ID 1 no existe]
2026-05-20T15:50:00.545-04:00 DEBUG 16968 --- [shelter-service] [http-nio-8095-exec-5] o.s.web.servlet.DispatcherServlet        : Completed 400 BAD_REQUEST
2026-05-20T15:50:00.624-04:00 DEBUG 16968 --- [shelter-service] [pool-2-thread-3] c.a.s.client.UserServiceClient           : [UserServiceClient#getUserAuthByEmail] ---> GET http://localhost:8081/user-app/users/by-email/admin%40adoptapp.com/auth HTTP/1.1
2026-05-20T15:50:00.758-04:00 DEBUG 16968 --- [shelter-service] [pool-2-thread-3] c.a.s.client.UserServiceClient           : [UserServiceClient#getUserAuthByEmail] <--- HTTP/1.1 200 (131ms)
2026-05-20T15:50:00.758-04:00 DEBUG 16968 --- [shelter-service] [pool-2-thread-3] o.s.w.c.HttpMessageConverterExtractor    : Reading to [com.adoptapp.sharedkernel.dto.UserAuthResponse]
2026-05-20T15:50:00.874-04:00 DEBUG 16968 --- [shelter-service] [http-nio-8095-exec-7] o.s.web.servlet.DispatcherServlet        : DELETE "/shelter-app/shelters/by-id/1?userId=1", parameters={masked}
2026-05-20T15:50:00.874-04:00 DEBUG 16968 --- [shelter-service] [http-nio-8095-exec-7] s.w.s.m.m.a.RequestMappingHandlerMapping : Mapped to com.adoptapp.shelterservice.controller.ShelterController#deleteShelterById(Long, Long)
2026-05-20T15:50:00.874-04:00  INFO 16968 --- [shelter-service] [http-nio-8095-exec-7] c.a.s.service.ShelterService             : Eliminando refugio: ID=1
2026-05-20T15:50:00.874-04:00 DEBUG 16968 --- [shelter-service] [http-nio-8095-exec-7] org.hibernate.SQL                        : 
    select
        s1_0.id,
        s1_0.active,
        s1_0.created_at,
        s1_0.description,
        s1_0.email,
        s1_0.name,
        s1_0.phone,
        s1_0.status,
        s1_0.updated_at 
    from
        shelters s1_0 
    where
        s1_0.id=?
2026-05-20T15:50:00.891-04:00 DEBUG 16968 --- [shelter-service] [pool-2-thread-3] c.a.s.client.UserServiceClient           : [UserServiceClient#getUserById] ---> GET http://localhost:8081/user-app/users/by-id/1 HTTP/1.1
2026-05-20T15:50:01.008-04:00 DEBUG 16968 --- [shelter-service] [pool-2-thread-3] c.a.s.client.UserServiceClient           : [UserServiceClient#getUserById] <--- HTTP/1.1 404 (117ms)
2026-05-20T15:50:01.008-04:00  WARN 16968 --- [shelter-service] [http-nio-8095-exec-7] c.a.s.client.UserServiceClientFallback   : User-service no disponible para userId 1
2026-05-20T15:50:01.041-04:00 DEBUG 16968 --- [shelter-service] [http-nio-8095-exec-7] org.hibernate.SQL                        : 
    insert 
    into
        shelter_history
        (action, changed_at, changed_by_user_id, comment, new_active, new_description, new_email, new_name, new_phone, new_status, previous_active, previous_description, previous_email, previous_name, previous_phone, previous_status, shelter_id) 
    values
        (?, ?, ?, ?, ?, ?, ?, ?, ?, ?, ?, ?, ?, ?, ?, ?, ?)
2026-05-20T15:50:01.058-04:00  INFO 16968 --- [shelter-service] [http-nio-8095-exec-7] c.a.s.service.ShelterService             : Refugio eliminado exitosamente: ID=1
2026-05-20T15:50:01.071-04:00 DEBUG 16968 --- [shelter-service] [http-nio-8095-exec-7] org.hibernate.SQL                        : 
    update
        shelters 
    set
        active=?,
        description=?,
        email=?,
        name=?,
        phone=?,
        status=?,
        updated_at=? 
    where
        id=?
2026-05-20T15:50:01.071-04:00 DEBUG 16968 --- [shelter-service] [http-nio-8095-exec-7] o.s.w.s.m.m.a.HttpEntityMethodProcessor  : Using 'application/json', given [*/*] and supported [application/json, application/*+json]
2026-05-20T15:50:01.071-04:00 DEBUG 16968 --- [shelter-service] [http-nio-8095-exec-7] o.s.w.s.m.m.a.HttpEntityMethodProcessor  : Nothing to write: null body
2026-05-20T15:50:01.071-04:00 DEBUG 16968 --- [shelter-service] [http-nio-8095-exec-7] o.s.web.servlet.DispatcherServlet        : Completed 204 NO_CONTENT
2026-05-20T15:50:22.633-04:00  INFO 16968 --- [shelter-service] [SpringApplicationShutdownHook] o.s.b.w.e.tomcat.GracefulShutdown        : Commencing graceful shutdown. Waiting for active requests to complete
2026-05-20T15:50:22.645-04:00  INFO 16968 --- [shelter-service] [tomcat-shutdown] o.s.b.w.e.tomcat.GracefulShutdown        : Graceful shutdown complete
2026-05-20T15:50:22.654-04:00  INFO 16968 --- [shelter-service] [SpringApplicationShutdownHook] j.LocalContainerEntityManagerFactoryBean : Closing JPA EntityManagerFactory for persistence unit 'default'
2026-05-20T15:50:22.658-04:00  INFO 16968 --- [shelter-service] [SpringApplicationShutdownHook] com.zaxxer.hikari.HikariDataSource       : HikariPool-1 - Shutdown initiated...
2026-05-20T15:50:22.663-04:00  INFO 16968 --- [shelter-service] [SpringApplicationShutdownHook] com.zaxxer.hikari.HikariDataSource       : HikariPool-1 - Shutdown completed.
2026-05-20T16:15:03.959-04:00  INFO 8704 --- [shelter-service] [main] c.a.s.ShelterServiceApplication          : Starting ShelterServiceApplication using Java 26 with PID 8704 (C:\Users\camil\Documents\fullstack1\adoptapp\shelter-service\target\classes started by camil in C:\Users\camil\Documents\fullstack1\adoptapp)
2026-05-20T16:15:03.962-04:00 DEBUG 8704 --- [shelter-service] [main] c.a.s.ShelterServiceApplication          : Running with Spring Boot v3.4.5, Spring v6.2.6
2026-05-20T16:15:03.963-04:00  INFO 8704 --- [shelter-service] [main] c.a.s.ShelterServiceApplication          : No active profile set, falling back to 1 default profile: "default"
2026-05-20T16:15:05.322-04:00  INFO 8704 --- [shelter-service] [main] .s.d.r.c.RepositoryConfigurationDelegate : Bootstrapping Spring Data JPA repositories in DEFAULT mode.
2026-05-20T16:15:05.433-04:00  INFO 8704 --- [shelter-service] [main] .s.d.r.c.RepositoryConfigurationDelegate : Finished Spring Data repository scanning in 94 ms. Found 2 JPA repository interfaces.
2026-05-20T16:15:05.945-04:00  INFO 8704 --- [shelter-service] [main] o.s.cloud.context.scope.GenericScope     : BeanFactory id=090de83e-2feb-39c5-98a1-1aeeb5bb0336
2026-05-20T16:15:07.131-04:00  INFO 8704 --- [shelter-service] [main] o.s.b.w.embedded.tomcat.TomcatWebServer  : Tomcat initialized with port 8095 (http)
2026-05-20T16:15:07.155-04:00  INFO 8704 --- [shelter-service] [main] o.apache.catalina.core.StandardService   : Starting service [Tomcat]
2026-05-20T16:15:07.156-04:00  INFO 8704 --- [shelter-service] [main] o.apache.catalina.core.StandardEngine    : Starting Servlet engine: [Apache Tomcat/10.1.40]
2026-05-20T16:15:07.269-04:00  INFO 8704 --- [shelter-service] [main] o.a.c.c.C.[.[localhost].[/shelter-app]   : Initializing Spring embedded WebApplicationContext
2026-05-20T16:15:07.270-04:00  INFO 8704 --- [shelter-service] [main] w.s.c.ServletWebServerApplicationContext : Root WebApplicationContext: initialization completed in 3251 ms
2026-05-20T16:15:07.850-04:00  INFO 8704 --- [shelter-service] [main] com.zaxxer.hikari.HikariDataSource       : HikariPool-1 - Starting...
2026-05-20T16:15:08.147-04:00  INFO 8704 --- [shelter-service] [main] com.zaxxer.hikari.pool.HikariPool        : HikariPool-1 - Added connection org.postgresql.jdbc.PgConnection@606b53a3
2026-05-20T16:15:08.147-04:00  INFO 8704 --- [shelter-service] [main] com.zaxxer.hikari.HikariDataSource       : HikariPool-1 - Start completed.
2026-05-20T16:15:08.202-04:00  INFO 8704 --- [shelter-service] [main] org.flywaydb.core.FlywayExecutor         : Database: jdbc:postgresql://localhost:5432/shelter_db (PostgreSQL 18.3)
2026-05-20T16:15:08.217-04:00  WARN 8704 --- [shelter-service] [main] o.f.c.internal.database.base.Database    : Flyway upgrade recommended: PostgreSQL 18.3 is newer than this version of Flyway and support has not been tested. The latest supported version of PostgreSQL is 17.
2026-05-20T16:15:08.295-04:00  INFO 8704 --- [shelter-service] [main] o.f.core.internal.command.DbValidate     : Successfully validated 2 migrations (execution time 00:00.054s)
2026-05-20T16:15:08.585-04:00  INFO 8704 --- [shelter-service] [main] o.f.core.internal.command.DbMigrate      : Current version of schema "public": 2
2026-05-20T16:15:08.594-04:00  INFO 8704 --- [shelter-service] [main] o.f.core.internal.command.DbMigrate      : Schema "public" is up to date. No migration necessary.
2026-05-20T16:15:08.793-04:00  INFO 8704 --- [shelter-service] [main] o.hibernate.jpa.internal.util.LogHelper  : HHH000204: Processing PersistenceUnitInfo [name: default]
2026-05-20T16:15:08.889-04:00  INFO 8704 --- [shelter-service] [main] org.hibernate.Version                    : HHH000412: Hibernate ORM core version 6.6.13.Final
2026-05-20T16:15:08.951-04:00  INFO 8704 --- [shelter-service] [main] o.h.c.internal.RegionFactoryInitiator    : HHH000026: Second-level cache disabled
2026-05-20T16:15:09.451-04:00  INFO 8704 --- [shelter-service] [main] o.s.o.j.p.SpringPersistenceUnitInfo      : No LoadTimeWeaver setup: ignoring JPA class transformer
2026-05-20T16:15:09.604-04:00  WARN 8704 --- [shelter-service] [main] org.hibernate.orm.deprecation            : HHH90000025: PostgreSQLDialect does not need to be specified explicitly using 'hibernate.dialect' (remove the property setting and it will be selected by default)
2026-05-20T16:15:09.632-04:00  INFO 8704 --- [shelter-service] [main] org.hibernate.orm.connections.pooling    : HHH10001005: Database info:
	Database JDBC URL [Connecting through datasource 'HikariDataSource (HikariPool-1)']
	Database driver: undefined/unknown
	Database version: 18.3
	Autocommit mode: undefined/unknown
	Isolation level: undefined/unknown
	Minimum pool size: undefined/unknown
	Maximum pool size: undefined/unknown
2026-05-20T16:15:11.264-04:00  INFO 8704 --- [shelter-service] [main] o.h.e.t.j.p.i.JtaPlatformInitiator       : HHH000489: No JTA platform available (set 'hibernate.transaction.jta.platform' to enable JTA platform integration)
2026-05-20T16:15:11.365-04:00  INFO 8704 --- [shelter-service] [main] j.LocalContainerEntityManagerFactoryBean : Initialized JPA EntityManagerFactory for persistence unit 'default'
2026-05-20T16:15:11.685-04:00  WARN 8704 --- [shelter-service] [main] JpaBaseConfiguration$JpaWebConfiguration : spring.jpa.open-in-view is enabled by default. Therefore, database queries may be performed during view rendering. Explicitly configure spring.jpa.open-in-view to disable this warning
2026-05-20T16:15:13.094-04:00  INFO 8704 --- [shelter-service] [main] r$InitializeUserDetailsManagerConfigurer : Global AuthenticationManager configured with UserDetailsService bean with name customUserDetailsService
2026-05-20T16:15:13.380-04:00 DEBUG 8704 --- [shelter-service] [main] s.w.s.m.m.a.RequestMappingHandlerMapping : 8 mappings in 'requestMappingHandlerMapping'
2026-05-20T16:15:13.711-04:00 DEBUG 8704 --- [shelter-service] [main] o.s.w.s.handler.SimpleUrlHandlerMapping  : Patterns [/webjars/**, /**] in 'resourceHandlerMapping'
2026-05-20T16:15:14.369-04:00 DEBUG 8704 --- [shelter-service] [main] s.w.s.m.m.a.RequestMappingHandlerAdapter : ControllerAdvice beans: 0 @ModelAttribute, 0 @InitBinder, 1 RequestBodyAdvice, 1 ResponseBodyAdvice
2026-05-20T16:15:14.520-04:00 DEBUG 8704 --- [shelter-service] [main] .m.m.a.ExceptionHandlerExceptionResolver : ControllerAdvice beans: 1 @ExceptionHandler, 1 ResponseBodyAdvice
2026-05-20T16:15:16.251-04:00  INFO 8704 --- [shelter-service] [main] o.s.cloud.commons.util.InetUtils         : Cannot determine local hostname
2026-05-20T16:15:16.422-04:00  INFO 8704 --- [shelter-service] [main] o.s.b.w.embedded.tomcat.TomcatWebServer  : Tomcat started on port 8095 (http) with context path '/shelter-app'
2026-05-20T16:15:17.445-04:00  INFO 8704 --- [shelter-service] [main] o.s.cloud.commons.util.InetUtils         : Cannot determine local hostname
2026-05-20T16:15:17.459-04:00  INFO 8704 --- [shelter-service] [main] c.a.s.ShelterServiceApplication          : Started ShelterServiceApplication in 15.109 seconds (process running for 16.122)
2026-05-20T16:20:05.867-04:00  INFO 8704 --- [shelter-service] [http-nio-8095-exec-1] o.a.c.c.C.[.[localhost].[/shelter-app]   : Initializing Spring DispatcherServlet 'dispatcherServlet'
2026-05-20T16:20:05.867-04:00  INFO 8704 --- [shelter-service] [http-nio-8095-exec-1] o.s.web.servlet.DispatcherServlet        : Initializing Servlet 'dispatcherServlet'
2026-05-20T16:20:05.867-04:00 DEBUG 8704 --- [shelter-service] [http-nio-8095-exec-1] o.s.web.servlet.DispatcherServlet        : Detected StandardServletMultipartResolver
2026-05-20T16:20:05.867-04:00 DEBUG 8704 --- [shelter-service] [http-nio-8095-exec-1] o.s.web.servlet.DispatcherServlet        : Detected AcceptHeaderLocaleResolver
2026-05-20T16:20:05.867-04:00 DEBUG 8704 --- [shelter-service] [http-nio-8095-exec-1] o.s.web.servlet.DispatcherServlet        : Detected FixedThemeResolver
2026-05-20T16:20:05.888-04:00 DEBUG 8704 --- [shelter-service] [http-nio-8095-exec-1] o.s.web.servlet.DispatcherServlet        : Detected org.springframework.web.servlet.view.DefaultRequestToViewNameTranslator@22c5652b
2026-05-20T16:20:05.888-04:00 DEBUG 8704 --- [shelter-service] [http-nio-8095-exec-1] o.s.web.servlet.DispatcherServlet        : Detected org.springframework.web.servlet.support.SessionFlashMapManager@1c0455c4
2026-05-20T16:20:05.888-04:00 DEBUG 8704 --- [shelter-service] [http-nio-8095-exec-1] o.s.web.servlet.DispatcherServlet        : enableLoggingRequestDetails='false': request parameters and headers will be masked to prevent unsafe logging of potentially sensitive data
2026-05-20T16:20:05.888-04:00  INFO 8704 --- [shelter-service] [http-nio-8095-exec-1] o.s.web.servlet.DispatcherServlet        : Completed initialization in 21 ms
2026-05-20T16:20:06.065-04:00 DEBUG 8704 --- [shelter-service] [pool-2-thread-1] c.a.s.client.UserServiceClient           : [UserServiceClient#getUserAuthByEmail] ---> GET http://localhost:8081/user-app/users/by-email/%7B%7BauthUsername%7D%7D/auth HTTP/1.1
2026-05-20T16:20:06.212-04:00 DEBUG 8704 --- [shelter-service] [pool-2-thread-1] c.a.s.client.UserServiceClient           : [UserServiceClient#getUserAuthByEmail] <--- HTTP/1.1 401 (145ms)
2026-05-20T16:20:06.212-04:00  WARN 8704 --- [shelter-service] [http-nio-8095-exec-1] c.a.s.client.UserServiceClientFallback   : User-service no disponible para email {{authUsername}}
2026-05-20T16:20:06.228-04:00  WARN 8704 --- [shelter-service] [http-nio-8095-exec-1] c.a.s.config.CustomUserDetailsService    : Usuario no encontrado: {{authUsername}}
2026-05-20T16:20:06.432-04:00 DEBUG 8704 --- [shelter-service] [pool-2-thread-1] c.a.s.client.UserServiceClient           : [UserServiceClient#getUserAuthByEmail] ---> GET http://localhost:8081/user-app/users/by-email/%7B%7BauthUsername%7D%7D/auth HTTP/1.1
2026-05-20T16:20:06.552-04:00 DEBUG 8704 --- [shelter-service] [pool-2-thread-1] c.a.s.client.UserServiceClient           : [UserServiceClient#getUserAuthByEmail] <--- HTTP/1.1 401 (121ms)
2026-05-20T16:20:06.552-04:00  WARN 8704 --- [shelter-service] [http-nio-8095-exec-3] c.a.s.client.UserServiceClientFallback   : User-service no disponible para email {{authUsername}}
2026-05-20T16:20:06.552-04:00  WARN 8704 --- [shelter-service] [http-nio-8095-exec-3] c.a.s.config.CustomUserDetailsService    : Usuario no encontrado: {{authUsername}}
2026-05-20T16:20:06.802-04:00 DEBUG 8704 --- [shelter-service] [pool-2-thread-1] c.a.s.client.UserServiceClient           : [UserServiceClient#getUserAuthByEmail] ---> GET http://localhost:8081/user-app/users/by-email/%7B%7BauthUsername%7D%7D/auth HTTP/1.1
2026-05-20T16:20:06.926-04:00 DEBUG 8704 --- [shelter-service] [pool-2-thread-1] c.a.s.client.UserServiceClient           : [UserServiceClient#getUserAuthByEmail] <--- HTTP/1.1 401 (120ms)
2026-05-20T16:20:06.926-04:00  WARN 8704 --- [shelter-service] [http-nio-8095-exec-5] c.a.s.client.UserServiceClientFallback   : User-service no disponible para email {{authUsername}}
2026-05-20T16:20:06.926-04:00  WARN 8704 --- [shelter-service] [http-nio-8095-exec-5] c.a.s.config.CustomUserDetailsService    : Usuario no encontrado: {{authUsername}}
2026-05-20T16:20:07.103-04:00 DEBUG 8704 --- [shelter-service] [pool-2-thread-1] c.a.s.client.UserServiceClient           : [UserServiceClient#getUserAuthByEmail] ---> GET http://localhost:8081/user-app/users/by-email/%7B%7BauthUsername%7D%7D/auth HTTP/1.1
2026-05-20T16:20:07.221-04:00 DEBUG 8704 --- [shelter-service] [pool-2-thread-1] c.a.s.client.UserServiceClient           : [UserServiceClient#getUserAuthByEmail] <--- HTTP/1.1 401 (121ms)
2026-05-20T16:20:07.221-04:00  WARN 8704 --- [shelter-service] [http-nio-8095-exec-6] c.a.s.client.UserServiceClientFallback   : User-service no disponible para email {{authUsername}}
2026-05-20T16:20:07.221-04:00  WARN 8704 --- [shelter-service] [http-nio-8095-exec-6] c.a.s.config.CustomUserDetailsService    : Usuario no encontrado: {{authUsername}}
2026-05-20T16:20:07.406-04:00 DEBUG 8704 --- [shelter-service] [pool-2-thread-1] c.a.s.client.UserServiceClient           : [UserServiceClient#getUserAuthByEmail] ---> GET http://localhost:8081/user-app/users/by-email/%7B%7BauthUsername%7D%7D/auth HTTP/1.1
2026-05-20T16:20:07.515-04:00 DEBUG 8704 --- [shelter-service] [pool-2-thread-1] c.a.s.client.UserServiceClient           : [UserServiceClient#getUserAuthByEmail] <--- HTTP/1.1 401 (119ms)
2026-05-20T16:20:07.515-04:00  WARN 8704 --- [shelter-service] [http-nio-8095-exec-7] c.a.s.client.UserServiceClientFallback   : User-service no disponible para email {{authUsername}}
2026-05-20T16:20:07.529-04:00  WARN 8704 --- [shelter-service] [http-nio-8095-exec-7] c.a.s.config.CustomUserDetailsService    : Usuario no encontrado: {{authUsername}}
2026-05-20T16:21:47.156-04:00  INFO 8704 --- [shelter-service] [SpringApplicationShutdownHook] o.s.b.w.e.tomcat.GracefulShutdown        : Commencing graceful shutdown. Waiting for active requests to complete
2026-05-20T16:21:47.189-04:00  INFO 8704 --- [shelter-service] [tomcat-shutdown] o.s.b.w.e.tomcat.GracefulShutdown        : Graceful shutdown complete
2026-05-20T16:21:47.207-04:00  INFO 8704 --- [shelter-service] [SpringApplicationShutdownHook] j.LocalContainerEntityManagerFactoryBean : Closing JPA EntityManagerFactory for persistence unit 'default'
2026-05-20T16:21:47.220-04:00  INFO 8704 --- [shelter-service] [SpringApplicationShutdownHook] com.zaxxer.hikari.HikariDataSource       : HikariPool-1 - Shutdown initiated...
2026-05-20T16:21:47.228-04:00  INFO 8704 --- [shelter-service] [SpringApplicationShutdownHook] com.zaxxer.hikari.HikariDataSource       : HikariPool-1 - Shutdown completed.
2026-05-20T16:22:30.274-04:00  INFO 5472 --- [shelter-service] [main] c.a.s.ShelterServiceApplication          : Starting ShelterServiceApplication using Java 26 with PID 5472 (C:\Users\camil\Documents\fullstack1\adoptapp\shelter-service\target\classes started by camil in C:\Users\camil\Documents\fullstack1\adoptapp)
2026-05-20T16:22:30.281-04:00 DEBUG 5472 --- [shelter-service] [main] c.a.s.ShelterServiceApplication          : Running with Spring Boot v3.4.5, Spring v6.2.6
2026-05-20T16:22:30.282-04:00  INFO 5472 --- [shelter-service] [main] c.a.s.ShelterServiceApplication          : No active profile set, falling back to 1 default profile: "default"
2026-05-20T16:22:31.564-04:00  INFO 5472 --- [shelter-service] [main] .s.d.r.c.RepositoryConfigurationDelegate : Bootstrapping Spring Data JPA repositories in DEFAULT mode.
2026-05-20T16:22:31.666-04:00  INFO 5472 --- [shelter-service] [main] .s.d.r.c.RepositoryConfigurationDelegate : Finished Spring Data repository scanning in 87 ms. Found 2 JPA repository interfaces.
2026-05-20T16:22:32.060-04:00  INFO 5472 --- [shelter-service] [main] o.s.cloud.context.scope.GenericScope     : BeanFactory id=090de83e-2feb-39c5-98a1-1aeeb5bb0336
2026-05-20T16:22:33.140-04:00  INFO 5472 --- [shelter-service] [main] o.s.b.w.embedded.tomcat.TomcatWebServer  : Tomcat initialized with port 8095 (http)
2026-05-20T16:22:33.161-04:00  INFO 5472 --- [shelter-service] [main] o.apache.catalina.core.StandardService   : Starting service [Tomcat]
2026-05-20T16:22:33.162-04:00  INFO 5472 --- [shelter-service] [main] o.apache.catalina.core.StandardEngine    : Starting Servlet engine: [Apache Tomcat/10.1.40]
2026-05-20T16:22:33.273-04:00  INFO 5472 --- [shelter-service] [main] o.a.c.c.C.[.[localhost].[/shelter-app]   : Initializing Spring embedded WebApplicationContext
2026-05-20T16:22:33.273-04:00  INFO 5472 --- [shelter-service] [main] w.s.c.ServletWebServerApplicationContext : Root WebApplicationContext: initialization completed in 2926 ms
2026-05-20T16:22:33.813-04:00  INFO 5472 --- [shelter-service] [main] com.zaxxer.hikari.HikariDataSource       : HikariPool-1 - Starting...
2026-05-20T16:22:34.065-04:00  INFO 5472 --- [shelter-service] [main] com.zaxxer.hikari.pool.HikariPool        : HikariPool-1 - Added connection org.postgresql.jdbc.PgConnection@12448de1
2026-05-20T16:22:34.068-04:00  INFO 5472 --- [shelter-service] [main] com.zaxxer.hikari.HikariDataSource       : HikariPool-1 - Start completed.
2026-05-20T16:22:34.110-04:00  INFO 5472 --- [shelter-service] [main] org.flywaydb.core.FlywayExecutor         : Database: jdbc:postgresql://localhost:5432/shelter_db (PostgreSQL 18.3)
2026-05-20T16:22:34.122-04:00  WARN 5472 --- [shelter-service] [main] o.f.c.internal.database.base.Database    : Flyway upgrade recommended: PostgreSQL 18.3 is newer than this version of Flyway and support has not been tested. The latest supported version of PostgreSQL is 17.
2026-05-20T16:22:34.175-04:00  INFO 5472 --- [shelter-service] [main] o.f.core.internal.command.DbValidate     : Successfully validated 2 migrations (execution time 00:00.035s)
2026-05-20T16:22:34.296-04:00  INFO 5472 --- [shelter-service] [main] o.f.core.internal.command.DbMigrate      : Current version of schema "public": 2
2026-05-20T16:22:34.302-04:00  INFO 5472 --- [shelter-service] [main] o.f.core.internal.command.DbMigrate      : Schema "public" is up to date. No migration necessary.
2026-05-20T16:22:34.489-04:00  INFO 5472 --- [shelter-service] [main] o.hibernate.jpa.internal.util.LogHelper  : HHH000204: Processing PersistenceUnitInfo [name: default]
2026-05-20T16:22:34.575-04:00  INFO 5472 --- [shelter-service] [main] org.hibernate.Version                    : HHH000412: Hibernate ORM core version 6.6.13.Final
2026-05-20T16:22:34.636-04:00  INFO 5472 --- [shelter-service] [main] o.h.c.internal.RegionFactoryInitiator    : HHH000026: Second-level cache disabled
2026-05-20T16:22:35.017-04:00  INFO 5472 --- [shelter-service] [main] o.s.o.j.p.SpringPersistenceUnitInfo      : No LoadTimeWeaver setup: ignoring JPA class transformer
2026-05-20T16:22:35.091-04:00  WARN 5472 --- [shelter-service] [main] org.hibernate.orm.deprecation            : HHH90000025: PostgreSQLDialect does not need to be specified explicitly using 'hibernate.dialect' (remove the property setting and it will be selected by default)
2026-05-20T16:22:35.110-04:00  INFO 5472 --- [shelter-service] [main] org.hibernate.orm.connections.pooling    : HHH10001005: Database info:
	Database JDBC URL [Connecting through datasource 'HikariDataSource (HikariPool-1)']
	Database driver: undefined/unknown
	Database version: 18.3
	Autocommit mode: undefined/unknown
	Isolation level: undefined/unknown
	Minimum pool size: undefined/unknown
	Maximum pool size: undefined/unknown
2026-05-20T16:22:36.509-04:00  INFO 5472 --- [shelter-service] [main] o.h.e.t.j.p.i.JtaPlatformInitiator       : HHH000489: No JTA platform available (set 'hibernate.transaction.jta.platform' to enable JTA platform integration)
2026-05-20T16:22:36.556-04:00  INFO 5472 --- [shelter-service] [main] j.LocalContainerEntityManagerFactoryBean : Initialized JPA EntityManagerFactory for persistence unit 'default'
2026-05-20T16:22:36.761-04:00  WARN 5472 --- [shelter-service] [main] JpaBaseConfiguration$JpaWebConfiguration : spring.jpa.open-in-view is enabled by default. Therefore, database queries may be performed during view rendering. Explicitly configure spring.jpa.open-in-view to disable this warning
2026-05-20T16:22:37.818-04:00  INFO 5472 --- [shelter-service] [main] r$InitializeUserDetailsManagerConfigurer : Global AuthenticationManager configured with UserDetailsService bean with name customUserDetailsService
2026-05-20T16:22:38.069-04:00 DEBUG 5472 --- [shelter-service] [main] s.w.s.m.m.a.RequestMappingHandlerMapping : 8 mappings in 'requestMappingHandlerMapping'
2026-05-20T16:22:38.327-04:00 DEBUG 5472 --- [shelter-service] [main] o.s.w.s.handler.SimpleUrlHandlerMapping  : Patterns [/webjars/**, /**] in 'resourceHandlerMapping'
2026-05-20T16:22:38.800-04:00 DEBUG 5472 --- [shelter-service] [main] s.w.s.m.m.a.RequestMappingHandlerAdapter : ControllerAdvice beans: 0 @ModelAttribute, 0 @InitBinder, 1 RequestBodyAdvice, 1 ResponseBodyAdvice
2026-05-20T16:22:38.901-04:00 DEBUG 5472 --- [shelter-service] [main] .m.m.a.ExceptionHandlerExceptionResolver : ControllerAdvice beans: 1 @ExceptionHandler, 1 ResponseBodyAdvice
2026-05-20T16:22:40.493-04:00  INFO 5472 --- [shelter-service] [main] o.s.cloud.commons.util.InetUtils         : Cannot determine local hostname
2026-05-20T16:22:40.628-04:00  INFO 5472 --- [shelter-service] [main] o.s.b.w.embedded.tomcat.TomcatWebServer  : Tomcat started on port 8095 (http) with context path '/shelter-app'
2026-05-20T16:22:41.646-04:00  INFO 5472 --- [shelter-service] [main] o.s.cloud.commons.util.InetUtils         : Cannot determine local hostname
2026-05-20T16:22:41.656-04:00  INFO 5472 --- [shelter-service] [main] c.a.s.ShelterServiceApplication          : Started ShelterServiceApplication in 13.118 seconds (process running for 14.365)
2026-05-20T16:23:36.412-04:00  INFO 5472 --- [shelter-service] [http-nio-8095-exec-1] o.a.c.c.C.[.[localhost].[/shelter-app]   : Initializing Spring DispatcherServlet 'dispatcherServlet'
2026-05-20T16:23:36.413-04:00  INFO 5472 --- [shelter-service] [http-nio-8095-exec-1] o.s.web.servlet.DispatcherServlet        : Initializing Servlet 'dispatcherServlet'
2026-05-20T16:23:36.413-04:00 DEBUG 5472 --- [shelter-service] [http-nio-8095-exec-1] o.s.web.servlet.DispatcherServlet        : Detected StandardServletMultipartResolver
2026-05-20T16:23:36.413-04:00 DEBUG 5472 --- [shelter-service] [http-nio-8095-exec-1] o.s.web.servlet.DispatcherServlet        : Detected AcceptHeaderLocaleResolver
2026-05-20T16:23:36.413-04:00 DEBUG 5472 --- [shelter-service] [http-nio-8095-exec-1] o.s.web.servlet.DispatcherServlet        : Detected FixedThemeResolver
2026-05-20T16:23:36.414-04:00 DEBUG 5472 --- [shelter-service] [http-nio-8095-exec-1] o.s.web.servlet.DispatcherServlet        : Detected org.springframework.web.servlet.view.DefaultRequestToViewNameTranslator@33e69162
2026-05-20T16:23:36.414-04:00 DEBUG 5472 --- [shelter-service] [http-nio-8095-exec-1] o.s.web.servlet.DispatcherServlet        : Detected org.springframework.web.servlet.support.SessionFlashMapManager@858bf8c
2026-05-20T16:23:36.414-04:00 DEBUG 5472 --- [shelter-service] [http-nio-8095-exec-1] o.s.web.servlet.DispatcherServlet        : enableLoggingRequestDetails='false': request parameters and headers will be masked to prevent unsafe logging of potentially sensitive data
2026-05-20T16:23:36.414-04:00  INFO 5472 --- [shelter-service] [http-nio-8095-exec-1] o.s.web.servlet.DispatcherServlet        : Completed initialization in 1 ms
2026-05-20T16:23:36.564-04:00 DEBUG 5472 --- [shelter-service] [pool-2-thread-1] c.a.s.client.UserServiceClient           : [UserServiceClient#getUserAuthByEmail] ---> GET http://localhost:8081/user-app/users/by-email/%7B%7BauthUsername%7D%7D/auth HTTP/1.1
2026-05-20T16:23:36.706-04:00 DEBUG 5472 --- [shelter-service] [pool-2-thread-1] c.a.s.client.UserServiceClient           : [UserServiceClient#getUserAuthByEmail] <--- HTTP/1.1 401 (139ms)
2026-05-20T16:23:36.719-04:00  WARN 5472 --- [shelter-service] [http-nio-8095-exec-1] c.a.s.client.UserServiceClientFallback   : User-service no disponible para email {{authUsername}}
2026-05-20T16:23:36.725-04:00  WARN 5472 --- [shelter-service] [http-nio-8095-exec-1] c.a.s.config.CustomUserDetailsService    : Usuario no encontrado: {{authUsername}}
2026-05-20T16:23:36.939-04:00 DEBUG 5472 --- [shelter-service] [pool-2-thread-1] c.a.s.client.UserServiceClient           : [UserServiceClient#getUserAuthByEmail] ---> GET http://localhost:8081/user-app/users/by-email/%7B%7BauthUsername%7D%7D/auth HTTP/1.1
2026-05-20T16:23:37.049-04:00 DEBUG 5472 --- [shelter-service] [pool-2-thread-1] c.a.s.client.UserServiceClient           : [UserServiceClient#getUserAuthByEmail] <--- HTTP/1.1 401 (113ms)
2026-05-20T16:23:37.049-04:00  WARN 5472 --- [shelter-service] [http-nio-8095-exec-3] c.a.s.client.UserServiceClientFallback   : User-service no disponible para email {{authUsername}}
2026-05-20T16:23:37.049-04:00  WARN 5472 --- [shelter-service] [http-nio-8095-exec-3] c.a.s.config.CustomUserDetailsService    : Usuario no encontrado: {{authUsername}}
2026-05-20T16:23:37.266-04:00 DEBUG 5472 --- [shelter-service] [pool-2-thread-1] c.a.s.client.UserServiceClient           : [UserServiceClient#getUserAuthByEmail] ---> GET http://localhost:8081/user-app/users/by-email/%7B%7BauthUsername%7D%7D/auth HTTP/1.1
2026-05-20T16:23:37.382-04:00 DEBUG 5472 --- [shelter-service] [pool-2-thread-1] c.a.s.client.UserServiceClient           : [UserServiceClient#getUserAuthByEmail] <--- HTTP/1.1 401 (122ms)
2026-05-20T16:23:37.382-04:00  WARN 5472 --- [shelter-service] [http-nio-8095-exec-5] c.a.s.client.UserServiceClientFallback   : User-service no disponible para email {{authUsername}}
2026-05-20T16:23:37.382-04:00  WARN 5472 --- [shelter-service] [http-nio-8095-exec-5] c.a.s.config.CustomUserDetailsService    : Usuario no encontrado: {{authUsername}}
2026-05-20T16:23:37.565-04:00 DEBUG 5472 --- [shelter-service] [pool-2-thread-1] c.a.s.client.UserServiceClient           : [UserServiceClient#getUserAuthByEmail] ---> GET http://localhost:8081/user-app/users/by-email/%7B%7BauthUsername%7D%7D/auth HTTP/1.1
2026-05-20T16:23:37.681-04:00 DEBUG 5472 --- [shelter-service] [pool-2-thread-1] c.a.s.client.UserServiceClient           : [UserServiceClient#getUserAuthByEmail] <--- HTTP/1.1 401 (117ms)
2026-05-20T16:23:37.681-04:00  WARN 5472 --- [shelter-service] [http-nio-8095-exec-6] c.a.s.client.UserServiceClientFallback   : User-service no disponible para email {{authUsername}}
2026-05-20T16:23:37.681-04:00  WARN 5472 --- [shelter-service] [http-nio-8095-exec-6] c.a.s.config.CustomUserDetailsService    : Usuario no encontrado: {{authUsername}}
2026-05-20T16:23:37.849-04:00 DEBUG 5472 --- [shelter-service] [pool-2-thread-1] c.a.s.client.UserServiceClient           : [UserServiceClient#getUserAuthByEmail] ---> GET http://localhost:8081/user-app/users/by-email/%7B%7BauthUsername%7D%7D/auth HTTP/1.1
2026-05-20T16:23:37.967-04:00 DEBUG 5472 --- [shelter-service] [pool-2-thread-1] c.a.s.client.UserServiceClient           : [UserServiceClient#getUserAuthByEmail] <--- HTTP/1.1 401 (116ms)
2026-05-20T16:23:37.969-04:00  WARN 5472 --- [shelter-service] [http-nio-8095-exec-7] c.a.s.client.UserServiceClientFallback   : User-service no disponible para email {{authUsername}}
2026-05-20T16:23:37.969-04:00  WARN 5472 --- [shelter-service] [http-nio-8095-exec-7] c.a.s.config.CustomUserDetailsService    : Usuario no encontrado: {{authUsername}}
2026-05-20T16:25:35.254-04:00 DEBUG 5472 --- [shelter-service] [pool-2-thread-2] c.a.s.client.UserServiceClient           : [UserServiceClient#getUserAuthByEmail] ---> GET http://localhost:8081/user-app/users/by-email/%7B%7BauthUsername%7D%7D/auth HTTP/1.1
2026-05-20T16:25:35.370-04:00 DEBUG 5472 --- [shelter-service] [pool-2-thread-2] c.a.s.client.UserServiceClient           : [UserServiceClient#getUserAuthByEmail] <--- HTTP/1.1 401 (122ms)
2026-05-20T16:25:35.370-04:00  WARN 5472 --- [shelter-service] [http-nio-8095-exec-10] c.a.s.client.UserServiceClientFallback   : User-service no disponible para email {{authUsername}}
2026-05-20T16:25:35.370-04:00  WARN 5472 --- [shelter-service] [http-nio-8095-exec-10] c.a.s.config.CustomUserDetailsService    : Usuario no encontrado: {{authUsername}}
2026-05-20T16:25:35.571-04:00 DEBUG 5472 --- [shelter-service] [pool-2-thread-2] c.a.s.client.UserServiceClient           : [UserServiceClient#getUserAuthByEmail] ---> GET http://localhost:8081/user-app/users/by-email/%7B%7BauthUsername%7D%7D/auth HTTP/1.1
2026-05-20T16:25:35.688-04:00 DEBUG 5472 --- [shelter-service] [pool-2-thread-2] c.a.s.client.UserServiceClient           : [UserServiceClient#getUserAuthByEmail] <--- HTTP/1.1 401 (125ms)
2026-05-20T16:25:35.688-04:00  WARN 5472 --- [shelter-service] [http-nio-8095-exec-2] c.a.s.client.UserServiceClientFallback   : User-service no disponible para email {{authUsername}}
2026-05-20T16:25:35.688-04:00  WARN 5472 --- [shelter-service] [http-nio-8095-exec-2] c.a.s.config.CustomUserDetailsService    : Usuario no encontrado: {{authUsername}}
2026-05-20T16:25:35.955-04:00 DEBUG 5472 --- [shelter-service] [pool-2-thread-2] c.a.s.client.UserServiceClient           : [UserServiceClient#getUserAuthByEmail] ---> GET http://localhost:8081/user-app/users/by-email/%7B%7BauthUsername%7D%7D/auth HTTP/1.1
2026-05-20T16:25:36.088-04:00 DEBUG 5472 --- [shelter-service] [pool-2-thread-2] c.a.s.client.UserServiceClient           : [UserServiceClient#getUserAuthByEmail] <--- HTTP/1.1 401 (128ms)
2026-05-20T16:25:36.088-04:00  WARN 5472 --- [shelter-service] [http-nio-8095-exec-3] c.a.s.client.UserServiceClientFallback   : User-service no disponible para email {{authUsername}}
2026-05-20T16:25:36.088-04:00  WARN 5472 --- [shelter-service] [http-nio-8095-exec-3] c.a.s.config.CustomUserDetailsService    : Usuario no encontrado: {{authUsername}}
2026-05-20T16:25:36.257-04:00 DEBUG 5472 --- [shelter-service] [pool-2-thread-2] c.a.s.client.UserServiceClient           : [UserServiceClient#getUserAuthByEmail] ---> GET http://localhost:8081/user-app/users/by-email/%7B%7BauthUsername%7D%7D/auth HTTP/1.1
2026-05-20T16:25:36.374-04:00 DEBUG 5472 --- [shelter-service] [pool-2-thread-2] c.a.s.client.UserServiceClient           : [UserServiceClient#getUserAuthByEmail] <--- HTTP/1.1 401 (115ms)
2026-05-20T16:25:36.374-04:00  WARN 5472 --- [shelter-service] [http-nio-8095-exec-4] c.a.s.client.UserServiceClientFallback   : User-service no disponible para email {{authUsername}}
2026-05-20T16:25:36.374-04:00  WARN 5472 --- [shelter-service] [http-nio-8095-exec-4] c.a.s.config.CustomUserDetailsService    : Usuario no encontrado: {{authUsername}}
2026-05-20T16:25:36.525-04:00 DEBUG 5472 --- [shelter-service] [pool-2-thread-2] c.a.s.client.UserServiceClient           : [UserServiceClient#getUserAuthByEmail] ---> GET http://localhost:8081/user-app/users/by-email/%7B%7BauthUsername%7D%7D/auth HTTP/1.1
2026-05-20T16:25:36.644-04:00 DEBUG 5472 --- [shelter-service] [pool-2-thread-2] c.a.s.client.UserServiceClient           : [UserServiceClient#getUserAuthByEmail] <--- HTTP/1.1 401 (119ms)
2026-05-20T16:25:36.644-04:00  WARN 5472 --- [shelter-service] [http-nio-8095-exec-5] c.a.s.client.UserServiceClientFallback   : User-service no disponible para email {{authUsername}}
2026-05-20T16:25:36.644-04:00  WARN 5472 --- [shelter-service] [http-nio-8095-exec-5] c.a.s.config.CustomUserDetailsService    : Usuario no encontrado: {{authUsername}}
2026-05-20T16:29:55.227-04:00 DEBUG 5472 --- [shelter-service] [pool-2-thread-3] c.a.s.client.UserServiceClient           : [UserServiceClient#getUserAuthByEmail] ---> GET http://localhost:8081/user-app/users/by-email/admin/auth HTTP/1.1
2026-05-20T16:29:55.346-04:00 DEBUG 5472 --- [shelter-service] [pool-2-thread-3] c.a.s.client.UserServiceClient           : [UserServiceClient#getUserAuthByEmail] <--- HTTP/1.1 401 (114ms)
2026-05-20T16:29:55.347-04:00  WARN 5472 --- [shelter-service] [http-nio-8095-exec-8] c.a.s.client.UserServiceClientFallback   : User-service no disponible para email admin
2026-05-20T16:29:55.347-04:00  WARN 5472 --- [shelter-service] [http-nio-8095-exec-8] c.a.s.config.CustomUserDetailsService    : Usuario no encontrado: admin
2026-05-20T16:29:55.510-04:00 DEBUG 5472 --- [shelter-service] [pool-2-thread-3] c.a.s.client.UserServiceClient           : [UserServiceClient#getUserAuthByEmail] ---> GET http://localhost:8081/user-app/users/by-email/admin/auth HTTP/1.1
2026-05-20T16:29:55.622-04:00 DEBUG 5472 --- [shelter-service] [pool-2-thread-3] c.a.s.client.UserServiceClient           : [UserServiceClient#getUserAuthByEmail] <--- HTTP/1.1 401 (111ms)
2026-05-20T16:29:55.623-04:00  WARN 5472 --- [shelter-service] [http-nio-8095-exec-9] c.a.s.client.UserServiceClientFallback   : User-service no disponible para email admin
2026-05-20T16:29:55.623-04:00  WARN 5472 --- [shelter-service] [http-nio-8095-exec-9] c.a.s.config.CustomUserDetailsService    : Usuario no encontrado: admin
2026-05-20T16:29:55.877-04:00 DEBUG 5472 --- [shelter-service] [pool-2-thread-3] c.a.s.client.UserServiceClient           : [UserServiceClient#getUserAuthByEmail] ---> GET http://localhost:8081/user-app/users/by-email/admin/auth HTTP/1.1
2026-05-20T16:29:55.996-04:00 DEBUG 5472 --- [shelter-service] [pool-2-thread-3] c.a.s.client.UserServiceClient           : [UserServiceClient#getUserAuthByEmail] <--- HTTP/1.1 401 (118ms)
2026-05-20T16:29:55.996-04:00  WARN 5472 --- [shelter-service] [http-nio-8095-exec-2] c.a.s.client.UserServiceClientFallback   : User-service no disponible para email admin
2026-05-20T16:29:55.996-04:00  WARN 5472 --- [shelter-service] [http-nio-8095-exec-2] c.a.s.config.CustomUserDetailsService    : Usuario no encontrado: admin
2026-05-20T16:29:56.193-04:00 DEBUG 5472 --- [shelter-service] [pool-2-thread-3] c.a.s.client.UserServiceClient           : [UserServiceClient#getUserAuthByEmail] ---> GET http://localhost:8081/user-app/users/by-email/admin/auth HTTP/1.1
2026-05-20T16:29:56.309-04:00 DEBUG 5472 --- [shelter-service] [pool-2-thread-3] c.a.s.client.UserServiceClient           : [UserServiceClient#getUserAuthByEmail] <--- HTTP/1.1 401 (119ms)
2026-05-20T16:29:56.309-04:00  WARN 5472 --- [shelter-service] [http-nio-8095-exec-1] c.a.s.client.UserServiceClientFallback   : User-service no disponible para email admin
2026-05-20T16:29:56.309-04:00  WARN 5472 --- [shelter-service] [http-nio-8095-exec-1] c.a.s.config.CustomUserDetailsService    : Usuario no encontrado: admin
2026-05-20T16:29:56.494-04:00 DEBUG 5472 --- [shelter-service] [pool-2-thread-3] c.a.s.client.UserServiceClient           : [UserServiceClient#getUserAuthByEmail] ---> GET http://localhost:8081/user-app/users/by-email/admin/auth HTTP/1.1
2026-05-20T16:29:56.613-04:00 DEBUG 5472 --- [shelter-service] [pool-2-thread-3] c.a.s.client.UserServiceClient           : [UserServiceClient#getUserAuthByEmail] <--- HTTP/1.1 401 (117ms)
2026-05-20T16:29:56.613-04:00  WARN 5472 --- [shelter-service] [http-nio-8095-exec-3] c.a.s.client.UserServiceClientFallback   : User-service no disponible para email admin
2026-05-20T16:29:56.613-04:00  WARN 5472 --- [shelter-service] [http-nio-8095-exec-3] c.a.s.config.CustomUserDetailsService    : Usuario no encontrado: admin
2026-05-20T16:30:17.270-04:00  INFO 5472 --- [shelter-service] [SpringApplicationShutdownHook] o.s.b.w.e.tomcat.GracefulShutdown        : Commencing graceful shutdown. Waiting for active requests to complete
2026-05-20T16:30:17.293-04:00  INFO 5472 --- [shelter-service] [tomcat-shutdown] o.s.b.w.e.tomcat.GracefulShutdown        : Graceful shutdown complete
2026-05-20T16:30:17.306-04:00  INFO 5472 --- [shelter-service] [SpringApplicationShutdownHook] j.LocalContainerEntityManagerFactoryBean : Closing JPA EntityManagerFactory for persistence unit 'default'
2026-05-20T16:30:17.311-04:00  INFO 5472 --- [shelter-service] [SpringApplicationShutdownHook] com.zaxxer.hikari.HikariDataSource       : HikariPool-1 - Shutdown initiated...
2026-05-20T16:30:17.318-04:00  INFO 5472 --- [shelter-service] [SpringApplicationShutdownHook] com.zaxxer.hikari.HikariDataSource       : HikariPool-1 - Shutdown completed.
2026-05-20T16:31:52.084-04:00  INFO 5880 --- [shelter-service] [main] c.a.s.ShelterServiceApplication          : Starting ShelterServiceApplication using Java 26 with PID 5880 (C:\Users\camil\Documents\fullstack1\adoptapp\shelter-service\target\classes started by camil in C:\Users\camil\Documents\fullstack1\adoptapp)
2026-05-20T16:31:52.086-04:00 DEBUG 5880 --- [shelter-service] [main] c.a.s.ShelterServiceApplication          : Running with Spring Boot v3.4.5, Spring v6.2.6
2026-05-20T16:31:52.087-04:00  INFO 5880 --- [shelter-service] [main] c.a.s.ShelterServiceApplication          : No active profile set, falling back to 1 default profile: "default"
2026-05-20T16:31:53.539-04:00  INFO 5880 --- [shelter-service] [main] .s.d.r.c.RepositoryConfigurationDelegate : Bootstrapping Spring Data JPA repositories in DEFAULT mode.
2026-05-20T16:31:53.641-04:00  INFO 5880 --- [shelter-service] [main] .s.d.r.c.RepositoryConfigurationDelegate : Finished Spring Data repository scanning in 86 ms. Found 2 JPA repository interfaces.
2026-05-20T16:31:54.142-04:00  INFO 5880 --- [shelter-service] [main] o.s.cloud.context.scope.GenericScope     : BeanFactory id=090de83e-2feb-39c5-98a1-1aeeb5bb0336
2026-05-20T16:31:55.168-04:00  INFO 5880 --- [shelter-service] [main] o.s.b.w.embedded.tomcat.TomcatWebServer  : Tomcat initialized with port 8095 (http)
2026-05-20T16:31:55.186-04:00  INFO 5880 --- [shelter-service] [main] o.apache.catalina.core.StandardService   : Starting service [Tomcat]
2026-05-20T16:31:55.186-04:00  INFO 5880 --- [shelter-service] [main] o.apache.catalina.core.StandardEngine    : Starting Servlet engine: [Apache Tomcat/10.1.40]
2026-05-20T16:31:55.313-04:00  INFO 5880 --- [shelter-service] [main] o.a.c.c.C.[.[localhost].[/shelter-app]   : Initializing Spring embedded WebApplicationContext
2026-05-20T16:31:55.315-04:00  INFO 5880 --- [shelter-service] [main] w.s.c.ServletWebServerApplicationContext : Root WebApplicationContext: initialization completed in 3166 ms
2026-05-20T16:31:55.915-04:00  INFO 5880 --- [shelter-service] [main] com.zaxxer.hikari.HikariDataSource       : HikariPool-1 - Starting...
2026-05-20T16:31:56.253-04:00  INFO 5880 --- [shelter-service] [main] com.zaxxer.hikari.pool.HikariPool        : HikariPool-1 - Added connection org.postgresql.jdbc.PgConnection@5f2b9da8
2026-05-20T16:31:56.256-04:00  INFO 5880 --- [shelter-service] [main] com.zaxxer.hikari.HikariDataSource       : HikariPool-1 - Start completed.
2026-05-20T16:31:56.305-04:00  INFO 5880 --- [shelter-service] [main] org.flywaydb.core.FlywayExecutor         : Database: jdbc:postgresql://localhost:5432/shelter_db (PostgreSQL 18.3)
2026-05-20T16:31:56.321-04:00  WARN 5880 --- [shelter-service] [main] o.f.c.internal.database.base.Database    : Flyway upgrade recommended: PostgreSQL 18.3 is newer than this version of Flyway and support has not been tested. The latest supported version of PostgreSQL is 17.
2026-05-20T16:31:56.388-04:00  INFO 5880 --- [shelter-service] [main] o.f.core.internal.command.DbValidate     : Successfully validated 2 migrations (execution time 00:00.047s)
2026-05-20T16:31:56.502-04:00  INFO 5880 --- [shelter-service] [main] o.f.core.internal.command.DbMigrate      : Current version of schema "public": 2
2026-05-20T16:31:56.509-04:00  INFO 5880 --- [shelter-service] [main] o.f.core.internal.command.DbMigrate      : Schema "public" is up to date. No migration necessary.
2026-05-20T16:31:56.729-04:00  INFO 5880 --- [shelter-service] [main] o.hibernate.jpa.internal.util.LogHelper  : HHH000204: Processing PersistenceUnitInfo [name: default]
2026-05-20T16:31:56.881-04:00  INFO 5880 --- [shelter-service] [main] org.hibernate.Version                    : HHH000412: Hibernate ORM core version 6.6.13.Final
2026-05-20T16:31:56.977-04:00  INFO 5880 --- [shelter-service] [main] o.h.c.internal.RegionFactoryInitiator    : HHH000026: Second-level cache disabled
2026-05-20T16:31:57.531-04:00  INFO 5880 --- [shelter-service] [main] o.s.o.j.p.SpringPersistenceUnitInfo      : No LoadTimeWeaver setup: ignoring JPA class transformer
2026-05-20T16:31:57.630-04:00  WARN 5880 --- [shelter-service] [main] org.hibernate.orm.deprecation            : HHH90000025: PostgreSQLDialect does not need to be specified explicitly using 'hibernate.dialect' (remove the property setting and it will be selected by default)
2026-05-20T16:31:57.650-04:00  INFO 5880 --- [shelter-service] [main] org.hibernate.orm.connections.pooling    : HHH10001005: Database info:
	Database JDBC URL [Connecting through datasource 'HikariDataSource (HikariPool-1)']
	Database driver: undefined/unknown
	Database version: 18.3
	Autocommit mode: undefined/unknown
	Isolation level: undefined/unknown
	Minimum pool size: undefined/unknown
	Maximum pool size: undefined/unknown
2026-05-20T16:31:59.623-04:00  INFO 5880 --- [shelter-service] [main] o.h.e.t.j.p.i.JtaPlatformInitiator       : HHH000489: No JTA platform available (set 'hibernate.transaction.jta.platform' to enable JTA platform integration)
2026-05-20T16:31:59.693-04:00  INFO 5880 --- [shelter-service] [main] j.LocalContainerEntityManagerFactoryBean : Initialized JPA EntityManagerFactory for persistence unit 'default'
2026-05-20T16:31:59.985-04:00  WARN 5880 --- [shelter-service] [main] JpaBaseConfiguration$JpaWebConfiguration : spring.jpa.open-in-view is enabled by default. Therefore, database queries may be performed during view rendering. Explicitly configure spring.jpa.open-in-view to disable this warning
2026-05-20T16:32:01.448-04:00  INFO 5880 --- [shelter-service] [main] r$InitializeUserDetailsManagerConfigurer : Global AuthenticationManager configured with UserDetailsService bean with name customUserDetailsService
2026-05-20T16:32:01.802-04:00 DEBUG 5880 --- [shelter-service] [main] s.w.s.m.m.a.RequestMappingHandlerMapping : 8 mappings in 'requestMappingHandlerMapping'
2026-05-20T16:32:02.210-04:00 DEBUG 5880 --- [shelter-service] [main] o.s.w.s.handler.SimpleUrlHandlerMapping  : Patterns [/webjars/**, /**] in 'resourceHandlerMapping'
2026-05-20T16:32:02.991-04:00 DEBUG 5880 --- [shelter-service] [main] s.w.s.m.m.a.RequestMappingHandlerAdapter : ControllerAdvice beans: 0 @ModelAttribute, 0 @InitBinder, 1 RequestBodyAdvice, 1 ResponseBodyAdvice
2026-05-20T16:32:03.180-04:00 DEBUG 5880 --- [shelter-service] [main] .m.m.a.ExceptionHandlerExceptionResolver : ControllerAdvice beans: 1 @ExceptionHandler, 1 ResponseBodyAdvice
2026-05-20T16:32:05.064-04:00  INFO 5880 --- [shelter-service] [main] o.s.cloud.commons.util.InetUtils         : Cannot determine local hostname
2026-05-20T16:32:05.254-04:00  INFO 5880 --- [shelter-service] [main] o.s.b.w.embedded.tomcat.TomcatWebServer  : Tomcat started on port 8095 (http) with context path '/shelter-app'
2026-05-20T16:32:06.271-04:00  INFO 5880 --- [shelter-service] [main] o.s.cloud.commons.util.InetUtils         : Cannot determine local hostname
2026-05-20T16:32:06.287-04:00  INFO 5880 --- [shelter-service] [main] c.a.s.ShelterServiceApplication          : Started ShelterServiceApplication in 15.845 seconds (process running for 16.817)
2026-05-20T16:32:53.604-04:00  INFO 5880 --- [shelter-service] [http-nio-8095-exec-1] o.a.c.c.C.[.[localhost].[/shelter-app]   : Initializing Spring DispatcherServlet 'dispatcherServlet'
2026-05-20T16:32:53.604-04:00  INFO 5880 --- [shelter-service] [http-nio-8095-exec-1] o.s.web.servlet.DispatcherServlet        : Initializing Servlet 'dispatcherServlet'
2026-05-20T16:32:53.604-04:00 DEBUG 5880 --- [shelter-service] [http-nio-8095-exec-1] o.s.web.servlet.DispatcherServlet        : Detected StandardServletMultipartResolver
2026-05-20T16:32:53.604-04:00 DEBUG 5880 --- [shelter-service] [http-nio-8095-exec-1] o.s.web.servlet.DispatcherServlet        : Detected AcceptHeaderLocaleResolver
2026-05-20T16:32:53.604-04:00 DEBUG 5880 --- [shelter-service] [http-nio-8095-exec-1] o.s.web.servlet.DispatcherServlet        : Detected FixedThemeResolver
2026-05-20T16:32:53.607-04:00 DEBUG 5880 --- [shelter-service] [http-nio-8095-exec-1] o.s.web.servlet.DispatcherServlet        : Detected org.springframework.web.servlet.view.DefaultRequestToViewNameTranslator@28f33810
2026-05-20T16:32:53.607-04:00 DEBUG 5880 --- [shelter-service] [http-nio-8095-exec-1] o.s.web.servlet.DispatcherServlet        : Detected org.springframework.web.servlet.support.SessionFlashMapManager@43ee585f
2026-05-20T16:32:53.607-04:00 DEBUG 5880 --- [shelter-service] [http-nio-8095-exec-1] o.s.web.servlet.DispatcherServlet        : enableLoggingRequestDetails='false': request parameters and headers will be masked to prevent unsafe logging of potentially sensitive data
2026-05-20T16:32:53.609-04:00  INFO 5880 --- [shelter-service] [http-nio-8095-exec-1] o.s.web.servlet.DispatcherServlet        : Completed initialization in 5 ms
2026-05-20T16:32:53.772-04:00 DEBUG 5880 --- [shelter-service] [pool-2-thread-1] c.a.s.client.UserServiceClient           : [UserServiceClient#getUserAuthByEmail] ---> GET http://localhost:8081/user-app/users/by-email/admin/auth HTTP/1.1
2026-05-20T16:32:53.922-04:00 DEBUG 5880 --- [shelter-service] [pool-2-thread-1] c.a.s.client.UserServiceClient           : [UserServiceClient#getUserAuthByEmail] <--- HTTP/1.1 401 (142ms)
2026-05-20T16:32:53.926-04:00  WARN 5880 --- [shelter-service] [http-nio-8095-exec-1] c.a.s.client.UserServiceClientFallback   : User-service no disponible para email admin
2026-05-20T16:32:53.936-04:00  WARN 5880 --- [shelter-service] [http-nio-8095-exec-1] c.a.s.config.CustomUserDetailsService    : Usuario no encontrado: admin
2026-05-20T16:32:54.133-04:00 DEBUG 5880 --- [shelter-service] [pool-2-thread-1] c.a.s.client.UserServiceClient           : [UserServiceClient#getUserAuthByEmail] ---> GET http://localhost:8081/user-app/users/by-email/admin/auth HTTP/1.1
2026-05-20T16:32:54.255-04:00 DEBUG 5880 --- [shelter-service] [pool-2-thread-1] c.a.s.client.UserServiceClient           : [UserServiceClient#getUserAuthByEmail] <--- HTTP/1.1 401 (129ms)
2026-05-20T16:32:54.255-04:00  WARN 5880 --- [shelter-service] [http-nio-8095-exec-3] c.a.s.client.UserServiceClientFallback   : User-service no disponible para email admin
2026-05-20T16:32:54.255-04:00  WARN 5880 --- [shelter-service] [http-nio-8095-exec-3] c.a.s.config.CustomUserDetailsService    : Usuario no encontrado: admin
2026-05-20T16:32:54.508-04:00 DEBUG 5880 --- [shelter-service] [pool-2-thread-1] c.a.s.client.UserServiceClient           : [UserServiceClient#getUserAuthByEmail] ---> GET http://localhost:8081/user-app/users/by-email/admin/auth HTTP/1.1
2026-05-20T16:32:54.649-04:00 DEBUG 5880 --- [shelter-service] [pool-2-thread-1] c.a.s.client.UserServiceClient           : [UserServiceClient#getUserAuthByEmail] <--- HTTP/1.1 401 (137ms)
2026-05-20T16:32:54.649-04:00  WARN 5880 --- [shelter-service] [http-nio-8095-exec-5] c.a.s.client.UserServiceClientFallback   : User-service no disponible para email admin
2026-05-20T16:32:54.649-04:00  WARN 5880 --- [shelter-service] [http-nio-8095-exec-5] c.a.s.config.CustomUserDetailsService    : Usuario no encontrado: admin
2026-05-20T16:32:54.825-04:00 DEBUG 5880 --- [shelter-service] [pool-2-thread-1] c.a.s.client.UserServiceClient           : [UserServiceClient#getUserAuthByEmail] ---> GET http://localhost:8081/user-app/users/by-email/admin/auth HTTP/1.1
2026-05-20T16:32:54.950-04:00 DEBUG 5880 --- [shelter-service] [pool-2-thread-1] c.a.s.client.UserServiceClient           : [UserServiceClient#getUserAuthByEmail] <--- HTTP/1.1 401 (125ms)
2026-05-20T16:32:54.950-04:00  WARN 5880 --- [shelter-service] [http-nio-8095-exec-6] c.a.s.client.UserServiceClientFallback   : User-service no disponible para email admin
2026-05-20T16:32:54.950-04:00  WARN 5880 --- [shelter-service] [http-nio-8095-exec-6] c.a.s.config.CustomUserDetailsService    : Usuario no encontrado: admin
2026-05-20T16:32:55.140-04:00 DEBUG 5880 --- [shelter-service] [pool-2-thread-1] c.a.s.client.UserServiceClient           : [UserServiceClient#getUserAuthByEmail] ---> GET http://localhost:8081/user-app/users/by-email/admin/auth HTTP/1.1
2026-05-20T16:32:55.272-04:00 DEBUG 5880 --- [shelter-service] [pool-2-thread-1] c.a.s.client.UserServiceClient           : [UserServiceClient#getUserAuthByEmail] <--- HTTP/1.1 401 (131ms)
2026-05-20T16:32:55.273-04:00  WARN 5880 --- [shelter-service] [http-nio-8095-exec-7] c.a.s.client.UserServiceClientFallback   : User-service no disponible para email admin
2026-05-20T16:32:55.273-04:00  WARN 5880 --- [shelter-service] [http-nio-8095-exec-7] c.a.s.config.CustomUserDetailsService    : Usuario no encontrado: admin
2026-05-20T16:38:47.652-04:00 DEBUG 5880 --- [shelter-service] [pool-2-thread-2] c.a.s.client.UserServiceClient           : [UserServiceClient#getUserAuthByEmail] ---> GET http://localhost:8081/user-app/users/by-email/admin%40empresa.com/auth HTTP/1.1
2026-05-20T16:38:47.781-04:00 DEBUG 5880 --- [shelter-service] [pool-2-thread-2] c.a.s.client.UserServiceClient           : [UserServiceClient#getUserAuthByEmail] <--- HTTP/1.1 200 (126ms)
2026-05-20T16:38:47.815-04:00 DEBUG 5880 --- [shelter-service] [pool-2-thread-2] o.s.w.c.HttpMessageConverterExtractor    : Reading to [com.adoptapp.sharedkernel.dto.UserAuthResponse]
2026-05-20T16:38:47.971-04:00 DEBUG 5880 --- [shelter-service] [http-nio-8095-exec-10] o.s.web.servlet.DispatcherServlet        : GET "/shelter-app/shelters/?status=ACTIVE", parameters={masked}
2026-05-20T16:38:47.979-04:00 DEBUG 5880 --- [shelter-service] [http-nio-8095-exec-10] o.s.w.s.handler.SimpleUrlHandlerMapping  : Mapped to ResourceHttpRequestHandler [classpath [META-INF/resources/], classpath [resources/], classpath [static/], classpath [public/], ServletContext [/]]
2026-05-20T16:38:47.980-04:00 DEBUG 5880 --- [shelter-service] [http-nio-8095-exec-10] o.s.w.s.r.ResourceHttpRequestHandler     : Resource not found
2026-05-20T16:38:47.997-04:00 DEBUG 5880 --- [shelter-service] [http-nio-8095-exec-10] .m.m.a.ExceptionHandlerExceptionResolver : Using @ExceptionHandler com.adoptapp.shelterservice.exception.GlobalExceptionHandler#handleGeneric(Exception, HttpServletRequest)
2026-05-20T16:38:47.997-04:00 ERROR 5880 --- [shelter-service] [http-nio-8095-exec-10] c.a.s.exception.GlobalExceptionHandler   : Error interno no manejado en /shelter-app/shelters/: No static resource shelters.

org.springframework.web.servlet.resource.NoResourceFoundException: No static resource shelters.
	at org.springframework.web.servlet.resource.ResourceHttpRequestHandler.handleRequest(ResourceHttpRequestHandler.java:585) ~[spring-webmvc-6.2.6.jar:6.2.6]
	at org.springframework.web.servlet.mvc.HttpRequestHandlerAdapter.handle(HttpRequestHandlerAdapter.java:52) ~[spring-webmvc-6.2.6.jar:6.2.6]
	at org.springframework.web.servlet.DispatcherServlet.doDispatch(DispatcherServlet.java:1089) ~[spring-webmvc-6.2.6.jar:6.2.6]
	at org.springframework.web.servlet.DispatcherServlet.doService(DispatcherServlet.java:979) ~[spring-webmvc-6.2.6.jar:6.2.6]
	at org.springframework.web.servlet.FrameworkServlet.processRequest(FrameworkServlet.java:1014) ~[spring-webmvc-6.2.6.jar:6.2.6]
	at org.springframework.web.servlet.FrameworkServlet.doGet(FrameworkServlet.java:903) ~[spring-webmvc-6.2.6.jar:6.2.6]
	at jakarta.servlet.http.HttpServlet.service(HttpServlet.java:564) ~[tomcat-embed-core-10.1.40.jar:6.0]
	at org.springframework.web.servlet.FrameworkServlet.service(FrameworkServlet.java:885) ~[spring-webmvc-6.2.6.jar:6.2.6]
	at jakarta.servlet.http.HttpServlet.service(HttpServlet.java:658) ~[tomcat-embed-core-10.1.40.jar:6.0]
	at org.apache.catalina.core.ApplicationFilterChain.internalDoFilter(ApplicationFilterChain.java:195) ~[tomcat-embed-core-10.1.40.jar:10.1.40]
	at org.apache.catalina.core.ApplicationFilterChain.doFilter(ApplicationFilterChain.java:140) ~[tomcat-embed-core-10.1.40.jar:10.1.40]
	at org.apache.tomcat.websocket.server.WsFilter.doFilter(WsFilter.java:51) ~[tomcat-embed-websocket-10.1.40.jar:10.1.40]
	at org.apache.catalina.core.ApplicationFilterChain.internalDoFilter(ApplicationFilterChain.java:164) ~[tomcat-embed-core-10.1.40.jar:10.1.40]
	at org.apache.catalina.core.ApplicationFilterChain.doFilter(ApplicationFilterChain.java:140) ~[tomcat-embed-core-10.1.40.jar:10.1.40]
	at org.springframework.web.filter.CompositeFilter$VirtualFilterChain.doFilter(CompositeFilter.java:108) ~[spring-web-6.2.6.jar:6.2.6]
	at org.springframework.security.web.FilterChainProxy.lambda$doFilterInternal$3(FilterChainProxy.java:231) ~[spring-security-web-6.4.5.jar:6.4.5]
	at org.springframework.security.web.FilterChainProxy$VirtualFilterChain.doFilter(FilterChainProxy.java:365) ~[spring-security-web-6.4.5.jar:6.4.5]
	at org.springframework.security.web.access.intercept.AuthorizationFilter.doFilter(AuthorizationFilter.java:101) ~[spring-security-web-6.4.5.jar:6.4.5]
	at org.springframework.security.web.FilterChainProxy$VirtualFilterChain.doFilter(FilterChainProxy.java:374) ~[spring-security-web-6.4.5.jar:6.4.5]
	at org.springframework.security.web.access.ExceptionTranslationFilter.doFilter(ExceptionTranslationFilter.java:126) ~[spring-security-web-6.4.5.jar:6.4.5]
	at org.springframework.security.web.access.ExceptionTranslationFilter.doFilter(ExceptionTranslationFilter.java:120) ~[spring-security-web-6.4.5.jar:6.4.5]
	at org.springframework.security.web.FilterChainProxy$VirtualFilterChain.doFilter(FilterChainProxy.java:374) ~[spring-security-web-6.4.5.jar:6.4.5]
	at org.springframework.security.web.session.SessionManagementFilter.doFilter(SessionManagementFilter.java:131) ~[spring-security-web-6.4.5.jar:6.4.5]
	at org.springframework.security.web.session.SessionManagementFilter.doFilter(SessionManagementFilter.java:85) ~[spring-security-web-6.4.5.jar:6.4.5]
	at org.springframework.security.web.FilterChainProxy$VirtualFilterChain.doFilter(FilterChainProxy.java:374) ~[spring-security-web-6.4.5.jar:6.4.5]
	at org.springframework.security.web.authentication.AnonymousAuthenticationFilter.doFilter(AnonymousAuthenticationFilter.java:100) ~[spring-security-web-6.4.5.jar:6.4.5]
	at org.springframework.security.web.FilterChainProxy$VirtualFilterChain.doFilter(FilterChainProxy.java:374) ~[spring-security-web-6.4.5.jar:6.4.5]
	at org.springframework.security.web.servletapi.SecurityContextHolderAwareRequestFilter.doFilter(SecurityContextHolderAwareRequestFilter.java:179) ~[spring-security-web-6.4.5.jar:6.4.5]
	at org.springframework.security.web.FilterChainProxy$VirtualFilterChain.doFilter(FilterChainProxy.java:374) ~[spring-security-web-6.4.5.jar:6.4.5]
	at org.springframework.security.web.savedrequest.RequestCacheAwareFilter.doFilter(RequestCacheAwareFilter.java:63) ~[spring-security-web-6.4.5.jar:6.4.5]
	at org.springframework.security.web.FilterChainProxy$VirtualFilterChain.doFilter(FilterChainProxy.java:374) ~[spring-security-web-6.4.5.jar:6.4.5]
	at org.springframework.security.web.authentication.www.BasicAuthenticationFilter.doFilterInternal(BasicAuthenticationFilter.java:213) ~[spring-security-web-6.4.5.jar:6.4.5]
	at org.springframework.web.filter.OncePerRequestFilter.doFilter(OncePerRequestFilter.java:116) ~[spring-web-6.2.6.jar:6.2.6]
	at org.springframework.security.web.FilterChainProxy$VirtualFilterChain.doFilter(FilterChainProxy.java:374) ~[spring-security-web-6.4.5.jar:6.4.5]
	at org.springframework.security.web.authentication.logout.LogoutFilter.doFilter(LogoutFilter.java:107) ~[spring-security-web-6.4.5.jar:6.4.5]
	at org.springframework.security.web.authentication.logout.LogoutFilter.doFilter(LogoutFilter.java:93) ~[spring-security-web-6.4.5.jar:6.4.5]
	at org.springframework.security.web.FilterChainProxy$VirtualFilterChain.doFilter(FilterChainProxy.java:374) ~[spring-security-web-6.4.5.jar:6.4.5]
	at org.springframework.security.web.header.HeaderWriterFilter.doHeadersAfter(HeaderWriterFilter.java:90) ~[spring-security-web-6.4.5.jar:6.4.5]
	at org.springframework.security.web.header.HeaderWriterFilter.doFilterInternal(HeaderWriterFilter.java:75) ~[spring-security-web-6.4.5.jar:6.4.5]
	at org.springframework.web.filter.OncePerRequestFilter.doFilter(OncePerRequestFilter.java:116) ~[spring-web-6.2.6.jar:6.2.6]
	at org.springframework.security.web.FilterChainProxy$VirtualFilterChain.doFilter(FilterChainProxy.java:374) ~[spring-security-web-6.4.5.jar:6.4.5]
	at org.springframework.security.web.context.SecurityContextHolderFilter.doFilter(SecurityContextHolderFilter.java:82) ~[spring-security-web-6.4.5.jar:6.4.5]
	at org.springframework.security.web.context.SecurityContextHolderFilter.doFilter(SecurityContextHolderFilter.java:69) ~[spring-security-web-6.4.5.jar:6.4.5]
	at org.springframework.security.web.FilterChainProxy$VirtualFilterChain.doFilter(FilterChainProxy.java:374) ~[spring-security-web-6.4.5.jar:6.4.5]
	at org.springframework.security.web.context.request.async.WebAsyncManagerIntegrationFilter.doFilterInternal(WebAsyncManagerIntegrationFilter.java:62) ~[spring-security-web-6.4.5.jar:6.4.5]
	at org.springframework.web.filter.OncePerRequestFilter.doFilter(OncePerRequestFilter.java:116) ~[spring-web-6.2.6.jar:6.2.6]
	at org.springframework.security.web.FilterChainProxy$VirtualFilterChain.doFilter(FilterChainProxy.java:374) ~[spring-security-web-6.4.5.jar:6.4.5]
	at org.springframework.security.web.session.DisableEncodeUrlFilter.doFilterInternal(DisableEncodeUrlFilter.java:42) ~[spring-security-web-6.4.5.jar:6.4.5]
	at org.springframework.web.filter.OncePerRequestFilter.doFilter(OncePerRequestFilter.java:116) ~[spring-web-6.2.6.jar:6.2.6]
	at org.springframework.security.web.FilterChainProxy$VirtualFilterChain.doFilter(FilterChainProxy.java:374) ~[spring-security-web-6.4.5.jar:6.4.5]
	at org.springframework.security.web.FilterChainProxy.doFilterInternal(FilterChainProxy.java:233) ~[spring-security-web-6.4.5.jar:6.4.5]
	at org.springframework.security.web.FilterChainProxy.doFilter(FilterChainProxy.java:191) ~[spring-security-web-6.4.5.jar:6.4.5]
	at org.springframework.web.filter.CompositeFilter$VirtualFilterChain.doFilter(CompositeFilter.java:113) ~[spring-web-6.2.6.jar:6.2.6]
	at org.springframework.web.servlet.handler.HandlerMappingIntrospector.lambda$createCacheFilter$3(HandlerMappingIntrospector.java:243) ~[spring-webmvc-6.2.6.jar:6.2.6]
	at org.springframework.web.filter.CompositeFilter$VirtualFilterChain.doFilter(CompositeFilter.java:113) ~[spring-web-6.2.6.jar:6.2.6]
	at org.springframework.web.filter.CompositeFilter.doFilter(CompositeFilter.java:74) ~[spring-web-6.2.6.jar:6.2.6]
	at org.springframework.security.config.annotation.web.configuration.WebMvcSecurityConfiguration$CompositeFilterChainProxy.doFilter(WebMvcSecurityConfiguration.java:238) ~[spring-security-config-6.4.5.jar:6.4.5]
	at org.springframework.web.filter.DelegatingFilterProxy.invokeDelegate(DelegatingFilterProxy.java:362) ~[spring-web-6.2.6.jar:6.2.6]
	at org.springframework.web.filter.DelegatingFilterProxy.doFilter(DelegatingFilterProxy.java:278) ~[spring-web-6.2.6.jar:6.2.6]
	at org.apache.catalina.core.ApplicationFilterChain.internalDoFilter(ApplicationFilterChain.java:164) ~[tomcat-embed-core-10.1.40.jar:10.1.40]
	at org.apache.catalina.core.ApplicationFilterChain.doFilter(ApplicationFilterChain.java:140) ~[tomcat-embed-core-10.1.40.jar:10.1.40]
	at org.springframework.web.filter.RequestContextFilter.doFilterInternal(RequestContextFilter.java:100) ~[spring-web-6.2.6.jar:6.2.6]
	at org.springframework.web.filter.OncePerRequestFilter.doFilter(OncePerRequestFilter.java:116) ~[spring-web-6.2.6.jar:6.2.6]
	at org.apache.catalina.core.ApplicationFilterChain.internalDoFilter(ApplicationFilterChain.java:164) ~[tomcat-embed-core-10.1.40.jar:10.1.40]
	at org.apache.catalina.core.ApplicationFilterChain.doFilter(ApplicationFilterChain.java:140) ~[tomcat-embed-core-10.1.40.jar:10.1.40]
	at org.springframework.web.filter.FormContentFilter.doFilterInternal(FormContentFilter.java:93) ~[spring-web-6.2.6.jar:6.2.6]
	at org.springframework.web.filter.OncePerRequestFilter.doFilter(OncePerRequestFilter.java:116) ~[spring-web-6.2.6.jar:6.2.6]
	at org.apache.catalina.core.ApplicationFilterChain.internalDoFilter(ApplicationFilterChain.java:164) ~[tomcat-embed-core-10.1.40.jar:10.1.40]
	at org.apache.catalina.core.ApplicationFilterChain.doFilter(ApplicationFilterChain.java:140) ~[tomcat-embed-core-10.1.40.jar:10.1.40]
	at org.springframework.web.filter.CharacterEncodingFilter.doFilterInternal(CharacterEncodingFilter.java:201) ~[spring-web-6.2.6.jar:6.2.6]
	at org.springframework.web.filter.OncePerRequestFilter.doFilter(OncePerRequestFilter.java:116) ~[spring-web-6.2.6.jar:6.2.6]
	at org.apache.catalina.core.ApplicationFilterChain.internalDoFilter(ApplicationFilterChain.java:164) ~[tomcat-embed-core-10.1.40.jar:10.1.40]
	at org.apache.catalina.core.ApplicationFilterChain.doFilter(ApplicationFilterChain.java:140) ~[tomcat-embed-core-10.1.40.jar:10.1.40]
	at org.apache.catalina.core.StandardWrapperValve.invoke(StandardWrapperValve.java:167) ~[tomcat-embed-core-10.1.40.jar:10.1.40]
	at org.apache.catalina.core.StandardContextValve.invoke(StandardContextValve.java:90) ~[tomcat-embed-core-10.1.40.jar:10.1.40]
	at org.apache.catalina.authenticator.AuthenticatorBase.invoke(AuthenticatorBase.java:483) ~[tomcat-embed-core-10.1.40.jar:10.1.40]
	at org.apache.catalina.core.StandardHostValve.invoke(StandardHostValve.java:116) ~[tomcat-embed-core-10.1.40.jar:10.1.40]
	at org.apache.catalina.valves.ErrorReportValve.invoke(ErrorReportValve.java:93) ~[tomcat-embed-core-10.1.40.jar:10.1.40]
	at org.apache.catalina.core.StandardEngineValve.invoke(StandardEngineValve.java:74) ~[tomcat-embed-core-10.1.40.jar:10.1.40]
	at org.apache.catalina.connector.CoyoteAdapter.service(CoyoteAdapter.java:344) ~[tomcat-embed-core-10.1.40.jar:10.1.40]
	at org.apache.coyote.http11.Http11Processor.service(Http11Processor.java:398) ~[tomcat-embed-core-10.1.40.jar:10.1.40]
	at org.apache.coyote.AbstractProcessorLight.process(AbstractProcessorLight.java:63) ~[tomcat-embed-core-10.1.40.jar:10.1.40]
	at org.apache.coyote.AbstractProtocol$ConnectionHandler.process(AbstractProtocol.java:903) ~[tomcat-embed-core-10.1.40.jar:10.1.40]
	at org.apache.tomcat.util.net.NioEndpoint$SocketProcessor.doRun(NioEndpoint.java:1740) ~[tomcat-embed-core-10.1.40.jar:10.1.40]
	at org.apache.tomcat.util.net.SocketProcessorBase.run(SocketProcessorBase.java:52) ~[tomcat-embed-core-10.1.40.jar:10.1.40]
	at org.apache.tomcat.util.threads.ThreadPoolExecutor.runWorker(ThreadPoolExecutor.java:1189) ~[tomcat-embed-core-10.1.40.jar:10.1.40]
	at org.apache.tomcat.util.threads.ThreadPoolExecutor$Worker.run(ThreadPoolExecutor.java:658) ~[tomcat-embed-core-10.1.40.jar:10.1.40]
	at org.apache.tomcat.util.threads.TaskThread$WrappingRunnable.run(TaskThread.java:63) ~[tomcat-embed-core-10.1.40.jar:10.1.40]
	at java.base/java.lang.Thread.run(Thread.java:1516) ~[na:na]

2026-05-20T16:38:48.030-04:00 DEBUG 5880 --- [shelter-service] [http-nio-8095-exec-10] o.s.w.s.m.m.a.HttpEntityMethodProcessor  : Using 'application/json', given [*/*] and supported [application/json, application/*+json]
2026-05-20T16:38:48.038-04:00 DEBUG 5880 --- [shelter-service] [http-nio-8095-exec-10] o.s.w.s.m.m.a.HttpEntityMethodProcessor  : Writing [ErrorResponse[timestamp=2026-05-20T16:38:47.997632700, status=500, error=Internal Server Error, mess (truncated)...]
2026-05-20T16:38:48.055-04:00 DEBUG 5880 --- [shelter-service] [http-nio-8095-exec-10] .m.m.a.ExceptionHandlerExceptionResolver : Resolved [org.springframework.web.servlet.resource.NoResourceFoundException: No static resource shelters.]
2026-05-20T16:38:48.059-04:00 DEBUG 5880 --- [shelter-service] [http-nio-8095-exec-10] o.s.web.servlet.DispatcherServlet        : Completed 500 INTERNAL_SERVER_ERROR
2026-05-20T16:38:48.114-04:00 DEBUG 5880 --- [shelter-service] [pool-2-thread-2] c.a.s.client.UserServiceClient           : [UserServiceClient#getUserAuthByEmail] ---> GET http://localhost:8081/user-app/users/by-email/admin%40empresa.com/auth HTTP/1.1
2026-05-20T16:38:48.246-04:00 DEBUG 5880 --- [shelter-service] [pool-2-thread-2] c.a.s.client.UserServiceClient           : [UserServiceClient#getUserAuthByEmail] <--- HTTP/1.1 200 (127ms)
2026-05-20T16:38:48.246-04:00 DEBUG 5880 --- [shelter-service] [pool-2-thread-2] o.s.w.c.HttpMessageConverterExtractor    : Reading to [com.adoptapp.sharedkernel.dto.UserAuthResponse]
2026-05-20T16:38:48.379-04:00 DEBUG 5880 --- [shelter-service] [http-nio-8095-exec-1] o.s.web.servlet.DispatcherServlet        : GET "/shelter-app/shelters/by-id/", parameters={}
2026-05-20T16:38:48.379-04:00 DEBUG 5880 --- [shelter-service] [http-nio-8095-exec-1] o.s.w.s.handler.SimpleUrlHandlerMapping  : Mapped to ResourceHttpRequestHandler [classpath [META-INF/resources/], classpath [resources/], classpath [static/], classpath [public/], ServletContext [/]]
2026-05-20T16:38:48.379-04:00 DEBUG 5880 --- [shelter-service] [http-nio-8095-exec-1] o.s.w.s.r.ResourceHttpRequestHandler     : Resource not found
2026-05-20T16:38:48.379-04:00 DEBUG 5880 --- [shelter-service] [http-nio-8095-exec-1] .m.m.a.ExceptionHandlerExceptionResolver : Using @ExceptionHandler com.adoptapp.shelterservice.exception.GlobalExceptionHandler#handleGeneric(Exception, HttpServletRequest)
2026-05-20T16:38:48.379-04:00 ERROR 5880 --- [shelter-service] [http-nio-8095-exec-1] c.a.s.exception.GlobalExceptionHandler   : Error interno no manejado en /shelter-app/shelters/by-id/: No static resource shelters/by-id.

org.springframework.web.servlet.resource.NoResourceFoundException: No static resource shelters/by-id.
	at org.springframework.web.servlet.resource.ResourceHttpRequestHandler.handleRequest(ResourceHttpRequestHandler.java:585) ~[spring-webmvc-6.2.6.jar:6.2.6]
	at org.springframework.web.servlet.mvc.HttpRequestHandlerAdapter.handle(HttpRequestHandlerAdapter.java:52) ~[spring-webmvc-6.2.6.jar:6.2.6]
	at org.springframework.web.servlet.DispatcherServlet.doDispatch(DispatcherServlet.java:1089) ~[spring-webmvc-6.2.6.jar:6.2.6]
	at org.springframework.web.servlet.DispatcherServlet.doService(DispatcherServlet.java:979) ~[spring-webmvc-6.2.6.jar:6.2.6]
	at org.springframework.web.servlet.FrameworkServlet.processRequest(FrameworkServlet.java:1014) ~[spring-webmvc-6.2.6.jar:6.2.6]
	at org.springframework.web.servlet.FrameworkServlet.doGet(FrameworkServlet.java:903) ~[spring-webmvc-6.2.6.jar:6.2.6]
	at jakarta.servlet.http.HttpServlet.service(HttpServlet.java:564) ~[tomcat-embed-core-10.1.40.jar:6.0]
	at org.springframework.web.servlet.FrameworkServlet.service(FrameworkServlet.java:885) ~[spring-webmvc-6.2.6.jar:6.2.6]
	at jakarta.servlet.http.HttpServlet.service(HttpServlet.java:658) ~[tomcat-embed-core-10.1.40.jar:6.0]
	at org.apache.catalina.core.ApplicationFilterChain.internalDoFilter(ApplicationFilterChain.java:195) ~[tomcat-embed-core-10.1.40.jar:10.1.40]
	at org.apache.catalina.core.ApplicationFilterChain.doFilter(ApplicationFilterChain.java:140) ~[tomcat-embed-core-10.1.40.jar:10.1.40]
	at org.apache.tomcat.websocket.server.WsFilter.doFilter(WsFilter.java:51) ~[tomcat-embed-websocket-10.1.40.jar:10.1.40]
	at org.apache.catalina.core.ApplicationFilterChain.internalDoFilter(ApplicationFilterChain.java:164) ~[tomcat-embed-core-10.1.40.jar:10.1.40]
	at org.apache.catalina.core.ApplicationFilterChain.doFilter(ApplicationFilterChain.java:140) ~[tomcat-embed-core-10.1.40.jar:10.1.40]
	at org.springframework.web.filter.CompositeFilter$VirtualFilterChain.doFilter(CompositeFilter.java:108) ~[spring-web-6.2.6.jar:6.2.6]
	at org.springframework.security.web.FilterChainProxy.lambda$doFilterInternal$3(FilterChainProxy.java:231) ~[spring-security-web-6.4.5.jar:6.4.5]
	at org.springframework.security.web.FilterChainProxy$VirtualFilterChain.doFilter(FilterChainProxy.java:365) ~[spring-security-web-6.4.5.jar:6.4.5]
	at org.springframework.security.web.access.intercept.AuthorizationFilter.doFilter(AuthorizationFilter.java:101) ~[spring-security-web-6.4.5.jar:6.4.5]
	at org.springframework.security.web.FilterChainProxy$VirtualFilterChain.doFilter(FilterChainProxy.java:374) ~[spring-security-web-6.4.5.jar:6.4.5]
	at org.springframework.security.web.access.ExceptionTranslationFilter.doFilter(ExceptionTranslationFilter.java:126) ~[spring-security-web-6.4.5.jar:6.4.5]
	at org.springframework.security.web.access.ExceptionTranslationFilter.doFilter(ExceptionTranslationFilter.java:120) ~[spring-security-web-6.4.5.jar:6.4.5]
	at org.springframework.security.web.FilterChainProxy$VirtualFilterChain.doFilter(FilterChainProxy.java:374) ~[spring-security-web-6.4.5.jar:6.4.5]
	at org.springframework.security.web.session.SessionManagementFilter.doFilter(SessionManagementFilter.java:131) ~[spring-security-web-6.4.5.jar:6.4.5]
	at org.springframework.security.web.session.SessionManagementFilter.doFilter(SessionManagementFilter.java:85) ~[spring-security-web-6.4.5.jar:6.4.5]
	at org.springframework.security.web.FilterChainProxy$VirtualFilterChain.doFilter(FilterChainProxy.java:374) ~[spring-security-web-6.4.5.jar:6.4.5]
	at org.springframework.security.web.authentication.AnonymousAuthenticationFilter.doFilter(AnonymousAuthenticationFilter.java:100) ~[spring-security-web-6.4.5.jar:6.4.5]
	at org.springframework.security.web.FilterChainProxy$VirtualFilterChain.doFilter(FilterChainProxy.java:374) ~[spring-security-web-6.4.5.jar:6.4.5]
	at org.springframework.security.web.servletapi.SecurityContextHolderAwareRequestFilter.doFilter(SecurityContextHolderAwareRequestFilter.java:179) ~[spring-security-web-6.4.5.jar:6.4.5]
	at org.springframework.security.web.FilterChainProxy$VirtualFilterChain.doFilter(FilterChainProxy.java:374) ~[spring-security-web-6.4.5.jar:6.4.5]
	at org.springframework.security.web.savedrequest.RequestCacheAwareFilter.doFilter(RequestCacheAwareFilter.java:63) ~[spring-security-web-6.4.5.jar:6.4.5]
	at org.springframework.security.web.FilterChainProxy$VirtualFilterChain.doFilter(FilterChainProxy.java:374) ~[spring-security-web-6.4.5.jar:6.4.5]
	at org.springframework.security.web.authentication.www.BasicAuthenticationFilter.doFilterInternal(BasicAuthenticationFilter.java:213) ~[spring-security-web-6.4.5.jar:6.4.5]
	at org.springframework.web.filter.OncePerRequestFilter.doFilter(OncePerRequestFilter.java:116) ~[spring-web-6.2.6.jar:6.2.6]
	at org.springframework.security.web.FilterChainProxy$VirtualFilterChain.doFilter(FilterChainProxy.java:374) ~[spring-security-web-6.4.5.jar:6.4.5]
	at org.springframework.security.web.authentication.logout.LogoutFilter.doFilter(LogoutFilter.java:107) ~[spring-security-web-6.4.5.jar:6.4.5]
	at org.springframework.security.web.authentication.logout.LogoutFilter.doFilter(LogoutFilter.java:93) ~[spring-security-web-6.4.5.jar:6.4.5]
	at org.springframework.security.web.FilterChainProxy$VirtualFilterChain.doFilter(FilterChainProxy.java:374) ~[spring-security-web-6.4.5.jar:6.4.5]
	at org.springframework.security.web.header.HeaderWriterFilter.doHeadersAfter(HeaderWriterFilter.java:90) ~[spring-security-web-6.4.5.jar:6.4.5]
	at org.springframework.security.web.header.HeaderWriterFilter.doFilterInternal(HeaderWriterFilter.java:75) ~[spring-security-web-6.4.5.jar:6.4.5]
	at org.springframework.web.filter.OncePerRequestFilter.doFilter(OncePerRequestFilter.java:116) ~[spring-web-6.2.6.jar:6.2.6]
	at org.springframework.security.web.FilterChainProxy$VirtualFilterChain.doFilter(FilterChainProxy.java:374) ~[spring-security-web-6.4.5.jar:6.4.5]
	at org.springframework.security.web.context.SecurityContextHolderFilter.doFilter(SecurityContextHolderFilter.java:82) ~[spring-security-web-6.4.5.jar:6.4.5]
	at org.springframework.security.web.context.SecurityContextHolderFilter.doFilter(SecurityContextHolderFilter.java:69) ~[spring-security-web-6.4.5.jar:6.4.5]
	at org.springframework.security.web.FilterChainProxy$VirtualFilterChain.doFilter(FilterChainProxy.java:374) ~[spring-security-web-6.4.5.jar:6.4.5]
	at org.springframework.security.web.context.request.async.WebAsyncManagerIntegrationFilter.doFilterInternal(WebAsyncManagerIntegrationFilter.java:62) ~[spring-security-web-6.4.5.jar:6.4.5]
	at org.springframework.web.filter.OncePerRequestFilter.doFilter(OncePerRequestFilter.java:116) ~[spring-web-6.2.6.jar:6.2.6]
	at org.springframework.security.web.FilterChainProxy$VirtualFilterChain.doFilter(FilterChainProxy.java:374) ~[spring-security-web-6.4.5.jar:6.4.5]
	at org.springframework.security.web.session.DisableEncodeUrlFilter.doFilterInternal(DisableEncodeUrlFilter.java:42) ~[spring-security-web-6.4.5.jar:6.4.5]
	at org.springframework.web.filter.OncePerRequestFilter.doFilter(OncePerRequestFilter.java:116) ~[spring-web-6.2.6.jar:6.2.6]
	at org.springframework.security.web.FilterChainProxy$VirtualFilterChain.doFilter(FilterChainProxy.java:374) ~[spring-security-web-6.4.5.jar:6.4.5]
	at org.springframework.security.web.FilterChainProxy.doFilterInternal(FilterChainProxy.java:233) ~[spring-security-web-6.4.5.jar:6.4.5]
	at org.springframework.security.web.FilterChainProxy.doFilter(FilterChainProxy.java:191) ~[spring-security-web-6.4.5.jar:6.4.5]
	at org.springframework.web.filter.CompositeFilter$VirtualFilterChain.doFilter(CompositeFilter.java:113) ~[spring-web-6.2.6.jar:6.2.6]
	at org.springframework.web.servlet.handler.HandlerMappingIntrospector.lambda$createCacheFilter$3(HandlerMappingIntrospector.java:243) ~[spring-webmvc-6.2.6.jar:6.2.6]
	at org.springframework.web.filter.CompositeFilter$VirtualFilterChain.doFilter(CompositeFilter.java:113) ~[spring-web-6.2.6.jar:6.2.6]
	at org.springframework.web.filter.CompositeFilter.doFilter(CompositeFilter.java:74) ~[spring-web-6.2.6.jar:6.2.6]
	at org.springframework.security.config.annotation.web.configuration.WebMvcSecurityConfiguration$CompositeFilterChainProxy.doFilter(WebMvcSecurityConfiguration.java:238) ~[spring-security-config-6.4.5.jar:6.4.5]
	at org.springframework.web.filter.DelegatingFilterProxy.invokeDelegate(DelegatingFilterProxy.java:362) ~[spring-web-6.2.6.jar:6.2.6]
	at org.springframework.web.filter.DelegatingFilterProxy.doFilter(DelegatingFilterProxy.java:278) ~[spring-web-6.2.6.jar:6.2.6]
	at org.apache.catalina.core.ApplicationFilterChain.internalDoFilter(ApplicationFilterChain.java:164) ~[tomcat-embed-core-10.1.40.jar:10.1.40]
	at org.apache.catalina.core.ApplicationFilterChain.doFilter(ApplicationFilterChain.java:140) ~[tomcat-embed-core-10.1.40.jar:10.1.40]
	at org.springframework.web.filter.RequestContextFilter.doFilterInternal(RequestContextFilter.java:100) ~[spring-web-6.2.6.jar:6.2.6]
	at org.springframework.web.filter.OncePerRequestFilter.doFilter(OncePerRequestFilter.java:116) ~[spring-web-6.2.6.jar:6.2.6]
	at org.apache.catalina.core.ApplicationFilterChain.internalDoFilter(ApplicationFilterChain.java:164) ~[tomcat-embed-core-10.1.40.jar:10.1.40]
	at org.apache.catalina.core.ApplicationFilterChain.doFilter(ApplicationFilterChain.java:140) ~[tomcat-embed-core-10.1.40.jar:10.1.40]
	at org.springframework.web.filter.FormContentFilter.doFilterInternal(FormContentFilter.java:93) ~[spring-web-6.2.6.jar:6.2.6]
	at org.springframework.web.filter.OncePerRequestFilter.doFilter(OncePerRequestFilter.java:116) ~[spring-web-6.2.6.jar:6.2.6]
	at org.apache.catalina.core.ApplicationFilterChain.internalDoFilter(ApplicationFilterChain.java:164) ~[tomcat-embed-core-10.1.40.jar:10.1.40]
	at org.apache.catalina.core.ApplicationFilterChain.doFilter(ApplicationFilterChain.java:140) ~[tomcat-embed-core-10.1.40.jar:10.1.40]
	at org.springframework.web.filter.CharacterEncodingFilter.doFilterInternal(CharacterEncodingFilter.java:201) ~[spring-web-6.2.6.jar:6.2.6]
	at org.springframework.web.filter.OncePerRequestFilter.doFilter(OncePerRequestFilter.java:116) ~[spring-web-6.2.6.jar:6.2.6]
	at org.apache.catalina.core.ApplicationFilterChain.internalDoFilter(ApplicationFilterChain.java:164) ~[tomcat-embed-core-10.1.40.jar:10.1.40]
	at org.apache.catalina.core.ApplicationFilterChain.doFilter(ApplicationFilterChain.java:140) ~[tomcat-embed-core-10.1.40.jar:10.1.40]
	at org.apache.catalina.core.StandardWrapperValve.invoke(StandardWrapperValve.java:167) ~[tomcat-embed-core-10.1.40.jar:10.1.40]
	at org.apache.catalina.core.StandardContextValve.invoke(StandardContextValve.java:90) ~[tomcat-embed-core-10.1.40.jar:10.1.40]
	at org.apache.catalina.authenticator.AuthenticatorBase.invoke(AuthenticatorBase.java:483) ~[tomcat-embed-core-10.1.40.jar:10.1.40]
	at org.apache.catalina.core.StandardHostValve.invoke(StandardHostValve.java:116) ~[tomcat-embed-core-10.1.40.jar:10.1.40]
	at org.apache.catalina.valves.ErrorReportValve.invoke(ErrorReportValve.java:93) ~[tomcat-embed-core-10.1.40.jar:10.1.40]
	at org.apache.catalina.core.StandardEngineValve.invoke(StandardEngineValve.java:74) ~[tomcat-embed-core-10.1.40.jar:10.1.40]
	at org.apache.catalina.connector.CoyoteAdapter.service(CoyoteAdapter.java:344) ~[tomcat-embed-core-10.1.40.jar:10.1.40]
	at org.apache.coyote.http11.Http11Processor.service(Http11Processor.java:398) ~[tomcat-embed-core-10.1.40.jar:10.1.40]
	at org.apache.coyote.AbstractProcessorLight.process(AbstractProcessorLight.java:63) ~[tomcat-embed-core-10.1.40.jar:10.1.40]
	at org.apache.coyote.AbstractProtocol$ConnectionHandler.process(AbstractProtocol.java:903) ~[tomcat-embed-core-10.1.40.jar:10.1.40]
	at org.apache.tomcat.util.net.NioEndpoint$SocketProcessor.doRun(NioEndpoint.java:1740) ~[tomcat-embed-core-10.1.40.jar:10.1.40]
	at org.apache.tomcat.util.net.SocketProcessorBase.run(SocketProcessorBase.java:52) ~[tomcat-embed-core-10.1.40.jar:10.1.40]
	at org.apache.tomcat.util.threads.ThreadPoolExecutor.runWorker(ThreadPoolExecutor.java:1189) ~[tomcat-embed-core-10.1.40.jar:10.1.40]
	at org.apache.tomcat.util.threads.ThreadPoolExecutor$Worker.run(ThreadPoolExecutor.java:658) ~[tomcat-embed-core-10.1.40.jar:10.1.40]
	at org.apache.tomcat.util.threads.TaskThread$WrappingRunnable.run(TaskThread.java:63) ~[tomcat-embed-core-10.1.40.jar:10.1.40]
	at java.base/java.lang.Thread.run(Thread.java:1516) ~[na:na]

2026-05-20T16:38:48.379-04:00 DEBUG 5880 --- [shelter-service] [http-nio-8095-exec-1] o.s.w.s.m.m.a.HttpEntityMethodProcessor  : Using 'application/json', given [*/*] and supported [application/json, application/*+json]
2026-05-20T16:38:48.394-04:00 DEBUG 5880 --- [shelter-service] [http-nio-8095-exec-1] o.s.w.s.m.m.a.HttpEntityMethodProcessor  : Writing [ErrorResponse[timestamp=2026-05-20T16:38:48.379282200, status=500, error=Internal Server Error, mess (truncated)...]
2026-05-20T16:38:48.395-04:00 DEBUG 5880 --- [shelter-service] [http-nio-8095-exec-1] .m.m.a.ExceptionHandlerExceptionResolver : Resolved [org.springframework.web.servlet.resource.NoResourceFoundException: No static resource shelters/by-id.]
2026-05-20T16:38:48.395-04:00 DEBUG 5880 --- [shelter-service] [http-nio-8095-exec-1] o.s.web.servlet.DispatcherServlet        : Completed 500 INTERNAL_SERVER_ERROR
2026-05-20T16:38:48.531-04:00 DEBUG 5880 --- [shelter-service] [pool-2-thread-2] c.a.s.client.UserServiceClient           : [UserServiceClient#getUserAuthByEmail] ---> GET http://localhost:8081/user-app/users/by-email/admin%40empresa.com/auth HTTP/1.1
2026-05-20T16:38:48.669-04:00 DEBUG 5880 --- [shelter-service] [pool-2-thread-2] c.a.s.client.UserServiceClient           : [UserServiceClient#getUserAuthByEmail] <--- HTTP/1.1 200 (135ms)
2026-05-20T16:38:48.669-04:00 DEBUG 5880 --- [shelter-service] [pool-2-thread-2] o.s.w.c.HttpMessageConverterExtractor    : Reading to [com.adoptapp.sharedkernel.dto.UserAuthResponse]
2026-05-20T16:38:48.781-04:00 DEBUG 5880 --- [shelter-service] [http-nio-8095-exec-5] o.s.web.servlet.DispatcherServlet        : POST "/shelter-app/shelters?userId=18", parameters={masked}
2026-05-20T16:38:48.781-04:00 DEBUG 5880 --- [shelter-service] [http-nio-8095-exec-5] s.w.s.m.m.a.RequestMappingHandlerMapping : Mapped to com.adoptapp.shelterservice.controller.ShelterController#create(ShelterRequest, Long)
2026-05-20T16:38:48.834-04:00 DEBUG 5880 --- [shelter-service] [http-nio-8095-exec-5] m.m.a.RequestResponseBodyMethodProcessor : Read "application/json;charset=UTF-8" to [ShelterRequest[name=Happy Paws Shelter, email=contact@happypaws.org, phone=+1234567890, description= (truncated)...]
2026-05-20T16:38:48.976-04:00  INFO 5880 --- [shelter-service] [http-nio-8095-exec-5] c.a.s.service.ShelterService             : Creando refugio: name=Happy Paws Shelter, email=contact@happypaws.org
2026-05-20T16:38:48.977-04:00 DEBUG 5880 --- [shelter-service] [pool-2-thread-2] c.a.s.client.UserServiceClient           : [UserServiceClient#getUserById] ---> GET http://localhost:8081/user-app/users/by-id/18 HTTP/1.1
2026-05-20T16:38:49.095-04:00 DEBUG 5880 --- [shelter-service] [pool-2-thread-2] c.a.s.client.UserServiceClient           : [UserServiceClient#getUserById] <--- HTTP/1.1 404 (123ms)
2026-05-20T16:38:49.095-04:00  WARN 5880 --- [shelter-service] [http-nio-8095-exec-5] c.a.s.client.UserServiceClientFallback   : User-service no disponible para userId 18
2026-05-20T16:38:49.095-04:00  WARN 5880 --- [shelter-service] [http-nio-8095-exec-5] c.a.s.service.ShelterService             : Usuario no encontrado: ID=18
2026-05-20T16:38:49.095-04:00 DEBUG 5880 --- [shelter-service] [http-nio-8095-exec-5] .m.m.a.ExceptionHandlerExceptionResolver : Using @ExceptionHandler com.adoptapp.shelterservice.exception.GlobalExceptionHandler#handleIllegalArgument(IllegalArgumentException, HttpServletRequest)
2026-05-20T16:38:49.095-04:00 DEBUG 5880 --- [shelter-service] [http-nio-8095-exec-5] o.s.w.s.m.m.a.HttpEntityMethodProcessor  : Using 'application/json', given [*/*] and supported [application/json, application/*+json]
2026-05-20T16:38:49.095-04:00 DEBUG 5880 --- [shelter-service] [http-nio-8095-exec-5] o.s.w.s.m.m.a.HttpEntityMethodProcessor  : Writing [ErrorResponse[timestamp=2026-05-20T16:38:49.095711300, status=400, error=Bad Request, message=El usu (truncated)...]
2026-05-20T16:38:49.095-04:00 DEBUG 5880 --- [shelter-service] [http-nio-8095-exec-5] .m.m.a.ExceptionHandlerExceptionResolver : Resolved [java.lang.IllegalArgumentException: El usuario con ID 18 no existe]
2026-05-20T16:38:49.110-04:00 DEBUG 5880 --- [shelter-service] [http-nio-8095-exec-5] o.s.web.servlet.DispatcherServlet        : Completed 400 BAD_REQUEST
2026-05-20T16:38:49.170-04:00 DEBUG 5880 --- [shelter-service] [pool-2-thread-2] c.a.s.client.UserServiceClient           : [UserServiceClient#getUserAuthByEmail] ---> GET http://localhost:8081/user-app/users/by-email/admin%40empresa.com/auth HTTP/1.1
2026-05-20T16:38:49.299-04:00 DEBUG 5880 --- [shelter-service] [pool-2-thread-2] c.a.s.client.UserServiceClient           : [UserServiceClient#getUserAuthByEmail] <--- HTTP/1.1 200 (128ms)
2026-05-20T16:38:49.299-04:00 DEBUG 5880 --- [shelter-service] [pool-2-thread-2] o.s.w.c.HttpMessageConverterExtractor    : Reading to [com.adoptapp.sharedkernel.dto.UserAuthResponse]
2026-05-20T16:38:49.417-04:00 DEBUG 5880 --- [shelter-service] [http-nio-8095-exec-7] o.s.web.servlet.DispatcherServlet        : PUT "/shelter-app/shelters/by-id/?userId=18", parameters={masked}
2026-05-20T16:38:49.417-04:00 DEBUG 5880 --- [shelter-service] [http-nio-8095-exec-7] o.s.w.s.handler.SimpleUrlHandlerMapping  : Mapped to ResourceHttpRequestHandler [classpath [META-INF/resources/], classpath [resources/], classpath [static/], classpath [public/], ServletContext [/]]
2026-05-20T16:38:49.417-04:00 DEBUG 5880 --- [shelter-service] [http-nio-8095-exec-7] o.s.w.s.r.ResourceHttpRequestHandler     : Resource not found
2026-05-20T16:38:49.417-04:00 DEBUG 5880 --- [shelter-service] [http-nio-8095-exec-7] .m.m.a.ExceptionHandlerExceptionResolver : Using @ExceptionHandler com.adoptapp.shelterservice.exception.GlobalExceptionHandler#handleGeneric(Exception, HttpServletRequest)
2026-05-20T16:38:49.417-04:00 ERROR 5880 --- [shelter-service] [http-nio-8095-exec-7] c.a.s.exception.GlobalExceptionHandler   : Error interno no manejado en /shelter-app/shelters/by-id/: No static resource shelters/by-id.

org.springframework.web.servlet.resource.NoResourceFoundException: No static resource shelters/by-id.
	at org.springframework.web.servlet.resource.ResourceHttpRequestHandler.handleRequest(ResourceHttpRequestHandler.java:585) ~[spring-webmvc-6.2.6.jar:6.2.6]
	at org.springframework.web.servlet.mvc.HttpRequestHandlerAdapter.handle(HttpRequestHandlerAdapter.java:52) ~[spring-webmvc-6.2.6.jar:6.2.6]
	at org.springframework.web.servlet.DispatcherServlet.doDispatch(DispatcherServlet.java:1089) ~[spring-webmvc-6.2.6.jar:6.2.6]
	at org.springframework.web.servlet.DispatcherServlet.doService(DispatcherServlet.java:979) ~[spring-webmvc-6.2.6.jar:6.2.6]
	at org.springframework.web.servlet.FrameworkServlet.processRequest(FrameworkServlet.java:1014) ~[spring-webmvc-6.2.6.jar:6.2.6]
	at org.springframework.web.servlet.FrameworkServlet.doPut(FrameworkServlet.java:925) ~[spring-webmvc-6.2.6.jar:6.2.6]
	at jakarta.servlet.http.HttpServlet.service(HttpServlet.java:593) ~[tomcat-embed-core-10.1.40.jar:6.0]
	at org.springframework.web.servlet.FrameworkServlet.service(FrameworkServlet.java:885) ~[spring-webmvc-6.2.6.jar:6.2.6]
	at jakarta.servlet.http.HttpServlet.service(HttpServlet.java:658) ~[tomcat-embed-core-10.1.40.jar:6.0]
	at org.apache.catalina.core.ApplicationFilterChain.internalDoFilter(ApplicationFilterChain.java:195) ~[tomcat-embed-core-10.1.40.jar:10.1.40]
	at org.apache.catalina.core.ApplicationFilterChain.doFilter(ApplicationFilterChain.java:140) ~[tomcat-embed-core-10.1.40.jar:10.1.40]
	at org.apache.tomcat.websocket.server.WsFilter.doFilter(WsFilter.java:51) ~[tomcat-embed-websocket-10.1.40.jar:10.1.40]
	at org.apache.catalina.core.ApplicationFilterChain.internalDoFilter(ApplicationFilterChain.java:164) ~[tomcat-embed-core-10.1.40.jar:10.1.40]
	at org.apache.catalina.core.ApplicationFilterChain.doFilter(ApplicationFilterChain.java:140) ~[tomcat-embed-core-10.1.40.jar:10.1.40]
	at org.springframework.web.filter.CompositeFilter$VirtualFilterChain.doFilter(CompositeFilter.java:108) ~[spring-web-6.2.6.jar:6.2.6]
	at org.springframework.security.web.FilterChainProxy.lambda$doFilterInternal$3(FilterChainProxy.java:231) ~[spring-security-web-6.4.5.jar:6.4.5]
	at org.springframework.security.web.FilterChainProxy$VirtualFilterChain.doFilter(FilterChainProxy.java:365) ~[spring-security-web-6.4.5.jar:6.4.5]
	at org.springframework.security.web.access.intercept.AuthorizationFilter.doFilter(AuthorizationFilter.java:101) ~[spring-security-web-6.4.5.jar:6.4.5]
	at org.springframework.security.web.FilterChainProxy$VirtualFilterChain.doFilter(FilterChainProxy.java:374) ~[spring-security-web-6.4.5.jar:6.4.5]
	at org.springframework.security.web.access.ExceptionTranslationFilter.doFilter(ExceptionTranslationFilter.java:126) ~[spring-security-web-6.4.5.jar:6.4.5]
	at org.springframework.security.web.access.ExceptionTranslationFilter.doFilter(ExceptionTranslationFilter.java:120) ~[spring-security-web-6.4.5.jar:6.4.5]
	at org.springframework.security.web.FilterChainProxy$VirtualFilterChain.doFilter(FilterChainProxy.java:374) ~[spring-security-web-6.4.5.jar:6.4.5]
	at org.springframework.security.web.session.SessionManagementFilter.doFilter(SessionManagementFilter.java:131) ~[spring-security-web-6.4.5.jar:6.4.5]
	at org.springframework.security.web.session.SessionManagementFilter.doFilter(SessionManagementFilter.java:85) ~[spring-security-web-6.4.5.jar:6.4.5]
	at org.springframework.security.web.FilterChainProxy$VirtualFilterChain.doFilter(FilterChainProxy.java:374) ~[spring-security-web-6.4.5.jar:6.4.5]
	at org.springframework.security.web.authentication.AnonymousAuthenticationFilter.doFilter(AnonymousAuthenticationFilter.java:100) ~[spring-security-web-6.4.5.jar:6.4.5]
	at org.springframework.security.web.FilterChainProxy$VirtualFilterChain.doFilter(FilterChainProxy.java:374) ~[spring-security-web-6.4.5.jar:6.4.5]
	at org.springframework.security.web.servletapi.SecurityContextHolderAwareRequestFilter.doFilter(SecurityContextHolderAwareRequestFilter.java:179) ~[spring-security-web-6.4.5.jar:6.4.5]
	at org.springframework.security.web.FilterChainProxy$VirtualFilterChain.doFilter(FilterChainProxy.java:374) ~[spring-security-web-6.4.5.jar:6.4.5]
	at org.springframework.security.web.savedrequest.RequestCacheAwareFilter.doFilter(RequestCacheAwareFilter.java:63) ~[spring-security-web-6.4.5.jar:6.4.5]
	at org.springframework.security.web.FilterChainProxy$VirtualFilterChain.doFilter(FilterChainProxy.java:374) ~[spring-security-web-6.4.5.jar:6.4.5]
	at org.springframework.security.web.authentication.www.BasicAuthenticationFilter.doFilterInternal(BasicAuthenticationFilter.java:213) ~[spring-security-web-6.4.5.jar:6.4.5]
	at org.springframework.web.filter.OncePerRequestFilter.doFilter(OncePerRequestFilter.java:116) ~[spring-web-6.2.6.jar:6.2.6]
	at org.springframework.security.web.FilterChainProxy$VirtualFilterChain.doFilter(FilterChainProxy.java:374) ~[spring-security-web-6.4.5.jar:6.4.5]
	at org.springframework.security.web.authentication.logout.LogoutFilter.doFilter(LogoutFilter.java:107) ~[spring-security-web-6.4.5.jar:6.4.5]
	at org.springframework.security.web.authentication.logout.LogoutFilter.doFilter(LogoutFilter.java:93) ~[spring-security-web-6.4.5.jar:6.4.5]
	at org.springframework.security.web.FilterChainProxy$VirtualFilterChain.doFilter(FilterChainProxy.java:374) ~[spring-security-web-6.4.5.jar:6.4.5]
	at org.springframework.security.web.header.HeaderWriterFilter.doHeadersAfter(HeaderWriterFilter.java:90) ~[spring-security-web-6.4.5.jar:6.4.5]
	at org.springframework.security.web.header.HeaderWriterFilter.doFilterInternal(HeaderWriterFilter.java:75) ~[spring-security-web-6.4.5.jar:6.4.5]
	at org.springframework.web.filter.OncePerRequestFilter.doFilter(OncePerRequestFilter.java:116) ~[spring-web-6.2.6.jar:6.2.6]
	at org.springframework.security.web.FilterChainProxy$VirtualFilterChain.doFilter(FilterChainProxy.java:374) ~[spring-security-web-6.4.5.jar:6.4.5]
	at org.springframework.security.web.context.SecurityContextHolderFilter.doFilter(SecurityContextHolderFilter.java:82) ~[spring-security-web-6.4.5.jar:6.4.5]
	at org.springframework.security.web.context.SecurityContextHolderFilter.doFilter(SecurityContextHolderFilter.java:69) ~[spring-security-web-6.4.5.jar:6.4.5]
	at org.springframework.security.web.FilterChainProxy$VirtualFilterChain.doFilter(FilterChainProxy.java:374) ~[spring-security-web-6.4.5.jar:6.4.5]
	at org.springframework.security.web.context.request.async.WebAsyncManagerIntegrationFilter.doFilterInternal(WebAsyncManagerIntegrationFilter.java:62) ~[spring-security-web-6.4.5.jar:6.4.5]
	at org.springframework.web.filter.OncePerRequestFilter.doFilter(OncePerRequestFilter.java:116) ~[spring-web-6.2.6.jar:6.2.6]
	at org.springframework.security.web.FilterChainProxy$VirtualFilterChain.doFilter(FilterChainProxy.java:374) ~[spring-security-web-6.4.5.jar:6.4.5]
	at org.springframework.security.web.session.DisableEncodeUrlFilter.doFilterInternal(DisableEncodeUrlFilter.java:42) ~[spring-security-web-6.4.5.jar:6.4.5]
	at org.springframework.web.filter.OncePerRequestFilter.doFilter(OncePerRequestFilter.java:116) ~[spring-web-6.2.6.jar:6.2.6]
	at org.springframework.security.web.FilterChainProxy$VirtualFilterChain.doFilter(FilterChainProxy.java:374) ~[spring-security-web-6.4.5.jar:6.4.5]
	at org.springframework.security.web.FilterChainProxy.doFilterInternal(FilterChainProxy.java:233) ~[spring-security-web-6.4.5.jar:6.4.5]
	at org.springframework.security.web.FilterChainProxy.doFilter(FilterChainProxy.java:191) ~[spring-security-web-6.4.5.jar:6.4.5]
	at org.springframework.web.filter.CompositeFilter$VirtualFilterChain.doFilter(CompositeFilter.java:113) ~[spring-web-6.2.6.jar:6.2.6]
	at org.springframework.web.servlet.handler.HandlerMappingIntrospector.lambda$createCacheFilter$3(HandlerMappingIntrospector.java:243) ~[spring-webmvc-6.2.6.jar:6.2.6]
	at org.springframework.web.filter.CompositeFilter$VirtualFilterChain.doFilter(CompositeFilter.java:113) ~[spring-web-6.2.6.jar:6.2.6]
	at org.springframework.web.filter.CompositeFilter.doFilter(CompositeFilter.java:74) ~[spring-web-6.2.6.jar:6.2.6]
	at org.springframework.security.config.annotation.web.configuration.WebMvcSecurityConfiguration$CompositeFilterChainProxy.doFilter(WebMvcSecurityConfiguration.java:238) ~[spring-security-config-6.4.5.jar:6.4.5]
	at org.springframework.web.filter.DelegatingFilterProxy.invokeDelegate(DelegatingFilterProxy.java:362) ~[spring-web-6.2.6.jar:6.2.6]
	at org.springframework.web.filter.DelegatingFilterProxy.doFilter(DelegatingFilterProxy.java:278) ~[spring-web-6.2.6.jar:6.2.6]
	at org.apache.catalina.core.ApplicationFilterChain.internalDoFilter(ApplicationFilterChain.java:164) ~[tomcat-embed-core-10.1.40.jar:10.1.40]
	at org.apache.catalina.core.ApplicationFilterChain.doFilter(ApplicationFilterChain.java:140) ~[tomcat-embed-core-10.1.40.jar:10.1.40]
	at org.springframework.web.filter.RequestContextFilter.doFilterInternal(RequestContextFilter.java:100) ~[spring-web-6.2.6.jar:6.2.6]
	at org.springframework.web.filter.OncePerRequestFilter.doFilter(OncePerRequestFilter.java:116) ~[spring-web-6.2.6.jar:6.2.6]
	at org.apache.catalina.core.ApplicationFilterChain.internalDoFilter(ApplicationFilterChain.java:164) ~[tomcat-embed-core-10.1.40.jar:10.1.40]
	at org.apache.catalina.core.ApplicationFilterChain.doFilter(ApplicationFilterChain.java:140) ~[tomcat-embed-core-10.1.40.jar:10.1.40]
	at org.springframework.web.filter.FormContentFilter.doFilterInternal(FormContentFilter.java:93) ~[spring-web-6.2.6.jar:6.2.6]
	at org.springframework.web.filter.OncePerRequestFilter.doFilter(OncePerRequestFilter.java:116) ~[spring-web-6.2.6.jar:6.2.6]
	at org.apache.catalina.core.ApplicationFilterChain.internalDoFilter(ApplicationFilterChain.java:164) ~[tomcat-embed-core-10.1.40.jar:10.1.40]
	at org.apache.catalina.core.ApplicationFilterChain.doFilter(ApplicationFilterChain.java:140) ~[tomcat-embed-core-10.1.40.jar:10.1.40]
	at org.springframework.web.filter.CharacterEncodingFilter.doFilterInternal(CharacterEncodingFilter.java:201) ~[spring-web-6.2.6.jar:6.2.6]
	at org.springframework.web.filter.OncePerRequestFilter.doFilter(OncePerRequestFilter.java:116) ~[spring-web-6.2.6.jar:6.2.6]
	at org.apache.catalina.core.ApplicationFilterChain.internalDoFilter(ApplicationFilterChain.java:164) ~[tomcat-embed-core-10.1.40.jar:10.1.40]
	at org.apache.catalina.core.ApplicationFilterChain.doFilter(ApplicationFilterChain.java:140) ~[tomcat-embed-core-10.1.40.jar:10.1.40]
	at org.apache.catalina.core.StandardWrapperValve.invoke(StandardWrapperValve.java:167) ~[tomcat-embed-core-10.1.40.jar:10.1.40]
	at org.apache.catalina.core.StandardContextValve.invoke(StandardContextValve.java:90) ~[tomcat-embed-core-10.1.40.jar:10.1.40]
	at org.apache.catalina.authenticator.AuthenticatorBase.invoke(AuthenticatorBase.java:483) ~[tomcat-embed-core-10.1.40.jar:10.1.40]
	at org.apache.catalina.core.StandardHostValve.invoke(StandardHostValve.java:116) ~[tomcat-embed-core-10.1.40.jar:10.1.40]
	at org.apache.catalina.valves.ErrorReportValve.invoke(ErrorReportValve.java:93) ~[tomcat-embed-core-10.1.40.jar:10.1.40]
	at org.apache.catalina.core.StandardEngineValve.invoke(StandardEngineValve.java:74) ~[tomcat-embed-core-10.1.40.jar:10.1.40]
	at org.apache.catalina.connector.CoyoteAdapter.service(CoyoteAdapter.java:344) ~[tomcat-embed-core-10.1.40.jar:10.1.40]
	at org.apache.coyote.http11.Http11Processor.service(Http11Processor.java:398) ~[tomcat-embed-core-10.1.40.jar:10.1.40]
	at org.apache.coyote.AbstractProcessorLight.process(AbstractProcessorLight.java:63) ~[tomcat-embed-core-10.1.40.jar:10.1.40]
	at org.apache.coyote.AbstractProtocol$ConnectionHandler.process(AbstractProtocol.java:903) ~[tomcat-embed-core-10.1.40.jar:10.1.40]
	at org.apache.tomcat.util.net.NioEndpoint$SocketProcessor.doRun(NioEndpoint.java:1740) ~[tomcat-embed-core-10.1.40.jar:10.1.40]
	at org.apache.tomcat.util.net.SocketProcessorBase.run(SocketProcessorBase.java:52) ~[tomcat-embed-core-10.1.40.jar:10.1.40]
	at org.apache.tomcat.util.threads.ThreadPoolExecutor.runWorker(ThreadPoolExecutor.java:1189) ~[tomcat-embed-core-10.1.40.jar:10.1.40]
	at org.apache.tomcat.util.threads.ThreadPoolExecutor$Worker.run(ThreadPoolExecutor.java:658) ~[tomcat-embed-core-10.1.40.jar:10.1.40]
	at org.apache.tomcat.util.threads.TaskThread$WrappingRunnable.run(TaskThread.java:63) ~[tomcat-embed-core-10.1.40.jar:10.1.40]
	at java.base/java.lang.Thread.run(Thread.java:1516) ~[na:na]

2026-05-20T16:38:49.417-04:00 DEBUG 5880 --- [shelter-service] [http-nio-8095-exec-7] o.s.w.s.m.m.a.HttpEntityMethodProcessor  : Using 'application/json', given [*/*] and supported [application/json, application/*+json]
2026-05-20T16:38:49.417-04:00 DEBUG 5880 --- [shelter-service] [http-nio-8095-exec-7] o.s.w.s.m.m.a.HttpEntityMethodProcessor  : Writing [ErrorResponse[timestamp=2026-05-20T16:38:49.417955400, status=500, error=Internal Server Error, mess (truncated)...]
2026-05-20T16:38:49.417-04:00 DEBUG 5880 --- [shelter-service] [http-nio-8095-exec-7] .m.m.a.ExceptionHandlerExceptionResolver : Resolved [org.springframework.web.servlet.resource.NoResourceFoundException: No static resource shelters/by-id.]
2026-05-20T16:38:49.417-04:00 DEBUG 5880 --- [shelter-service] [http-nio-8095-exec-7] o.s.web.servlet.DispatcherServlet        : Completed 500 INTERNAL_SERVER_ERROR
2026-05-20T16:38:49.484-04:00 DEBUG 5880 --- [shelter-service] [pool-2-thread-2] c.a.s.client.UserServiceClient           : [UserServiceClient#getUserAuthByEmail] ---> GET http://localhost:8081/user-app/users/by-email/admin%40empresa.com/auth HTTP/1.1
2026-05-20T16:38:49.598-04:00 DEBUG 5880 --- [shelter-service] [pool-2-thread-2] c.a.s.client.UserServiceClient           : [UserServiceClient#getUserAuthByEmail] <--- HTTP/1.1 200 (124ms)
2026-05-20T16:38:49.598-04:00 DEBUG 5880 --- [shelter-service] [pool-2-thread-2] o.s.w.c.HttpMessageConverterExtractor    : Reading to [com.adoptapp.sharedkernel.dto.UserAuthResponse]
2026-05-20T16:38:49.733-04:00 DEBUG 5880 --- [shelter-service] [http-nio-8095-exec-9] o.s.web.servlet.DispatcherServlet        : DELETE "/shelter-app/shelters/by-id/?userId=18", parameters={masked}
2026-05-20T16:38:49.733-04:00 DEBUG 5880 --- [shelter-service] [http-nio-8095-exec-9] o.s.w.s.handler.SimpleUrlHandlerMapping  : Mapped to ResourceHttpRequestHandler [classpath [META-INF/resources/], classpath [resources/], classpath [static/], classpath [public/], ServletContext [/]]
2026-05-20T16:38:49.733-04:00 DEBUG 5880 --- [shelter-service] [http-nio-8095-exec-9] o.s.w.s.r.ResourceHttpRequestHandler     : Resource not found
2026-05-20T16:38:49.733-04:00 DEBUG 5880 --- [shelter-service] [http-nio-8095-exec-9] .m.m.a.ExceptionHandlerExceptionResolver : Using @ExceptionHandler com.adoptapp.shelterservice.exception.GlobalExceptionHandler#handleGeneric(Exception, HttpServletRequest)
2026-05-20T16:38:49.733-04:00 ERROR 5880 --- [shelter-service] [http-nio-8095-exec-9] c.a.s.exception.GlobalExceptionHandler   : Error interno no manejado en /shelter-app/shelters/by-id/: No static resource shelters/by-id.

org.springframework.web.servlet.resource.NoResourceFoundException: No static resource shelters/by-id.
	at org.springframework.web.servlet.resource.ResourceHttpRequestHandler.handleRequest(ResourceHttpRequestHandler.java:585) ~[spring-webmvc-6.2.6.jar:6.2.6]
	at org.springframework.web.servlet.mvc.HttpRequestHandlerAdapter.handle(HttpRequestHandlerAdapter.java:52) ~[spring-webmvc-6.2.6.jar:6.2.6]
	at org.springframework.web.servlet.DispatcherServlet.doDispatch(DispatcherServlet.java:1089) ~[spring-webmvc-6.2.6.jar:6.2.6]
	at org.springframework.web.servlet.DispatcherServlet.doService(DispatcherServlet.java:979) ~[spring-webmvc-6.2.6.jar:6.2.6]
	at org.springframework.web.servlet.FrameworkServlet.processRequest(FrameworkServlet.java:1014) ~[spring-webmvc-6.2.6.jar:6.2.6]
	at org.springframework.web.servlet.FrameworkServlet.doDelete(FrameworkServlet.java:936) ~[spring-webmvc-6.2.6.jar:6.2.6]
	at jakarta.servlet.http.HttpServlet.service(HttpServlet.java:596) ~[tomcat-embed-core-10.1.40.jar:6.0]
	at org.springframework.web.servlet.FrameworkServlet.service(FrameworkServlet.java:885) ~[spring-webmvc-6.2.6.jar:6.2.6]
	at jakarta.servlet.http.HttpServlet.service(HttpServlet.java:658) ~[tomcat-embed-core-10.1.40.jar:6.0]
	at org.apache.catalina.core.ApplicationFilterChain.internalDoFilter(ApplicationFilterChain.java:195) ~[tomcat-embed-core-10.1.40.jar:10.1.40]
	at org.apache.catalina.core.ApplicationFilterChain.doFilter(ApplicationFilterChain.java:140) ~[tomcat-embed-core-10.1.40.jar:10.1.40]
	at org.apache.tomcat.websocket.server.WsFilter.doFilter(WsFilter.java:51) ~[tomcat-embed-websocket-10.1.40.jar:10.1.40]
	at org.apache.catalina.core.ApplicationFilterChain.internalDoFilter(ApplicationFilterChain.java:164) ~[tomcat-embed-core-10.1.40.jar:10.1.40]
	at org.apache.catalina.core.ApplicationFilterChain.doFilter(ApplicationFilterChain.java:140) ~[tomcat-embed-core-10.1.40.jar:10.1.40]
	at org.springframework.web.filter.CompositeFilter$VirtualFilterChain.doFilter(CompositeFilter.java:108) ~[spring-web-6.2.6.jar:6.2.6]
	at org.springframework.security.web.FilterChainProxy.lambda$doFilterInternal$3(FilterChainProxy.java:231) ~[spring-security-web-6.4.5.jar:6.4.5]
	at org.springframework.security.web.FilterChainProxy$VirtualFilterChain.doFilter(FilterChainProxy.java:365) ~[spring-security-web-6.4.5.jar:6.4.5]
	at org.springframework.security.web.access.intercept.AuthorizationFilter.doFilter(AuthorizationFilter.java:101) ~[spring-security-web-6.4.5.jar:6.4.5]
	at org.springframework.security.web.FilterChainProxy$VirtualFilterChain.doFilter(FilterChainProxy.java:374) ~[spring-security-web-6.4.5.jar:6.4.5]
	at org.springframework.security.web.access.ExceptionTranslationFilter.doFilter(ExceptionTranslationFilter.java:126) ~[spring-security-web-6.4.5.jar:6.4.5]
	at org.springframework.security.web.access.ExceptionTranslationFilter.doFilter(ExceptionTranslationFilter.java:120) ~[spring-security-web-6.4.5.jar:6.4.5]
	at org.springframework.security.web.FilterChainProxy$VirtualFilterChain.doFilter(FilterChainProxy.java:374) ~[spring-security-web-6.4.5.jar:6.4.5]
	at org.springframework.security.web.session.SessionManagementFilter.doFilter(SessionManagementFilter.java:131) ~[spring-security-web-6.4.5.jar:6.4.5]
	at org.springframework.security.web.session.SessionManagementFilter.doFilter(SessionManagementFilter.java:85) ~[spring-security-web-6.4.5.jar:6.4.5]
	at org.springframework.security.web.FilterChainProxy$VirtualFilterChain.doFilter(FilterChainProxy.java:374) ~[spring-security-web-6.4.5.jar:6.4.5]
	at org.springframework.security.web.authentication.AnonymousAuthenticationFilter.doFilter(AnonymousAuthenticationFilter.java:100) ~[spring-security-web-6.4.5.jar:6.4.5]
	at org.springframework.security.web.FilterChainProxy$VirtualFilterChain.doFilter(FilterChainProxy.java:374) ~[spring-security-web-6.4.5.jar:6.4.5]
	at org.springframework.security.web.servletapi.SecurityContextHolderAwareRequestFilter.doFilter(SecurityContextHolderAwareRequestFilter.java:179) ~[spring-security-web-6.4.5.jar:6.4.5]
	at org.springframework.security.web.FilterChainProxy$VirtualFilterChain.doFilter(FilterChainProxy.java:374) ~[spring-security-web-6.4.5.jar:6.4.5]
	at org.springframework.security.web.savedrequest.RequestCacheAwareFilter.doFilter(RequestCacheAwareFilter.java:63) ~[spring-security-web-6.4.5.jar:6.4.5]
	at org.springframework.security.web.FilterChainProxy$VirtualFilterChain.doFilter(FilterChainProxy.java:374) ~[spring-security-web-6.4.5.jar:6.4.5]
	at org.springframework.security.web.authentication.www.BasicAuthenticationFilter.doFilterInternal(BasicAuthenticationFilter.java:213) ~[spring-security-web-6.4.5.jar:6.4.5]
	at org.springframework.web.filter.OncePerRequestFilter.doFilter(OncePerRequestFilter.java:116) ~[spring-web-6.2.6.jar:6.2.6]
	at org.springframework.security.web.FilterChainProxy$VirtualFilterChain.doFilter(FilterChainProxy.java:374) ~[spring-security-web-6.4.5.jar:6.4.5]
	at org.springframework.security.web.authentication.logout.LogoutFilter.doFilter(LogoutFilter.java:107) ~[spring-security-web-6.4.5.jar:6.4.5]
	at org.springframework.security.web.authentication.logout.LogoutFilter.doFilter(LogoutFilter.java:93) ~[spring-security-web-6.4.5.jar:6.4.5]
	at org.springframework.security.web.FilterChainProxy$VirtualFilterChain.doFilter(FilterChainProxy.java:374) ~[spring-security-web-6.4.5.jar:6.4.5]
	at org.springframework.security.web.header.HeaderWriterFilter.doHeadersAfter(HeaderWriterFilter.java:90) ~[spring-security-web-6.4.5.jar:6.4.5]
	at org.springframework.security.web.header.HeaderWriterFilter.doFilterInternal(HeaderWriterFilter.java:75) ~[spring-security-web-6.4.5.jar:6.4.5]
	at org.springframework.web.filter.OncePerRequestFilter.doFilter(OncePerRequestFilter.java:116) ~[spring-web-6.2.6.jar:6.2.6]
	at org.springframework.security.web.FilterChainProxy$VirtualFilterChain.doFilter(FilterChainProxy.java:374) ~[spring-security-web-6.4.5.jar:6.4.5]
	at org.springframework.security.web.context.SecurityContextHolderFilter.doFilter(SecurityContextHolderFilter.java:82) ~[spring-security-web-6.4.5.jar:6.4.5]
	at org.springframework.security.web.context.SecurityContextHolderFilter.doFilter(SecurityContextHolderFilter.java:69) ~[spring-security-web-6.4.5.jar:6.4.5]
	at org.springframework.security.web.FilterChainProxy$VirtualFilterChain.doFilter(FilterChainProxy.java:374) ~[spring-security-web-6.4.5.jar:6.4.5]
	at org.springframework.security.web.context.request.async.WebAsyncManagerIntegrationFilter.doFilterInternal(WebAsyncManagerIntegrationFilter.java:62) ~[spring-security-web-6.4.5.jar:6.4.5]
	at org.springframework.web.filter.OncePerRequestFilter.doFilter(OncePerRequestFilter.java:116) ~[spring-web-6.2.6.jar:6.2.6]
	at org.springframework.security.web.FilterChainProxy$VirtualFilterChain.doFilter(FilterChainProxy.java:374) ~[spring-security-web-6.4.5.jar:6.4.5]
	at org.springframework.security.web.session.DisableEncodeUrlFilter.doFilterInternal(DisableEncodeUrlFilter.java:42) ~[spring-security-web-6.4.5.jar:6.4.5]
	at org.springframework.web.filter.OncePerRequestFilter.doFilter(OncePerRequestFilter.java:116) ~[spring-web-6.2.6.jar:6.2.6]
	at org.springframework.security.web.FilterChainProxy$VirtualFilterChain.doFilter(FilterChainProxy.java:374) ~[spring-security-web-6.4.5.jar:6.4.5]
	at org.springframework.security.web.FilterChainProxy.doFilterInternal(FilterChainProxy.java:233) ~[spring-security-web-6.4.5.jar:6.4.5]
	at org.springframework.security.web.FilterChainProxy.doFilter(FilterChainProxy.java:191) ~[spring-security-web-6.4.5.jar:6.4.5]
	at org.springframework.web.filter.CompositeFilter$VirtualFilterChain.doFilter(CompositeFilter.java:113) ~[spring-web-6.2.6.jar:6.2.6]
	at org.springframework.web.servlet.handler.HandlerMappingIntrospector.lambda$createCacheFilter$3(HandlerMappingIntrospector.java:243) ~[spring-webmvc-6.2.6.jar:6.2.6]
	at org.springframework.web.filter.CompositeFilter$VirtualFilterChain.doFilter(CompositeFilter.java:113) ~[spring-web-6.2.6.jar:6.2.6]
	at org.springframework.web.filter.CompositeFilter.doFilter(CompositeFilter.java:74) ~[spring-web-6.2.6.jar:6.2.6]
	at org.springframework.security.config.annotation.web.configuration.WebMvcSecurityConfiguration$CompositeFilterChainProxy.doFilter(WebMvcSecurityConfiguration.java:238) ~[spring-security-config-6.4.5.jar:6.4.5]
	at org.springframework.web.filter.DelegatingFilterProxy.invokeDelegate(DelegatingFilterProxy.java:362) ~[spring-web-6.2.6.jar:6.2.6]
	at org.springframework.web.filter.DelegatingFilterProxy.doFilter(DelegatingFilterProxy.java:278) ~[spring-web-6.2.6.jar:6.2.6]
	at org.apache.catalina.core.ApplicationFilterChain.internalDoFilter(ApplicationFilterChain.java:164) ~[tomcat-embed-core-10.1.40.jar:10.1.40]
	at org.apache.catalina.core.ApplicationFilterChain.doFilter(ApplicationFilterChain.java:140) ~[tomcat-embed-core-10.1.40.jar:10.1.40]
	at org.springframework.web.filter.RequestContextFilter.doFilterInternal(RequestContextFilter.java:100) ~[spring-web-6.2.6.jar:6.2.6]
	at org.springframework.web.filter.OncePerRequestFilter.doFilter(OncePerRequestFilter.java:116) ~[spring-web-6.2.6.jar:6.2.6]
	at org.apache.catalina.core.ApplicationFilterChain.internalDoFilter(ApplicationFilterChain.java:164) ~[tomcat-embed-core-10.1.40.jar:10.1.40]
	at org.apache.catalina.core.ApplicationFilterChain.doFilter(ApplicationFilterChain.java:140) ~[tomcat-embed-core-10.1.40.jar:10.1.40]
	at org.springframework.web.filter.FormContentFilter.doFilterInternal(FormContentFilter.java:93) ~[spring-web-6.2.6.jar:6.2.6]
	at org.springframework.web.filter.OncePerRequestFilter.doFilter(OncePerRequestFilter.java:116) ~[spring-web-6.2.6.jar:6.2.6]
	at org.apache.catalina.core.ApplicationFilterChain.internalDoFilter(ApplicationFilterChain.java:164) ~[tomcat-embed-core-10.1.40.jar:10.1.40]
	at org.apache.catalina.core.ApplicationFilterChain.doFilter(ApplicationFilterChain.java:140) ~[tomcat-embed-core-10.1.40.jar:10.1.40]
	at org.springframework.web.filter.CharacterEncodingFilter.doFilterInternal(CharacterEncodingFilter.java:201) ~[spring-web-6.2.6.jar:6.2.6]
	at org.springframework.web.filter.OncePerRequestFilter.doFilter(OncePerRequestFilter.java:116) ~[spring-web-6.2.6.jar:6.2.6]
	at org.apache.catalina.core.ApplicationFilterChain.internalDoFilter(ApplicationFilterChain.java:164) ~[tomcat-embed-core-10.1.40.jar:10.1.40]
	at org.apache.catalina.core.ApplicationFilterChain.doFilter(ApplicationFilterChain.java:140) ~[tomcat-embed-core-10.1.40.jar:10.1.40]
	at org.apache.catalina.core.StandardWrapperValve.invoke(StandardWrapperValve.java:167) ~[tomcat-embed-core-10.1.40.jar:10.1.40]
	at org.apache.catalina.core.StandardContextValve.invoke(StandardContextValve.java:90) ~[tomcat-embed-core-10.1.40.jar:10.1.40]
	at org.apache.catalina.authenticator.AuthenticatorBase.invoke(AuthenticatorBase.java:483) ~[tomcat-embed-core-10.1.40.jar:10.1.40]
	at org.apache.catalina.core.StandardHostValve.invoke(StandardHostValve.java:116) ~[tomcat-embed-core-10.1.40.jar:10.1.40]
	at org.apache.catalina.valves.ErrorReportValve.invoke(ErrorReportValve.java:93) ~[tomcat-embed-core-10.1.40.jar:10.1.40]
	at org.apache.catalina.core.StandardEngineValve.invoke(StandardEngineValve.java:74) ~[tomcat-embed-core-10.1.40.jar:10.1.40]
	at org.apache.catalina.connector.CoyoteAdapter.service(CoyoteAdapter.java:344) ~[tomcat-embed-core-10.1.40.jar:10.1.40]
	at org.apache.coyote.http11.Http11Processor.service(Http11Processor.java:398) ~[tomcat-embed-core-10.1.40.jar:10.1.40]
	at org.apache.coyote.AbstractProcessorLight.process(AbstractProcessorLight.java:63) ~[tomcat-embed-core-10.1.40.jar:10.1.40]
	at org.apache.coyote.AbstractProtocol$ConnectionHandler.process(AbstractProtocol.java:903) ~[tomcat-embed-core-10.1.40.jar:10.1.40]
	at org.apache.tomcat.util.net.NioEndpoint$SocketProcessor.doRun(NioEndpoint.java:1740) ~[tomcat-embed-core-10.1.40.jar:10.1.40]
	at org.apache.tomcat.util.net.SocketProcessorBase.run(SocketProcessorBase.java:52) ~[tomcat-embed-core-10.1.40.jar:10.1.40]
	at org.apache.tomcat.util.threads.ThreadPoolExecutor.runWorker(ThreadPoolExecutor.java:1189) ~[tomcat-embed-core-10.1.40.jar:10.1.40]
	at org.apache.tomcat.util.threads.ThreadPoolExecutor$Worker.run(ThreadPoolExecutor.java:658) ~[tomcat-embed-core-10.1.40.jar:10.1.40]
	at org.apache.tomcat.util.threads.TaskThread$WrappingRunnable.run(TaskThread.java:63) ~[tomcat-embed-core-10.1.40.jar:10.1.40]
	at java.base/java.lang.Thread.run(Thread.java:1516) ~[na:na]

2026-05-20T16:38:49.733-04:00 DEBUG 5880 --- [shelter-service] [http-nio-8095-exec-9] o.s.w.s.m.m.a.HttpEntityMethodProcessor  : Using 'application/json', given [*/*] and supported [application/json, application/*+json]
2026-05-20T16:38:49.733-04:00 DEBUG 5880 --- [shelter-service] [http-nio-8095-exec-9] o.s.w.s.m.m.a.HttpEntityMethodProcessor  : Writing [ErrorResponse[timestamp=2026-05-20T16:38:49.733065100, status=500, error=Internal Server Error, mess (truncated)...]
2026-05-20T16:38:49.733-04:00 DEBUG 5880 --- [shelter-service] [http-nio-8095-exec-9] .m.m.a.ExceptionHandlerExceptionResolver : Resolved [org.springframework.web.servlet.resource.NoResourceFoundException: No static resource shelters/by-id.]
2026-05-20T16:38:49.733-04:00 DEBUG 5880 --- [shelter-service] [http-nio-8095-exec-9] o.s.web.servlet.DispatcherServlet        : Completed 500 INTERNAL_SERVER_ERROR
2026-05-20T16:46:01.327-04:00 DEBUG 5880 --- [shelter-service] [pool-2-thread-3] c.a.s.client.UserServiceClient           : [UserServiceClient#getUserAuthByEmail] ---> GET http://localhost:8081/user-app/users/by-email/admin%40empresa.com/auth HTTP/1.1
2026-05-20T16:46:01.449-04:00 DEBUG 5880 --- [shelter-service] [pool-2-thread-3] c.a.s.client.UserServiceClient           : [UserServiceClient#getUserAuthByEmail] <--- HTTP/1.1 200 (123ms)
2026-05-20T16:46:01.449-04:00 DEBUG 5880 --- [shelter-service] [pool-2-thread-3] o.s.w.c.HttpMessageConverterExtractor    : Reading to [com.adoptapp.sharedkernel.dto.UserAuthResponse]
2026-05-20T16:46:01.573-04:00 DEBUG 5880 --- [shelter-service] [http-nio-8095-exec-2] o.s.web.servlet.DispatcherServlet        : GET "/shelter-app/shelters/?status=ACTIVE", parameters={masked}
2026-05-20T16:46:01.573-04:00 DEBUG 5880 --- [shelter-service] [http-nio-8095-exec-2] o.s.w.s.handler.SimpleUrlHandlerMapping  : Mapped to ResourceHttpRequestHandler [classpath [META-INF/resources/], classpath [resources/], classpath [static/], classpath [public/], ServletContext [/]]
2026-05-20T16:46:01.573-04:00 DEBUG 5880 --- [shelter-service] [http-nio-8095-exec-2] o.s.w.s.r.ResourceHttpRequestHandler     : Resource not found
2026-05-20T16:46:01.573-04:00 DEBUG 5880 --- [shelter-service] [http-nio-8095-exec-2] .m.m.a.ExceptionHandlerExceptionResolver : Using @ExceptionHandler com.adoptapp.shelterservice.exception.GlobalExceptionHandler#handleGeneric(Exception, HttpServletRequest)
2026-05-20T16:46:01.573-04:00 ERROR 5880 --- [shelter-service] [http-nio-8095-exec-2] c.a.s.exception.GlobalExceptionHandler   : Error interno no manejado en /shelter-app/shelters/: No static resource shelters.

org.springframework.web.servlet.resource.NoResourceFoundException: No static resource shelters.
	at org.springframework.web.servlet.resource.ResourceHttpRequestHandler.handleRequest(ResourceHttpRequestHandler.java:585) ~[spring-webmvc-6.2.6.jar:6.2.6]
	at org.springframework.web.servlet.mvc.HttpRequestHandlerAdapter.handle(HttpRequestHandlerAdapter.java:52) ~[spring-webmvc-6.2.6.jar:6.2.6]
	at org.springframework.web.servlet.DispatcherServlet.doDispatch(DispatcherServlet.java:1089) ~[spring-webmvc-6.2.6.jar:6.2.6]
	at org.springframework.web.servlet.DispatcherServlet.doService(DispatcherServlet.java:979) ~[spring-webmvc-6.2.6.jar:6.2.6]
	at org.springframework.web.servlet.FrameworkServlet.processRequest(FrameworkServlet.java:1014) ~[spring-webmvc-6.2.6.jar:6.2.6]
	at org.springframework.web.servlet.FrameworkServlet.doGet(FrameworkServlet.java:903) ~[spring-webmvc-6.2.6.jar:6.2.6]
	at jakarta.servlet.http.HttpServlet.service(HttpServlet.java:564) ~[tomcat-embed-core-10.1.40.jar:6.0]
	at org.springframework.web.servlet.FrameworkServlet.service(FrameworkServlet.java:885) ~[spring-webmvc-6.2.6.jar:6.2.6]
	at jakarta.servlet.http.HttpServlet.service(HttpServlet.java:658) ~[tomcat-embed-core-10.1.40.jar:6.0]
	at org.apache.catalina.core.ApplicationFilterChain.internalDoFilter(ApplicationFilterChain.java:195) ~[tomcat-embed-core-10.1.40.jar:10.1.40]
	at org.apache.catalina.core.ApplicationFilterChain.doFilter(ApplicationFilterChain.java:140) ~[tomcat-embed-core-10.1.40.jar:10.1.40]
	at org.apache.tomcat.websocket.server.WsFilter.doFilter(WsFilter.java:51) ~[tomcat-embed-websocket-10.1.40.jar:10.1.40]
	at org.apache.catalina.core.ApplicationFilterChain.internalDoFilter(ApplicationFilterChain.java:164) ~[tomcat-embed-core-10.1.40.jar:10.1.40]
	at org.apache.catalina.core.ApplicationFilterChain.doFilter(ApplicationFilterChain.java:140) ~[tomcat-embed-core-10.1.40.jar:10.1.40]
	at org.springframework.web.filter.CompositeFilter$VirtualFilterChain.doFilter(CompositeFilter.java:108) ~[spring-web-6.2.6.jar:6.2.6]
	at org.springframework.security.web.FilterChainProxy.lambda$doFilterInternal$3(FilterChainProxy.java:231) ~[spring-security-web-6.4.5.jar:6.4.5]
	at org.springframework.security.web.FilterChainProxy$VirtualFilterChain.doFilter(FilterChainProxy.java:365) ~[spring-security-web-6.4.5.jar:6.4.5]
	at org.springframework.security.web.access.intercept.AuthorizationFilter.doFilter(AuthorizationFilter.java:101) ~[spring-security-web-6.4.5.jar:6.4.5]
	at org.springframework.security.web.FilterChainProxy$VirtualFilterChain.doFilter(FilterChainProxy.java:374) ~[spring-security-web-6.4.5.jar:6.4.5]
	at org.springframework.security.web.access.ExceptionTranslationFilter.doFilter(ExceptionTranslationFilter.java:126) ~[spring-security-web-6.4.5.jar:6.4.5]
	at org.springframework.security.web.access.ExceptionTranslationFilter.doFilter(ExceptionTranslationFilter.java:120) ~[spring-security-web-6.4.5.jar:6.4.5]
	at org.springframework.security.web.FilterChainProxy$VirtualFilterChain.doFilter(FilterChainProxy.java:374) ~[spring-security-web-6.4.5.jar:6.4.5]
	at org.springframework.security.web.session.SessionManagementFilter.doFilter(SessionManagementFilter.java:131) ~[spring-security-web-6.4.5.jar:6.4.5]
	at org.springframework.security.web.session.SessionManagementFilter.doFilter(SessionManagementFilter.java:85) ~[spring-security-web-6.4.5.jar:6.4.5]
	at org.springframework.security.web.FilterChainProxy$VirtualFilterChain.doFilter(FilterChainProxy.java:374) ~[spring-security-web-6.4.5.jar:6.4.5]
	at org.springframework.security.web.authentication.AnonymousAuthenticationFilter.doFilter(AnonymousAuthenticationFilter.java:100) ~[spring-security-web-6.4.5.jar:6.4.5]
	at org.springframework.security.web.FilterChainProxy$VirtualFilterChain.doFilter(FilterChainProxy.java:374) ~[spring-security-web-6.4.5.jar:6.4.5]
	at org.springframework.security.web.servletapi.SecurityContextHolderAwareRequestFilter.doFilter(SecurityContextHolderAwareRequestFilter.java:179) ~[spring-security-web-6.4.5.jar:6.4.5]
	at org.springframework.security.web.FilterChainProxy$VirtualFilterChain.doFilter(FilterChainProxy.java:374) ~[spring-security-web-6.4.5.jar:6.4.5]
	at org.springframework.security.web.savedrequest.RequestCacheAwareFilter.doFilter(RequestCacheAwareFilter.java:63) ~[spring-security-web-6.4.5.jar:6.4.5]
	at org.springframework.security.web.FilterChainProxy$VirtualFilterChain.doFilter(FilterChainProxy.java:374) ~[spring-security-web-6.4.5.jar:6.4.5]
	at org.springframework.security.web.authentication.www.BasicAuthenticationFilter.doFilterInternal(BasicAuthenticationFilter.java:213) ~[spring-security-web-6.4.5.jar:6.4.5]
	at org.springframework.web.filter.OncePerRequestFilter.doFilter(OncePerRequestFilter.java:116) ~[spring-web-6.2.6.jar:6.2.6]
	at org.springframework.security.web.FilterChainProxy$VirtualFilterChain.doFilter(FilterChainProxy.java:374) ~[spring-security-web-6.4.5.jar:6.4.5]
	at org.springframework.security.web.authentication.logout.LogoutFilter.doFilter(LogoutFilter.java:107) ~[spring-security-web-6.4.5.jar:6.4.5]
	at org.springframework.security.web.authentication.logout.LogoutFilter.doFilter(LogoutFilter.java:93) ~[spring-security-web-6.4.5.jar:6.4.5]
	at org.springframework.security.web.FilterChainProxy$VirtualFilterChain.doFilter(FilterChainProxy.java:374) ~[spring-security-web-6.4.5.jar:6.4.5]
	at org.springframework.security.web.header.HeaderWriterFilter.doHeadersAfter(HeaderWriterFilter.java:90) ~[spring-security-web-6.4.5.jar:6.4.5]
	at org.springframework.security.web.header.HeaderWriterFilter.doFilterInternal(HeaderWriterFilter.java:75) ~[spring-security-web-6.4.5.jar:6.4.5]
	at org.springframework.web.filter.OncePerRequestFilter.doFilter(OncePerRequestFilter.java:116) ~[spring-web-6.2.6.jar:6.2.6]
	at org.springframework.security.web.FilterChainProxy$VirtualFilterChain.doFilter(FilterChainProxy.java:374) ~[spring-security-web-6.4.5.jar:6.4.5]
	at org.springframework.security.web.context.SecurityContextHolderFilter.doFilter(SecurityContextHolderFilter.java:82) ~[spring-security-web-6.4.5.jar:6.4.5]
	at org.springframework.security.web.context.SecurityContextHolderFilter.doFilter(SecurityContextHolderFilter.java:69) ~[spring-security-web-6.4.5.jar:6.4.5]
	at org.springframework.security.web.FilterChainProxy$VirtualFilterChain.doFilter(FilterChainProxy.java:374) ~[spring-security-web-6.4.5.jar:6.4.5]
	at org.springframework.security.web.context.request.async.WebAsyncManagerIntegrationFilter.doFilterInternal(WebAsyncManagerIntegrationFilter.java:62) ~[spring-security-web-6.4.5.jar:6.4.5]
	at org.springframework.web.filter.OncePerRequestFilter.doFilter(OncePerRequestFilter.java:116) ~[spring-web-6.2.6.jar:6.2.6]
	at org.springframework.security.web.FilterChainProxy$VirtualFilterChain.doFilter(FilterChainProxy.java:374) ~[spring-security-web-6.4.5.jar:6.4.5]
	at org.springframework.security.web.session.DisableEncodeUrlFilter.doFilterInternal(DisableEncodeUrlFilter.java:42) ~[spring-security-web-6.4.5.jar:6.4.5]
	at org.springframework.web.filter.OncePerRequestFilter.doFilter(OncePerRequestFilter.java:116) ~[spring-web-6.2.6.jar:6.2.6]
	at org.springframework.security.web.FilterChainProxy$VirtualFilterChain.doFilter(FilterChainProxy.java:374) ~[spring-security-web-6.4.5.jar:6.4.5]
	at org.springframework.security.web.FilterChainProxy.doFilterInternal(FilterChainProxy.java:233) ~[spring-security-web-6.4.5.jar:6.4.5]
	at org.springframework.security.web.FilterChainProxy.doFilter(FilterChainProxy.java:191) ~[spring-security-web-6.4.5.jar:6.4.5]
	at org.springframework.web.filter.CompositeFilter$VirtualFilterChain.doFilter(CompositeFilter.java:113) ~[spring-web-6.2.6.jar:6.2.6]
	at org.springframework.web.servlet.handler.HandlerMappingIntrospector.lambda$createCacheFilter$3(HandlerMappingIntrospector.java:243) ~[spring-webmvc-6.2.6.jar:6.2.6]
	at org.springframework.web.filter.CompositeFilter$VirtualFilterChain.doFilter(CompositeFilter.java:113) ~[spring-web-6.2.6.jar:6.2.6]
	at org.springframework.web.filter.CompositeFilter.doFilter(CompositeFilter.java:74) ~[spring-web-6.2.6.jar:6.2.6]
	at org.springframework.security.config.annotation.web.configuration.WebMvcSecurityConfiguration$CompositeFilterChainProxy.doFilter(WebMvcSecurityConfiguration.java:238) ~[spring-security-config-6.4.5.jar:6.4.5]
	at org.springframework.web.filter.DelegatingFilterProxy.invokeDelegate(DelegatingFilterProxy.java:362) ~[spring-web-6.2.6.jar:6.2.6]
	at org.springframework.web.filter.DelegatingFilterProxy.doFilter(DelegatingFilterProxy.java:278) ~[spring-web-6.2.6.jar:6.2.6]
	at org.apache.catalina.core.ApplicationFilterChain.internalDoFilter(ApplicationFilterChain.java:164) ~[tomcat-embed-core-10.1.40.jar:10.1.40]
	at org.apache.catalina.core.ApplicationFilterChain.doFilter(ApplicationFilterChain.java:140) ~[tomcat-embed-core-10.1.40.jar:10.1.40]
	at org.springframework.web.filter.RequestContextFilter.doFilterInternal(RequestContextFilter.java:100) ~[spring-web-6.2.6.jar:6.2.6]
	at org.springframework.web.filter.OncePerRequestFilter.doFilter(OncePerRequestFilter.java:116) ~[spring-web-6.2.6.jar:6.2.6]
	at org.apache.catalina.core.ApplicationFilterChain.internalDoFilter(ApplicationFilterChain.java:164) ~[tomcat-embed-core-10.1.40.jar:10.1.40]
	at org.apache.catalina.core.ApplicationFilterChain.doFilter(ApplicationFilterChain.java:140) ~[tomcat-embed-core-10.1.40.jar:10.1.40]
	at org.springframework.web.filter.FormContentFilter.doFilterInternal(FormContentFilter.java:93) ~[spring-web-6.2.6.jar:6.2.6]
	at org.springframework.web.filter.OncePerRequestFilter.doFilter(OncePerRequestFilter.java:116) ~[spring-web-6.2.6.jar:6.2.6]
	at org.apache.catalina.core.ApplicationFilterChain.internalDoFilter(ApplicationFilterChain.java:164) ~[tomcat-embed-core-10.1.40.jar:10.1.40]
	at org.apache.catalina.core.ApplicationFilterChain.doFilter(ApplicationFilterChain.java:140) ~[tomcat-embed-core-10.1.40.jar:10.1.40]
	at org.springframework.web.filter.CharacterEncodingFilter.doFilterInternal(CharacterEncodingFilter.java:201) ~[spring-web-6.2.6.jar:6.2.6]
	at org.springframework.web.filter.OncePerRequestFilter.doFilter(OncePerRequestFilter.java:116) ~[spring-web-6.2.6.jar:6.2.6]
	at org.apache.catalina.core.ApplicationFilterChain.internalDoFilter(ApplicationFilterChain.java:164) ~[tomcat-embed-core-10.1.40.jar:10.1.40]
	at org.apache.catalina.core.ApplicationFilterChain.doFilter(ApplicationFilterChain.java:140) ~[tomcat-embed-core-10.1.40.jar:10.1.40]
	at org.apache.catalina.core.StandardWrapperValve.invoke(StandardWrapperValve.java:167) ~[tomcat-embed-core-10.1.40.jar:10.1.40]
	at org.apache.catalina.core.StandardContextValve.invoke(StandardContextValve.java:90) ~[tomcat-embed-core-10.1.40.jar:10.1.40]
	at org.apache.catalina.authenticator.AuthenticatorBase.invoke(AuthenticatorBase.java:483) ~[tomcat-embed-core-10.1.40.jar:10.1.40]
	at org.apache.catalina.core.StandardHostValve.invoke(StandardHostValve.java:116) ~[tomcat-embed-core-10.1.40.jar:10.1.40]
	at org.apache.catalina.valves.ErrorReportValve.invoke(ErrorReportValve.java:93) ~[tomcat-embed-core-10.1.40.jar:10.1.40]
	at org.apache.catalina.core.StandardEngineValve.invoke(StandardEngineValve.java:74) ~[tomcat-embed-core-10.1.40.jar:10.1.40]
	at org.apache.catalina.connector.CoyoteAdapter.service(CoyoteAdapter.java:344) ~[tomcat-embed-core-10.1.40.jar:10.1.40]
	at org.apache.coyote.http11.Http11Processor.service(Http11Processor.java:398) ~[tomcat-embed-core-10.1.40.jar:10.1.40]
	at org.apache.coyote.AbstractProcessorLight.process(AbstractProcessorLight.java:63) ~[tomcat-embed-core-10.1.40.jar:10.1.40]
	at org.apache.coyote.AbstractProtocol$ConnectionHandler.process(AbstractProtocol.java:903) ~[tomcat-embed-core-10.1.40.jar:10.1.40]
	at org.apache.tomcat.util.net.NioEndpoint$SocketProcessor.doRun(NioEndpoint.java:1740) ~[tomcat-embed-core-10.1.40.jar:10.1.40]
	at org.apache.tomcat.util.net.SocketProcessorBase.run(SocketProcessorBase.java:52) ~[tomcat-embed-core-10.1.40.jar:10.1.40]
	at org.apache.tomcat.util.threads.ThreadPoolExecutor.runWorker(ThreadPoolExecutor.java:1189) ~[tomcat-embed-core-10.1.40.jar:10.1.40]
	at org.apache.tomcat.util.threads.ThreadPoolExecutor$Worker.run(ThreadPoolExecutor.java:658) ~[tomcat-embed-core-10.1.40.jar:10.1.40]
	at org.apache.tomcat.util.threads.TaskThread$WrappingRunnable.run(TaskThread.java:63) ~[tomcat-embed-core-10.1.40.jar:10.1.40]
	at java.base/java.lang.Thread.run(Thread.java:1516) ~[na:na]

2026-05-20T16:46:01.573-04:00 DEBUG 5880 --- [shelter-service] [http-nio-8095-exec-2] o.s.w.s.m.m.a.HttpEntityMethodProcessor  : Using 'application/json', given [*/*] and supported [application/json, application/*+json]
2026-05-20T16:46:01.573-04:00 DEBUG 5880 --- [shelter-service] [http-nio-8095-exec-2] o.s.w.s.m.m.a.HttpEntityMethodProcessor  : Writing [ErrorResponse[timestamp=2026-05-20T16:46:01.573865500, status=500, error=Internal Server Error, mess (truncated)...]
2026-05-20T16:46:01.573-04:00 DEBUG 5880 --- [shelter-service] [http-nio-8095-exec-2] .m.m.a.ExceptionHandlerExceptionResolver : Resolved [org.springframework.web.servlet.resource.NoResourceFoundException: No static resource shelters.]
2026-05-20T16:46:01.573-04:00 DEBUG 5880 --- [shelter-service] [http-nio-8095-exec-2] o.s.web.servlet.DispatcherServlet        : Completed 500 INTERNAL_SERVER_ERROR
2026-05-20T16:46:01.656-04:00 DEBUG 5880 --- [shelter-service] [pool-2-thread-3] c.a.s.client.UserServiceClient           : [UserServiceClient#getUserAuthByEmail] ---> GET http://localhost:8081/user-app/users/by-email/admin%40empresa.com/auth HTTP/1.1
2026-05-20T16:46:01.790-04:00 DEBUG 5880 --- [shelter-service] [pool-2-thread-3] c.a.s.client.UserServiceClient           : [UserServiceClient#getUserAuthByEmail] <--- HTTP/1.1 200 (133ms)
2026-05-20T16:46:01.790-04:00 DEBUG 5880 --- [shelter-service] [pool-2-thread-3] o.s.w.c.HttpMessageConverterExtractor    : Reading to [com.adoptapp.sharedkernel.dto.UserAuthResponse]
2026-05-20T16:46:01.907-04:00 DEBUG 5880 --- [shelter-service] [http-nio-8095-exec-3] o.s.web.servlet.DispatcherServlet        : GET "/shelter-app/shelters/by-id/", parameters={}
2026-05-20T16:46:01.907-04:00 DEBUG 5880 --- [shelter-service] [http-nio-8095-exec-3] o.s.w.s.handler.SimpleUrlHandlerMapping  : Mapped to ResourceHttpRequestHandler [classpath [META-INF/resources/], classpath [resources/], classpath [static/], classpath [public/], ServletContext [/]]
2026-05-20T16:46:01.907-04:00 DEBUG 5880 --- [shelter-service] [http-nio-8095-exec-3] o.s.w.s.r.ResourceHttpRequestHandler     : Resource not found
2026-05-20T16:46:01.907-04:00 DEBUG 5880 --- [shelter-service] [http-nio-8095-exec-3] .m.m.a.ExceptionHandlerExceptionResolver : Using @ExceptionHandler com.adoptapp.shelterservice.exception.GlobalExceptionHandler#handleGeneric(Exception, HttpServletRequest)
2026-05-20T16:46:01.907-04:00 ERROR 5880 --- [shelter-service] [http-nio-8095-exec-3] c.a.s.exception.GlobalExceptionHandler   : Error interno no manejado en /shelter-app/shelters/by-id/: No static resource shelters/by-id.

org.springframework.web.servlet.resource.NoResourceFoundException: No static resource shelters/by-id.
	at org.springframework.web.servlet.resource.ResourceHttpRequestHandler.handleRequest(ResourceHttpRequestHandler.java:585) ~[spring-webmvc-6.2.6.jar:6.2.6]
	at org.springframework.web.servlet.mvc.HttpRequestHandlerAdapter.handle(HttpRequestHandlerAdapter.java:52) ~[spring-webmvc-6.2.6.jar:6.2.6]
	at org.springframework.web.servlet.DispatcherServlet.doDispatch(DispatcherServlet.java:1089) ~[spring-webmvc-6.2.6.jar:6.2.6]
	at org.springframework.web.servlet.DispatcherServlet.doService(DispatcherServlet.java:979) ~[spring-webmvc-6.2.6.jar:6.2.6]
	at org.springframework.web.servlet.FrameworkServlet.processRequest(FrameworkServlet.java:1014) ~[spring-webmvc-6.2.6.jar:6.2.6]
	at org.springframework.web.servlet.FrameworkServlet.doGet(FrameworkServlet.java:903) ~[spring-webmvc-6.2.6.jar:6.2.6]
	at jakarta.servlet.http.HttpServlet.service(HttpServlet.java:564) ~[tomcat-embed-core-10.1.40.jar:6.0]
	at org.springframework.web.servlet.FrameworkServlet.service(FrameworkServlet.java:885) ~[spring-webmvc-6.2.6.jar:6.2.6]
	at jakarta.servlet.http.HttpServlet.service(HttpServlet.java:658) ~[tomcat-embed-core-10.1.40.jar:6.0]
	at org.apache.catalina.core.ApplicationFilterChain.internalDoFilter(ApplicationFilterChain.java:195) ~[tomcat-embed-core-10.1.40.jar:10.1.40]
	at org.apache.catalina.core.ApplicationFilterChain.doFilter(ApplicationFilterChain.java:140) ~[tomcat-embed-core-10.1.40.jar:10.1.40]
	at org.apache.tomcat.websocket.server.WsFilter.doFilter(WsFilter.java:51) ~[tomcat-embed-websocket-10.1.40.jar:10.1.40]
	at org.apache.catalina.core.ApplicationFilterChain.internalDoFilter(ApplicationFilterChain.java:164) ~[tomcat-embed-core-10.1.40.jar:10.1.40]
	at org.apache.catalina.core.ApplicationFilterChain.doFilter(ApplicationFilterChain.java:140) ~[tomcat-embed-core-10.1.40.jar:10.1.40]
	at org.springframework.web.filter.CompositeFilter$VirtualFilterChain.doFilter(CompositeFilter.java:108) ~[spring-web-6.2.6.jar:6.2.6]
	at org.springframework.security.web.FilterChainProxy.lambda$doFilterInternal$3(FilterChainProxy.java:231) ~[spring-security-web-6.4.5.jar:6.4.5]
	at org.springframework.security.web.FilterChainProxy$VirtualFilterChain.doFilter(FilterChainProxy.java:365) ~[spring-security-web-6.4.5.jar:6.4.5]
	at org.springframework.security.web.access.intercept.AuthorizationFilter.doFilter(AuthorizationFilter.java:101) ~[spring-security-web-6.4.5.jar:6.4.5]
	at org.springframework.security.web.FilterChainProxy$VirtualFilterChain.doFilter(FilterChainProxy.java:374) ~[spring-security-web-6.4.5.jar:6.4.5]
	at org.springframework.security.web.access.ExceptionTranslationFilter.doFilter(ExceptionTranslationFilter.java:126) ~[spring-security-web-6.4.5.jar:6.4.5]
	at org.springframework.security.web.access.ExceptionTranslationFilter.doFilter(ExceptionTranslationFilter.java:120) ~[spring-security-web-6.4.5.jar:6.4.5]
	at org.springframework.security.web.FilterChainProxy$VirtualFilterChain.doFilter(FilterChainProxy.java:374) ~[spring-security-web-6.4.5.jar:6.4.5]
	at org.springframework.security.web.session.SessionManagementFilter.doFilter(SessionManagementFilter.java:131) ~[spring-security-web-6.4.5.jar:6.4.5]
	at org.springframework.security.web.session.SessionManagementFilter.doFilter(SessionManagementFilter.java:85) ~[spring-security-web-6.4.5.jar:6.4.5]
	at org.springframework.security.web.FilterChainProxy$VirtualFilterChain.doFilter(FilterChainProxy.java:374) ~[spring-security-web-6.4.5.jar:6.4.5]
	at org.springframework.security.web.authentication.AnonymousAuthenticationFilter.doFilter(AnonymousAuthenticationFilter.java:100) ~[spring-security-web-6.4.5.jar:6.4.5]
	at org.springframework.security.web.FilterChainProxy$VirtualFilterChain.doFilter(FilterChainProxy.java:374) ~[spring-security-web-6.4.5.jar:6.4.5]
	at org.springframework.security.web.servletapi.SecurityContextHolderAwareRequestFilter.doFilter(SecurityContextHolderAwareRequestFilter.java:179) ~[spring-security-web-6.4.5.jar:6.4.5]
	at org.springframework.security.web.FilterChainProxy$VirtualFilterChain.doFilter(FilterChainProxy.java:374) ~[spring-security-web-6.4.5.jar:6.4.5]
	at org.springframework.security.web.savedrequest.RequestCacheAwareFilter.doFilter(RequestCacheAwareFilter.java:63) ~[spring-security-web-6.4.5.jar:6.4.5]
	at org.springframework.security.web.FilterChainProxy$VirtualFilterChain.doFilter(FilterChainProxy.java:374) ~[spring-security-web-6.4.5.jar:6.4.5]
	at org.springframework.security.web.authentication.www.BasicAuthenticationFilter.doFilterInternal(BasicAuthenticationFilter.java:213) ~[spring-security-web-6.4.5.jar:6.4.5]
	at org.springframework.web.filter.OncePerRequestFilter.doFilter(OncePerRequestFilter.java:116) ~[spring-web-6.2.6.jar:6.2.6]
	at org.springframework.security.web.FilterChainProxy$VirtualFilterChain.doFilter(FilterChainProxy.java:374) ~[spring-security-web-6.4.5.jar:6.4.5]
	at org.springframework.security.web.authentication.logout.LogoutFilter.doFilter(LogoutFilter.java:107) ~[spring-security-web-6.4.5.jar:6.4.5]
	at org.springframework.security.web.authentication.logout.LogoutFilter.doFilter(LogoutFilter.java:93) ~[spring-security-web-6.4.5.jar:6.4.5]
	at org.springframework.security.web.FilterChainProxy$VirtualFilterChain.doFilter(FilterChainProxy.java:374) ~[spring-security-web-6.4.5.jar:6.4.5]
	at org.springframework.security.web.header.HeaderWriterFilter.doHeadersAfter(HeaderWriterFilter.java:90) ~[spring-security-web-6.4.5.jar:6.4.5]
	at org.springframework.security.web.header.HeaderWriterFilter.doFilterInternal(HeaderWriterFilter.java:75) ~[spring-security-web-6.4.5.jar:6.4.5]
	at org.springframework.web.filter.OncePerRequestFilter.doFilter(OncePerRequestFilter.java:116) ~[spring-web-6.2.6.jar:6.2.6]
	at org.springframework.security.web.FilterChainProxy$VirtualFilterChain.doFilter(FilterChainProxy.java:374) ~[spring-security-web-6.4.5.jar:6.4.5]
	at org.springframework.security.web.context.SecurityContextHolderFilter.doFilter(SecurityContextHolderFilter.java:82) ~[spring-security-web-6.4.5.jar:6.4.5]
	at org.springframework.security.web.context.SecurityContextHolderFilter.doFilter(SecurityContextHolderFilter.java:69) ~[spring-security-web-6.4.5.jar:6.4.5]
	at org.springframework.security.web.FilterChainProxy$VirtualFilterChain.doFilter(FilterChainProxy.java:374) ~[spring-security-web-6.4.5.jar:6.4.5]
	at org.springframework.security.web.context.request.async.WebAsyncManagerIntegrationFilter.doFilterInternal(WebAsyncManagerIntegrationFilter.java:62) ~[spring-security-web-6.4.5.jar:6.4.5]
	at org.springframework.web.filter.OncePerRequestFilter.doFilter(OncePerRequestFilter.java:116) ~[spring-web-6.2.6.jar:6.2.6]
	at org.springframework.security.web.FilterChainProxy$VirtualFilterChain.doFilter(FilterChainProxy.java:374) ~[spring-security-web-6.4.5.jar:6.4.5]
	at org.springframework.security.web.session.DisableEncodeUrlFilter.doFilterInternal(DisableEncodeUrlFilter.java:42) ~[spring-security-web-6.4.5.jar:6.4.5]
	at org.springframework.web.filter.OncePerRequestFilter.doFilter(OncePerRequestFilter.java:116) ~[spring-web-6.2.6.jar:6.2.6]
	at org.springframework.security.web.FilterChainProxy$VirtualFilterChain.doFilter(FilterChainProxy.java:374) ~[spring-security-web-6.4.5.jar:6.4.5]
	at org.springframework.security.web.FilterChainProxy.doFilterInternal(FilterChainProxy.java:233) ~[spring-security-web-6.4.5.jar:6.4.5]
	at org.springframework.security.web.FilterChainProxy.doFilter(FilterChainProxy.java:191) ~[spring-security-web-6.4.5.jar:6.4.5]
	at org.springframework.web.filter.CompositeFilter$VirtualFilterChain.doFilter(CompositeFilter.java:113) ~[spring-web-6.2.6.jar:6.2.6]
	at org.springframework.web.servlet.handler.HandlerMappingIntrospector.lambda$createCacheFilter$3(HandlerMappingIntrospector.java:243) ~[spring-webmvc-6.2.6.jar:6.2.6]
	at org.springframework.web.filter.CompositeFilter$VirtualFilterChain.doFilter(CompositeFilter.java:113) ~[spring-web-6.2.6.jar:6.2.6]
	at org.springframework.web.filter.CompositeFilter.doFilter(CompositeFilter.java:74) ~[spring-web-6.2.6.jar:6.2.6]
	at org.springframework.security.config.annotation.web.configuration.WebMvcSecurityConfiguration$CompositeFilterChainProxy.doFilter(WebMvcSecurityConfiguration.java:238) ~[spring-security-config-6.4.5.jar:6.4.5]
	at org.springframework.web.filter.DelegatingFilterProxy.invokeDelegate(DelegatingFilterProxy.java:362) ~[spring-web-6.2.6.jar:6.2.6]
	at org.springframework.web.filter.DelegatingFilterProxy.doFilter(DelegatingFilterProxy.java:278) ~[spring-web-6.2.6.jar:6.2.6]
	at org.apache.catalina.core.ApplicationFilterChain.internalDoFilter(ApplicationFilterChain.java:164) ~[tomcat-embed-core-10.1.40.jar:10.1.40]
	at org.apache.catalina.core.ApplicationFilterChain.doFilter(ApplicationFilterChain.java:140) ~[tomcat-embed-core-10.1.40.jar:10.1.40]
	at org.springframework.web.filter.RequestContextFilter.doFilterInternal(RequestContextFilter.java:100) ~[spring-web-6.2.6.jar:6.2.6]
	at org.springframework.web.filter.OncePerRequestFilter.doFilter(OncePerRequestFilter.java:116) ~[spring-web-6.2.6.jar:6.2.6]
	at org.apache.catalina.core.ApplicationFilterChain.internalDoFilter(ApplicationFilterChain.java:164) ~[tomcat-embed-core-10.1.40.jar:10.1.40]
	at org.apache.catalina.core.ApplicationFilterChain.doFilter(ApplicationFilterChain.java:140) ~[tomcat-embed-core-10.1.40.jar:10.1.40]
	at org.springframework.web.filter.FormContentFilter.doFilterInternal(FormContentFilter.java:93) ~[spring-web-6.2.6.jar:6.2.6]
	at org.springframework.web.filter.OncePerRequestFilter.doFilter(OncePerRequestFilter.java:116) ~[spring-web-6.2.6.jar:6.2.6]
	at org.apache.catalina.core.ApplicationFilterChain.internalDoFilter(ApplicationFilterChain.java:164) ~[tomcat-embed-core-10.1.40.jar:10.1.40]
	at org.apache.catalina.core.ApplicationFilterChain.doFilter(ApplicationFilterChain.java:140) ~[tomcat-embed-core-10.1.40.jar:10.1.40]
	at org.springframework.web.filter.CharacterEncodingFilter.doFilterInternal(CharacterEncodingFilter.java:201) ~[spring-web-6.2.6.jar:6.2.6]
	at org.springframework.web.filter.OncePerRequestFilter.doFilter(OncePerRequestFilter.java:116) ~[spring-web-6.2.6.jar:6.2.6]
	at org.apache.catalina.core.ApplicationFilterChain.internalDoFilter(ApplicationFilterChain.java:164) ~[tomcat-embed-core-10.1.40.jar:10.1.40]
	at org.apache.catalina.core.ApplicationFilterChain.doFilter(ApplicationFilterChain.java:140) ~[tomcat-embed-core-10.1.40.jar:10.1.40]
	at org.apache.catalina.core.StandardWrapperValve.invoke(StandardWrapperValve.java:167) ~[tomcat-embed-core-10.1.40.jar:10.1.40]
	at org.apache.catalina.core.StandardContextValve.invoke(StandardContextValve.java:90) ~[tomcat-embed-core-10.1.40.jar:10.1.40]
	at org.apache.catalina.authenticator.AuthenticatorBase.invoke(AuthenticatorBase.java:483) ~[tomcat-embed-core-10.1.40.jar:10.1.40]
	at org.apache.catalina.core.StandardHostValve.invoke(StandardHostValve.java:116) ~[tomcat-embed-core-10.1.40.jar:10.1.40]
	at org.apache.catalina.valves.ErrorReportValve.invoke(ErrorReportValve.java:93) ~[tomcat-embed-core-10.1.40.jar:10.1.40]
	at org.apache.catalina.core.StandardEngineValve.invoke(StandardEngineValve.java:74) ~[tomcat-embed-core-10.1.40.jar:10.1.40]
	at org.apache.catalina.connector.CoyoteAdapter.service(CoyoteAdapter.java:344) ~[tomcat-embed-core-10.1.40.jar:10.1.40]
	at org.apache.coyote.http11.Http11Processor.service(Http11Processor.java:398) ~[tomcat-embed-core-10.1.40.jar:10.1.40]
	at org.apache.coyote.AbstractProcessorLight.process(AbstractProcessorLight.java:63) ~[tomcat-embed-core-10.1.40.jar:10.1.40]
	at org.apache.coyote.AbstractProtocol$ConnectionHandler.process(AbstractProtocol.java:903) ~[tomcat-embed-core-10.1.40.jar:10.1.40]
	at org.apache.tomcat.util.net.NioEndpoint$SocketProcessor.doRun(NioEndpoint.java:1740) ~[tomcat-embed-core-10.1.40.jar:10.1.40]
	at org.apache.tomcat.util.net.SocketProcessorBase.run(SocketProcessorBase.java:52) ~[tomcat-embed-core-10.1.40.jar:10.1.40]
	at org.apache.tomcat.util.threads.ThreadPoolExecutor.runWorker(ThreadPoolExecutor.java:1189) ~[tomcat-embed-core-10.1.40.jar:10.1.40]
	at org.apache.tomcat.util.threads.ThreadPoolExecutor$Worker.run(ThreadPoolExecutor.java:658) ~[tomcat-embed-core-10.1.40.jar:10.1.40]
	at org.apache.tomcat.util.threads.TaskThread$WrappingRunnable.run(TaskThread.java:63) ~[tomcat-embed-core-10.1.40.jar:10.1.40]
	at java.base/java.lang.Thread.run(Thread.java:1516) ~[na:na]

2026-05-20T16:46:01.921-04:00 DEBUG 5880 --- [shelter-service] [http-nio-8095-exec-3] o.s.w.s.m.m.a.HttpEntityMethodProcessor  : Using 'application/json', given [*/*] and supported [application/json, application/*+json]
2026-05-20T16:46:01.921-04:00 DEBUG 5880 --- [shelter-service] [http-nio-8095-exec-3] o.s.w.s.m.m.a.HttpEntityMethodProcessor  : Writing [ErrorResponse[timestamp=2026-05-20T16:46:01.921192800, status=500, error=Internal Server Error, mess (truncated)...]
2026-05-20T16:46:01.921-04:00 DEBUG 5880 --- [shelter-service] [http-nio-8095-exec-3] .m.m.a.ExceptionHandlerExceptionResolver : Resolved [org.springframework.web.servlet.resource.NoResourceFoundException: No static resource shelters/by-id.]
2026-05-20T16:46:01.921-04:00 DEBUG 5880 --- [shelter-service] [http-nio-8095-exec-3] o.s.web.servlet.DispatcherServlet        : Completed 500 INTERNAL_SERVER_ERROR
2026-05-20T16:46:02.037-04:00 DEBUG 5880 --- [shelter-service] [pool-2-thread-3] c.a.s.client.UserServiceClient           : [UserServiceClient#getUserAuthByEmail] ---> GET http://localhost:8081/user-app/users/by-email/admin%40empresa.com/auth HTTP/1.1
2026-05-20T16:46:02.148-04:00 DEBUG 5880 --- [shelter-service] [pool-2-thread-3] c.a.s.client.UserServiceClient           : [UserServiceClient#getUserAuthByEmail] <--- HTTP/1.1 200 (110ms)
2026-05-20T16:46:02.149-04:00 DEBUG 5880 --- [shelter-service] [pool-2-thread-3] o.s.w.c.HttpMessageConverterExtractor    : Reading to [com.adoptapp.sharedkernel.dto.UserAuthResponse]
2026-05-20T16:46:02.258-04:00 DEBUG 5880 --- [shelter-service] [http-nio-8095-exec-6] o.s.web.servlet.DispatcherServlet        : POST "/shelter-app/shelters?userId=19", parameters={masked}
2026-05-20T16:46:02.258-04:00 DEBUG 5880 --- [shelter-service] [http-nio-8095-exec-6] s.w.s.m.m.a.RequestMappingHandlerMapping : Mapped to com.adoptapp.shelterservice.controller.ShelterController#create(ShelterRequest, Long)
2026-05-20T16:46:02.258-04:00 DEBUG 5880 --- [shelter-service] [http-nio-8095-exec-6] m.m.a.RequestResponseBodyMethodProcessor : Read "application/json;charset=UTF-8" to [ShelterRequest[name=Happy Paws Shelter, email=contact@happypaws.org, phone=+1234567890, description= (truncated)...]
2026-05-20T16:46:02.258-04:00  INFO 5880 --- [shelter-service] [http-nio-8095-exec-6] c.a.s.service.ShelterService             : Creando refugio: name=Happy Paws Shelter, email=contact@happypaws.org
2026-05-20T16:46:02.258-04:00 DEBUG 5880 --- [shelter-service] [pool-2-thread-3] c.a.s.client.UserServiceClient           : [UserServiceClient#getUserById] ---> GET http://localhost:8081/user-app/users/by-id/19 HTTP/1.1
2026-05-20T16:46:02.384-04:00 DEBUG 5880 --- [shelter-service] [pool-2-thread-3] c.a.s.client.UserServiceClient           : [UserServiceClient#getUserById] <--- HTTP/1.1 404 (118ms)
2026-05-20T16:46:02.384-04:00  WARN 5880 --- [shelter-service] [http-nio-8095-exec-6] c.a.s.client.UserServiceClientFallback   : User-service no disponible para userId 19
2026-05-20T16:46:02.384-04:00  WARN 5880 --- [shelter-service] [http-nio-8095-exec-6] c.a.s.service.ShelterService             : Usuario no encontrado: ID=19
2026-05-20T16:46:02.384-04:00 DEBUG 5880 --- [shelter-service] [http-nio-8095-exec-6] .m.m.a.ExceptionHandlerExceptionResolver : Using @ExceptionHandler com.adoptapp.shelterservice.exception.GlobalExceptionHandler#handleIllegalArgument(IllegalArgumentException, HttpServletRequest)
2026-05-20T16:46:02.388-04:00 DEBUG 5880 --- [shelter-service] [http-nio-8095-exec-6] o.s.w.s.m.m.a.HttpEntityMethodProcessor  : Using 'application/json', given [*/*] and supported [application/json, application/*+json]
2026-05-20T16:46:02.388-04:00 DEBUG 5880 --- [shelter-service] [http-nio-8095-exec-6] o.s.w.s.m.m.a.HttpEntityMethodProcessor  : Writing [ErrorResponse[timestamp=2026-05-20T16:46:02.384588400, status=400, error=Bad Request, message=El usu (truncated)...]
2026-05-20T16:46:02.389-04:00 DEBUG 5880 --- [shelter-service] [http-nio-8095-exec-6] .m.m.a.ExceptionHandlerExceptionResolver : Resolved [java.lang.IllegalArgumentException: El usuario con ID 19 no existe]
2026-05-20T16:46:02.389-04:00 DEBUG 5880 --- [shelter-service] [http-nio-8095-exec-6] o.s.web.servlet.DispatcherServlet        : Completed 400 BAD_REQUEST
2026-05-20T16:46:02.453-04:00 DEBUG 5880 --- [shelter-service] [pool-2-thread-3] c.a.s.client.UserServiceClient           : [UserServiceClient#getUserAuthByEmail] ---> GET http://localhost:8081/user-app/users/by-email/admin%40empresa.com/auth HTTP/1.1
2026-05-20T16:46:02.578-04:00 DEBUG 5880 --- [shelter-service] [pool-2-thread-3] c.a.s.client.UserServiceClient           : [UserServiceClient#getUserAuthByEmail] <--- HTTP/1.1 200 (126ms)
2026-05-20T16:46:02.581-04:00 DEBUG 5880 --- [shelter-service] [pool-2-thread-3] o.s.w.c.HttpMessageConverterExtractor    : Reading to [com.adoptapp.sharedkernel.dto.UserAuthResponse]
2026-05-20T16:46:02.687-04:00 DEBUG 5880 --- [shelter-service] [http-nio-8095-exec-8] o.s.web.servlet.DispatcherServlet        : PUT "/shelter-app/shelters/by-id/?userId=19", parameters={masked}
2026-05-20T16:46:02.688-04:00 DEBUG 5880 --- [shelter-service] [http-nio-8095-exec-8] o.s.w.s.handler.SimpleUrlHandlerMapping  : Mapped to ResourceHttpRequestHandler [classpath [META-INF/resources/], classpath [resources/], classpath [static/], classpath [public/], ServletContext [/]]
2026-05-20T16:46:02.690-04:00 DEBUG 5880 --- [shelter-service] [http-nio-8095-exec-8] o.s.w.s.r.ResourceHttpRequestHandler     : Resource not found
2026-05-20T16:46:02.690-04:00 DEBUG 5880 --- [shelter-service] [http-nio-8095-exec-8] .m.m.a.ExceptionHandlerExceptionResolver : Using @ExceptionHandler com.adoptapp.shelterservice.exception.GlobalExceptionHandler#handleGeneric(Exception, HttpServletRequest)
2026-05-20T16:46:02.690-04:00 ERROR 5880 --- [shelter-service] [http-nio-8095-exec-8] c.a.s.exception.GlobalExceptionHandler   : Error interno no manejado en /shelter-app/shelters/by-id/: No static resource shelters/by-id.

org.springframework.web.servlet.resource.NoResourceFoundException: No static resource shelters/by-id.
	at org.springframework.web.servlet.resource.ResourceHttpRequestHandler.handleRequest(ResourceHttpRequestHandler.java:585) ~[spring-webmvc-6.2.6.jar:6.2.6]
	at org.springframework.web.servlet.mvc.HttpRequestHandlerAdapter.handle(HttpRequestHandlerAdapter.java:52) ~[spring-webmvc-6.2.6.jar:6.2.6]
	at org.springframework.web.servlet.DispatcherServlet.doDispatch(DispatcherServlet.java:1089) ~[spring-webmvc-6.2.6.jar:6.2.6]
	at org.springframework.web.servlet.DispatcherServlet.doService(DispatcherServlet.java:979) ~[spring-webmvc-6.2.6.jar:6.2.6]
	at org.springframework.web.servlet.FrameworkServlet.processRequest(FrameworkServlet.java:1014) ~[spring-webmvc-6.2.6.jar:6.2.6]
	at org.springframework.web.servlet.FrameworkServlet.doPut(FrameworkServlet.java:925) ~[spring-webmvc-6.2.6.jar:6.2.6]
	at jakarta.servlet.http.HttpServlet.service(HttpServlet.java:593) ~[tomcat-embed-core-10.1.40.jar:6.0]
	at org.springframework.web.servlet.FrameworkServlet.service(FrameworkServlet.java:885) ~[spring-webmvc-6.2.6.jar:6.2.6]
	at jakarta.servlet.http.HttpServlet.service(HttpServlet.java:658) ~[tomcat-embed-core-10.1.40.jar:6.0]
	at org.apache.catalina.core.ApplicationFilterChain.internalDoFilter(ApplicationFilterChain.java:195) ~[tomcat-embed-core-10.1.40.jar:10.1.40]
	at org.apache.catalina.core.ApplicationFilterChain.doFilter(ApplicationFilterChain.java:140) ~[tomcat-embed-core-10.1.40.jar:10.1.40]
	at org.apache.tomcat.websocket.server.WsFilter.doFilter(WsFilter.java:51) ~[tomcat-embed-websocket-10.1.40.jar:10.1.40]
	at org.apache.catalina.core.ApplicationFilterChain.internalDoFilter(ApplicationFilterChain.java:164) ~[tomcat-embed-core-10.1.40.jar:10.1.40]
	at org.apache.catalina.core.ApplicationFilterChain.doFilter(ApplicationFilterChain.java:140) ~[tomcat-embed-core-10.1.40.jar:10.1.40]
	at org.springframework.web.filter.CompositeFilter$VirtualFilterChain.doFilter(CompositeFilter.java:108) ~[spring-web-6.2.6.jar:6.2.6]
	at org.springframework.security.web.FilterChainProxy.lambda$doFilterInternal$3(FilterChainProxy.java:231) ~[spring-security-web-6.4.5.jar:6.4.5]
	at org.springframework.security.web.FilterChainProxy$VirtualFilterChain.doFilter(FilterChainProxy.java:365) ~[spring-security-web-6.4.5.jar:6.4.5]
	at org.springframework.security.web.access.intercept.AuthorizationFilter.doFilter(AuthorizationFilter.java:101) ~[spring-security-web-6.4.5.jar:6.4.5]
	at org.springframework.security.web.FilterChainProxy$VirtualFilterChain.doFilter(FilterChainProxy.java:374) ~[spring-security-web-6.4.5.jar:6.4.5]
	at org.springframework.security.web.access.ExceptionTranslationFilter.doFilter(ExceptionTranslationFilter.java:126) ~[spring-security-web-6.4.5.jar:6.4.5]
	at org.springframework.security.web.access.ExceptionTranslationFilter.doFilter(ExceptionTranslationFilter.java:120) ~[spring-security-web-6.4.5.jar:6.4.5]
	at org.springframework.security.web.FilterChainProxy$VirtualFilterChain.doFilter(FilterChainProxy.java:374) ~[spring-security-web-6.4.5.jar:6.4.5]
	at org.springframework.security.web.session.SessionManagementFilter.doFilter(SessionManagementFilter.java:131) ~[spring-security-web-6.4.5.jar:6.4.5]
	at org.springframework.security.web.session.SessionManagementFilter.doFilter(SessionManagementFilter.java:85) ~[spring-security-web-6.4.5.jar:6.4.5]
	at org.springframework.security.web.FilterChainProxy$VirtualFilterChain.doFilter(FilterChainProxy.java:374) ~[spring-security-web-6.4.5.jar:6.4.5]
	at org.springframework.security.web.authentication.AnonymousAuthenticationFilter.doFilter(AnonymousAuthenticationFilter.java:100) ~[spring-security-web-6.4.5.jar:6.4.5]
	at org.springframework.security.web.FilterChainProxy$VirtualFilterChain.doFilter(FilterChainProxy.java:374) ~[spring-security-web-6.4.5.jar:6.4.5]
	at org.springframework.security.web.servletapi.SecurityContextHolderAwareRequestFilter.doFilter(SecurityContextHolderAwareRequestFilter.java:179) ~[spring-security-web-6.4.5.jar:6.4.5]
	at org.springframework.security.web.FilterChainProxy$VirtualFilterChain.doFilter(FilterChainProxy.java:374) ~[spring-security-web-6.4.5.jar:6.4.5]
	at org.springframework.security.web.savedrequest.RequestCacheAwareFilter.doFilter(RequestCacheAwareFilter.java:63) ~[spring-security-web-6.4.5.jar:6.4.5]
	at org.springframework.security.web.FilterChainProxy$VirtualFilterChain.doFilter(FilterChainProxy.java:374) ~[spring-security-web-6.4.5.jar:6.4.5]
	at org.springframework.security.web.authentication.www.BasicAuthenticationFilter.doFilterInternal(BasicAuthenticationFilter.java:213) ~[spring-security-web-6.4.5.jar:6.4.5]
	at org.springframework.web.filter.OncePerRequestFilter.doFilter(OncePerRequestFilter.java:116) ~[spring-web-6.2.6.jar:6.2.6]
	at org.springframework.security.web.FilterChainProxy$VirtualFilterChain.doFilter(FilterChainProxy.java:374) ~[spring-security-web-6.4.5.jar:6.4.5]
	at org.springframework.security.web.authentication.logout.LogoutFilter.doFilter(LogoutFilter.java:107) ~[spring-security-web-6.4.5.jar:6.4.5]
	at org.springframework.security.web.authentication.logout.LogoutFilter.doFilter(LogoutFilter.java:93) ~[spring-security-web-6.4.5.jar:6.4.5]
	at org.springframework.security.web.FilterChainProxy$VirtualFilterChain.doFilter(FilterChainProxy.java:374) ~[spring-security-web-6.4.5.jar:6.4.5]
	at org.springframework.security.web.header.HeaderWriterFilter.doHeadersAfter(HeaderWriterFilter.java:90) ~[spring-security-web-6.4.5.jar:6.4.5]
	at org.springframework.security.web.header.HeaderWriterFilter.doFilterInternal(HeaderWriterFilter.java:75) ~[spring-security-web-6.4.5.jar:6.4.5]
	at org.springframework.web.filter.OncePerRequestFilter.doFilter(OncePerRequestFilter.java:116) ~[spring-web-6.2.6.jar:6.2.6]
	at org.springframework.security.web.FilterChainProxy$VirtualFilterChain.doFilter(FilterChainProxy.java:374) ~[spring-security-web-6.4.5.jar:6.4.5]
	at org.springframework.security.web.context.SecurityContextHolderFilter.doFilter(SecurityContextHolderFilter.java:82) ~[spring-security-web-6.4.5.jar:6.4.5]
	at org.springframework.security.web.context.SecurityContextHolderFilter.doFilter(SecurityContextHolderFilter.java:69) ~[spring-security-web-6.4.5.jar:6.4.5]
	at org.springframework.security.web.FilterChainProxy$VirtualFilterChain.doFilter(FilterChainProxy.java:374) ~[spring-security-web-6.4.5.jar:6.4.5]
	at org.springframework.security.web.context.request.async.WebAsyncManagerIntegrationFilter.doFilterInternal(WebAsyncManagerIntegrationFilter.java:62) ~[spring-security-web-6.4.5.jar:6.4.5]
	at org.springframework.web.filter.OncePerRequestFilter.doFilter(OncePerRequestFilter.java:116) ~[spring-web-6.2.6.jar:6.2.6]
	at org.springframework.security.web.FilterChainProxy$VirtualFilterChain.doFilter(FilterChainProxy.java:374) ~[spring-security-web-6.4.5.jar:6.4.5]
	at org.springframework.security.web.session.DisableEncodeUrlFilter.doFilterInternal(DisableEncodeUrlFilter.java:42) ~[spring-security-web-6.4.5.jar:6.4.5]
	at org.springframework.web.filter.OncePerRequestFilter.doFilter(OncePerRequestFilter.java:116) ~[spring-web-6.2.6.jar:6.2.6]
	at org.springframework.security.web.FilterChainProxy$VirtualFilterChain.doFilter(FilterChainProxy.java:374) ~[spring-security-web-6.4.5.jar:6.4.5]
	at org.springframework.security.web.FilterChainProxy.doFilterInternal(FilterChainProxy.java:233) ~[spring-security-web-6.4.5.jar:6.4.5]
	at org.springframework.security.web.FilterChainProxy.doFilter(FilterChainProxy.java:191) ~[spring-security-web-6.4.5.jar:6.4.5]
	at org.springframework.web.filter.CompositeFilter$VirtualFilterChain.doFilter(CompositeFilter.java:113) ~[spring-web-6.2.6.jar:6.2.6]
	at org.springframework.web.servlet.handler.HandlerMappingIntrospector.lambda$createCacheFilter$3(HandlerMappingIntrospector.java:243) ~[spring-webmvc-6.2.6.jar:6.2.6]
	at org.springframework.web.filter.CompositeFilter$VirtualFilterChain.doFilter(CompositeFilter.java:113) ~[spring-web-6.2.6.jar:6.2.6]
	at org.springframework.web.filter.CompositeFilter.doFilter(CompositeFilter.java:74) ~[spring-web-6.2.6.jar:6.2.6]
	at org.springframework.security.config.annotation.web.configuration.WebMvcSecurityConfiguration$CompositeFilterChainProxy.doFilter(WebMvcSecurityConfiguration.java:238) ~[spring-security-config-6.4.5.jar:6.4.5]
	at org.springframework.web.filter.DelegatingFilterProxy.invokeDelegate(DelegatingFilterProxy.java:362) ~[spring-web-6.2.6.jar:6.2.6]
	at org.springframework.web.filter.DelegatingFilterProxy.doFilter(DelegatingFilterProxy.java:278) ~[spring-web-6.2.6.jar:6.2.6]
	at org.apache.catalina.core.ApplicationFilterChain.internalDoFilter(ApplicationFilterChain.java:164) ~[tomcat-embed-core-10.1.40.jar:10.1.40]
	at org.apache.catalina.core.ApplicationFilterChain.doFilter(ApplicationFilterChain.java:140) ~[tomcat-embed-core-10.1.40.jar:10.1.40]
	at org.springframework.web.filter.RequestContextFilter.doFilterInternal(RequestContextFilter.java:100) ~[spring-web-6.2.6.jar:6.2.6]
	at org.springframework.web.filter.OncePerRequestFilter.doFilter(OncePerRequestFilter.java:116) ~[spring-web-6.2.6.jar:6.2.6]
	at org.apache.catalina.core.ApplicationFilterChain.internalDoFilter(ApplicationFilterChain.java:164) ~[tomcat-embed-core-10.1.40.jar:10.1.40]
	at org.apache.catalina.core.ApplicationFilterChain.doFilter(ApplicationFilterChain.java:140) ~[tomcat-embed-core-10.1.40.jar:10.1.40]
	at org.springframework.web.filter.FormContentFilter.doFilterInternal(FormContentFilter.java:93) ~[spring-web-6.2.6.jar:6.2.6]
	at org.springframework.web.filter.OncePerRequestFilter.doFilter(OncePerRequestFilter.java:116) ~[spring-web-6.2.6.jar:6.2.6]
	at org.apache.catalina.core.ApplicationFilterChain.internalDoFilter(ApplicationFilterChain.java:164) ~[tomcat-embed-core-10.1.40.jar:10.1.40]
	at org.apache.catalina.core.ApplicationFilterChain.doFilter(ApplicationFilterChain.java:140) ~[tomcat-embed-core-10.1.40.jar:10.1.40]
	at org.springframework.web.filter.CharacterEncodingFilter.doFilterInternal(CharacterEncodingFilter.java:201) ~[spring-web-6.2.6.jar:6.2.6]
	at org.springframework.web.filter.OncePerRequestFilter.doFilter(OncePerRequestFilter.java:116) ~[spring-web-6.2.6.jar:6.2.6]
	at org.apache.catalina.core.ApplicationFilterChain.internalDoFilter(ApplicationFilterChain.java:164) ~[tomcat-embed-core-10.1.40.jar:10.1.40]
	at org.apache.catalina.core.ApplicationFilterChain.doFilter(ApplicationFilterChain.java:140) ~[tomcat-embed-core-10.1.40.jar:10.1.40]
	at org.apache.catalina.core.StandardWrapperValve.invoke(StandardWrapperValve.java:167) ~[tomcat-embed-core-10.1.40.jar:10.1.40]
	at org.apache.catalina.core.StandardContextValve.invoke(StandardContextValve.java:90) ~[tomcat-embed-core-10.1.40.jar:10.1.40]
	at org.apache.catalina.authenticator.AuthenticatorBase.invoke(AuthenticatorBase.java:483) ~[tomcat-embed-core-10.1.40.jar:10.1.40]
	at org.apache.catalina.core.StandardHostValve.invoke(StandardHostValve.java:116) ~[tomcat-embed-core-10.1.40.jar:10.1.40]
	at org.apache.catalina.valves.ErrorReportValve.invoke(ErrorReportValve.java:93) ~[tomcat-embed-core-10.1.40.jar:10.1.40]
	at org.apache.catalina.core.StandardEngineValve.invoke(StandardEngineValve.java:74) ~[tomcat-embed-core-10.1.40.jar:10.1.40]
	at org.apache.catalina.connector.CoyoteAdapter.service(CoyoteAdapter.java:344) ~[tomcat-embed-core-10.1.40.jar:10.1.40]
	at org.apache.coyote.http11.Http11Processor.service(Http11Processor.java:398) ~[tomcat-embed-core-10.1.40.jar:10.1.40]
	at org.apache.coyote.AbstractProcessorLight.process(AbstractProcessorLight.java:63) ~[tomcat-embed-core-10.1.40.jar:10.1.40]
	at org.apache.coyote.AbstractProtocol$ConnectionHandler.process(AbstractProtocol.java:903) ~[tomcat-embed-core-10.1.40.jar:10.1.40]
	at org.apache.tomcat.util.net.NioEndpoint$SocketProcessor.doRun(NioEndpoint.java:1740) ~[tomcat-embed-core-10.1.40.jar:10.1.40]
	at org.apache.tomcat.util.net.SocketProcessorBase.run(SocketProcessorBase.java:52) ~[tomcat-embed-core-10.1.40.jar:10.1.40]
	at org.apache.tomcat.util.threads.ThreadPoolExecutor.runWorker(ThreadPoolExecutor.java:1189) ~[tomcat-embed-core-10.1.40.jar:10.1.40]
	at org.apache.tomcat.util.threads.ThreadPoolExecutor$Worker.run(ThreadPoolExecutor.java:658) ~[tomcat-embed-core-10.1.40.jar:10.1.40]
	at org.apache.tomcat.util.threads.TaskThread$WrappingRunnable.run(TaskThread.java:63) ~[tomcat-embed-core-10.1.40.jar:10.1.40]
	at java.base/java.lang.Thread.run(Thread.java:1516) ~[na:na]

2026-05-20T16:46:02.690-04:00 DEBUG 5880 --- [shelter-service] [http-nio-8095-exec-8] o.s.w.s.m.m.a.HttpEntityMethodProcessor  : Using 'application/json', given [*/*] and supported [application/json, application/*+json]
2026-05-20T16:46:02.692-04:00 DEBUG 5880 --- [shelter-service] [http-nio-8095-exec-8] o.s.w.s.m.m.a.HttpEntityMethodProcessor  : Writing [ErrorResponse[timestamp=2026-05-20T16:46:02.690114700, status=500, error=Internal Server Error, mess (truncated)...]
2026-05-20T16:46:02.692-04:00 DEBUG 5880 --- [shelter-service] [http-nio-8095-exec-8] .m.m.a.ExceptionHandlerExceptionResolver : Resolved [org.springframework.web.servlet.resource.NoResourceFoundException: No static resource shelters/by-id.]
2026-05-20T16:46:02.692-04:00 DEBUG 5880 --- [shelter-service] [http-nio-8095-exec-8] o.s.web.servlet.DispatcherServlet        : Completed 500 INTERNAL_SERVER_ERROR
2026-05-20T16:46:02.772-04:00 DEBUG 5880 --- [shelter-service] [pool-2-thread-3] c.a.s.client.UserServiceClient           : [UserServiceClient#getUserAuthByEmail] ---> GET http://localhost:8081/user-app/users/by-email/admin%40empresa.com/auth HTTP/1.1
2026-05-20T16:46:02.901-04:00 DEBUG 5880 --- [shelter-service] [pool-2-thread-3] c.a.s.client.UserServiceClient           : [UserServiceClient#getUserAuthByEmail] <--- HTTP/1.1 200 (129ms)
2026-05-20T16:46:02.901-04:00 DEBUG 5880 --- [shelter-service] [pool-2-thread-3] o.s.w.c.HttpMessageConverterExtractor    : Reading to [com.adoptapp.sharedkernel.dto.UserAuthResponse]
2026-05-20T16:46:03.027-04:00 DEBUG 5880 --- [shelter-service] [http-nio-8095-exec-10] o.s.web.servlet.DispatcherServlet        : DELETE "/shelter-app/shelters/by-id/?userId=19", parameters={masked}
2026-05-20T16:46:03.028-04:00 DEBUG 5880 --- [shelter-service] [http-nio-8095-exec-10] o.s.w.s.handler.SimpleUrlHandlerMapping  : Mapped to ResourceHttpRequestHandler [classpath [META-INF/resources/], classpath [resources/], classpath [static/], classpath [public/], ServletContext [/]]
2026-05-20T16:46:03.029-04:00 DEBUG 5880 --- [shelter-service] [http-nio-8095-exec-10] o.s.w.s.r.ResourceHttpRequestHandler     : Resource not found
2026-05-20T16:46:03.030-04:00 DEBUG 5880 --- [shelter-service] [http-nio-8095-exec-10] .m.m.a.ExceptionHandlerExceptionResolver : Using @ExceptionHandler com.adoptapp.shelterservice.exception.GlobalExceptionHandler#handleGeneric(Exception, HttpServletRequest)
2026-05-20T16:46:03.030-04:00 ERROR 5880 --- [shelter-service] [http-nio-8095-exec-10] c.a.s.exception.GlobalExceptionHandler   : Error interno no manejado en /shelter-app/shelters/by-id/: No static resource shelters/by-id.

org.springframework.web.servlet.resource.NoResourceFoundException: No static resource shelters/by-id.
	at org.springframework.web.servlet.resource.ResourceHttpRequestHandler.handleRequest(ResourceHttpRequestHandler.java:585) ~[spring-webmvc-6.2.6.jar:6.2.6]
	at org.springframework.web.servlet.mvc.HttpRequestHandlerAdapter.handle(HttpRequestHandlerAdapter.java:52) ~[spring-webmvc-6.2.6.jar:6.2.6]
	at org.springframework.web.servlet.DispatcherServlet.doDispatch(DispatcherServlet.java:1089) ~[spring-webmvc-6.2.6.jar:6.2.6]
	at org.springframework.web.servlet.DispatcherServlet.doService(DispatcherServlet.java:979) ~[spring-webmvc-6.2.6.jar:6.2.6]
	at org.springframework.web.servlet.FrameworkServlet.processRequest(FrameworkServlet.java:1014) ~[spring-webmvc-6.2.6.jar:6.2.6]
	at org.springframework.web.servlet.FrameworkServlet.doDelete(FrameworkServlet.java:936) ~[spring-webmvc-6.2.6.jar:6.2.6]
	at jakarta.servlet.http.HttpServlet.service(HttpServlet.java:596) ~[tomcat-embed-core-10.1.40.jar:6.0]
	at org.springframework.web.servlet.FrameworkServlet.service(FrameworkServlet.java:885) ~[spring-webmvc-6.2.6.jar:6.2.6]
	at jakarta.servlet.http.HttpServlet.service(HttpServlet.java:658) ~[tomcat-embed-core-10.1.40.jar:6.0]
	at org.apache.catalina.core.ApplicationFilterChain.internalDoFilter(ApplicationFilterChain.java:195) ~[tomcat-embed-core-10.1.40.jar:10.1.40]
	at org.apache.catalina.core.ApplicationFilterChain.doFilter(ApplicationFilterChain.java:140) ~[tomcat-embed-core-10.1.40.jar:10.1.40]
	at org.apache.tomcat.websocket.server.WsFilter.doFilter(WsFilter.java:51) ~[tomcat-embed-websocket-10.1.40.jar:10.1.40]
	at org.apache.catalina.core.ApplicationFilterChain.internalDoFilter(ApplicationFilterChain.java:164) ~[tomcat-embed-core-10.1.40.jar:10.1.40]
	at org.apache.catalina.core.ApplicationFilterChain.doFilter(ApplicationFilterChain.java:140) ~[tomcat-embed-core-10.1.40.jar:10.1.40]
	at org.springframework.web.filter.CompositeFilter$VirtualFilterChain.doFilter(CompositeFilter.java:108) ~[spring-web-6.2.6.jar:6.2.6]
	at org.springframework.security.web.FilterChainProxy.lambda$doFilterInternal$3(FilterChainProxy.java:231) ~[spring-security-web-6.4.5.jar:6.4.5]
	at org.springframework.security.web.FilterChainProxy$VirtualFilterChain.doFilter(FilterChainProxy.java:365) ~[spring-security-web-6.4.5.jar:6.4.5]
	at org.springframework.security.web.access.intercept.AuthorizationFilter.doFilter(AuthorizationFilter.java:101) ~[spring-security-web-6.4.5.jar:6.4.5]
	at org.springframework.security.web.FilterChainProxy$VirtualFilterChain.doFilter(FilterChainProxy.java:374) ~[spring-security-web-6.4.5.jar:6.4.5]
	at org.springframework.security.web.access.ExceptionTranslationFilter.doFilter(ExceptionTranslationFilter.java:126) ~[spring-security-web-6.4.5.jar:6.4.5]
	at org.springframework.security.web.access.ExceptionTranslationFilter.doFilter(ExceptionTranslationFilter.java:120) ~[spring-security-web-6.4.5.jar:6.4.5]
	at org.springframework.security.web.FilterChainProxy$VirtualFilterChain.doFilter(FilterChainProxy.java:374) ~[spring-security-web-6.4.5.jar:6.4.5]
	at org.springframework.security.web.session.SessionManagementFilter.doFilter(SessionManagementFilter.java:131) ~[spring-security-web-6.4.5.jar:6.4.5]
	at org.springframework.security.web.session.SessionManagementFilter.doFilter(SessionManagementFilter.java:85) ~[spring-security-web-6.4.5.jar:6.4.5]
	at org.springframework.security.web.FilterChainProxy$VirtualFilterChain.doFilter(FilterChainProxy.java:374) ~[spring-security-web-6.4.5.jar:6.4.5]
	at org.springframework.security.web.authentication.AnonymousAuthenticationFilter.doFilter(AnonymousAuthenticationFilter.java:100) ~[spring-security-web-6.4.5.jar:6.4.5]
	at org.springframework.security.web.FilterChainProxy$VirtualFilterChain.doFilter(FilterChainProxy.java:374) ~[spring-security-web-6.4.5.jar:6.4.5]
	at org.springframework.security.web.servletapi.SecurityContextHolderAwareRequestFilter.doFilter(SecurityContextHolderAwareRequestFilter.java:179) ~[spring-security-web-6.4.5.jar:6.4.5]
	at org.springframework.security.web.FilterChainProxy$VirtualFilterChain.doFilter(FilterChainProxy.java:374) ~[spring-security-web-6.4.5.jar:6.4.5]
	at org.springframework.security.web.savedrequest.RequestCacheAwareFilter.doFilter(RequestCacheAwareFilter.java:63) ~[spring-security-web-6.4.5.jar:6.4.5]
	at org.springframework.security.web.FilterChainProxy$VirtualFilterChain.doFilter(FilterChainProxy.java:374) ~[spring-security-web-6.4.5.jar:6.4.5]
	at org.springframework.security.web.authentication.www.BasicAuthenticationFilter.doFilterInternal(BasicAuthenticationFilter.java:213) ~[spring-security-web-6.4.5.jar:6.4.5]
	at org.springframework.web.filter.OncePerRequestFilter.doFilter(OncePerRequestFilter.java:116) ~[spring-web-6.2.6.jar:6.2.6]
	at org.springframework.security.web.FilterChainProxy$VirtualFilterChain.doFilter(FilterChainProxy.java:374) ~[spring-security-web-6.4.5.jar:6.4.5]
	at org.springframework.security.web.authentication.logout.LogoutFilter.doFilter(LogoutFilter.java:107) ~[spring-security-web-6.4.5.jar:6.4.5]
	at org.springframework.security.web.authentication.logout.LogoutFilter.doFilter(LogoutFilter.java:93) ~[spring-security-web-6.4.5.jar:6.4.5]
	at org.springframework.security.web.FilterChainProxy$VirtualFilterChain.doFilter(FilterChainProxy.java:374) ~[spring-security-web-6.4.5.jar:6.4.5]
	at org.springframework.security.web.header.HeaderWriterFilter.doHeadersAfter(HeaderWriterFilter.java:90) ~[spring-security-web-6.4.5.jar:6.4.5]
	at org.springframework.security.web.header.HeaderWriterFilter.doFilterInternal(HeaderWriterFilter.java:75) ~[spring-security-web-6.4.5.jar:6.4.5]
	at org.springframework.web.filter.OncePerRequestFilter.doFilter(OncePerRequestFilter.java:116) ~[spring-web-6.2.6.jar:6.2.6]
	at org.springframework.security.web.FilterChainProxy$VirtualFilterChain.doFilter(FilterChainProxy.java:374) ~[spring-security-web-6.4.5.jar:6.4.5]
	at org.springframework.security.web.context.SecurityContextHolderFilter.doFilter(SecurityContextHolderFilter.java:82) ~[spring-security-web-6.4.5.jar:6.4.5]
	at org.springframework.security.web.context.SecurityContextHolderFilter.doFilter(SecurityContextHolderFilter.java:69) ~[spring-security-web-6.4.5.jar:6.4.5]
	at org.springframework.security.web.FilterChainProxy$VirtualFilterChain.doFilter(FilterChainProxy.java:374) ~[spring-security-web-6.4.5.jar:6.4.5]
	at org.springframework.security.web.context.request.async.WebAsyncManagerIntegrationFilter.doFilterInternal(WebAsyncManagerIntegrationFilter.java:62) ~[spring-security-web-6.4.5.jar:6.4.5]
	at org.springframework.web.filter.OncePerRequestFilter.doFilter(OncePerRequestFilter.java:116) ~[spring-web-6.2.6.jar:6.2.6]
	at org.springframework.security.web.FilterChainProxy$VirtualFilterChain.doFilter(FilterChainProxy.java:374) ~[spring-security-web-6.4.5.jar:6.4.5]
	at org.springframework.security.web.session.DisableEncodeUrlFilter.doFilterInternal(DisableEncodeUrlFilter.java:42) ~[spring-security-web-6.4.5.jar:6.4.5]
	at org.springframework.web.filter.OncePerRequestFilter.doFilter(OncePerRequestFilter.java:116) ~[spring-web-6.2.6.jar:6.2.6]
	at org.springframework.security.web.FilterChainProxy$VirtualFilterChain.doFilter(FilterChainProxy.java:374) ~[spring-security-web-6.4.5.jar:6.4.5]
	at org.springframework.security.web.FilterChainProxy.doFilterInternal(FilterChainProxy.java:233) ~[spring-security-web-6.4.5.jar:6.4.5]
	at org.springframework.security.web.FilterChainProxy.doFilter(FilterChainProxy.java:191) ~[spring-security-web-6.4.5.jar:6.4.5]
	at org.springframework.web.filter.CompositeFilter$VirtualFilterChain.doFilter(CompositeFilter.java:113) ~[spring-web-6.2.6.jar:6.2.6]
	at org.springframework.web.servlet.handler.HandlerMappingIntrospector.lambda$createCacheFilter$3(HandlerMappingIntrospector.java:243) ~[spring-webmvc-6.2.6.jar:6.2.6]
	at org.springframework.web.filter.CompositeFilter$VirtualFilterChain.doFilter(CompositeFilter.java:113) ~[spring-web-6.2.6.jar:6.2.6]
	at org.springframework.web.filter.CompositeFilter.doFilter(CompositeFilter.java:74) ~[spring-web-6.2.6.jar:6.2.6]
	at org.springframework.security.config.annotation.web.configuration.WebMvcSecurityConfiguration$CompositeFilterChainProxy.doFilter(WebMvcSecurityConfiguration.java:238) ~[spring-security-config-6.4.5.jar:6.4.5]
	at org.springframework.web.filter.DelegatingFilterProxy.invokeDelegate(DelegatingFilterProxy.java:362) ~[spring-web-6.2.6.jar:6.2.6]
	at org.springframework.web.filter.DelegatingFilterProxy.doFilter(DelegatingFilterProxy.java:278) ~[spring-web-6.2.6.jar:6.2.6]
	at org.apache.catalina.core.ApplicationFilterChain.internalDoFilter(ApplicationFilterChain.java:164) ~[tomcat-embed-core-10.1.40.jar:10.1.40]
	at org.apache.catalina.core.ApplicationFilterChain.doFilter(ApplicationFilterChain.java:140) ~[tomcat-embed-core-10.1.40.jar:10.1.40]
	at org.springframework.web.filter.RequestContextFilter.doFilterInternal(RequestContextFilter.java:100) ~[spring-web-6.2.6.jar:6.2.6]
	at org.springframework.web.filter.OncePerRequestFilter.doFilter(OncePerRequestFilter.java:116) ~[spring-web-6.2.6.jar:6.2.6]
	at org.apache.catalina.core.ApplicationFilterChain.internalDoFilter(ApplicationFilterChain.java:164) ~[tomcat-embed-core-10.1.40.jar:10.1.40]
	at org.apache.catalina.core.ApplicationFilterChain.doFilter(ApplicationFilterChain.java:140) ~[tomcat-embed-core-10.1.40.jar:10.1.40]
	at org.springframework.web.filter.FormContentFilter.doFilterInternal(FormContentFilter.java:93) ~[spring-web-6.2.6.jar:6.2.6]
	at org.springframework.web.filter.OncePerRequestFilter.doFilter(OncePerRequestFilter.java:116) ~[spring-web-6.2.6.jar:6.2.6]
	at org.apache.catalina.core.ApplicationFilterChain.internalDoFilter(ApplicationFilterChain.java:164) ~[tomcat-embed-core-10.1.40.jar:10.1.40]
	at org.apache.catalina.core.ApplicationFilterChain.doFilter(ApplicationFilterChain.java:140) ~[tomcat-embed-core-10.1.40.jar:10.1.40]
	at org.springframework.web.filter.CharacterEncodingFilter.doFilterInternal(CharacterEncodingFilter.java:201) ~[spring-web-6.2.6.jar:6.2.6]
	at org.springframework.web.filter.OncePerRequestFilter.doFilter(OncePerRequestFilter.java:116) ~[spring-web-6.2.6.jar:6.2.6]
	at org.apache.catalina.core.ApplicationFilterChain.internalDoFilter(ApplicationFilterChain.java:164) ~[tomcat-embed-core-10.1.40.jar:10.1.40]
	at org.apache.catalina.core.ApplicationFilterChain.doFilter(ApplicationFilterChain.java:140) ~[tomcat-embed-core-10.1.40.jar:10.1.40]
	at org.apache.catalina.core.StandardWrapperValve.invoke(StandardWrapperValve.java:167) ~[tomcat-embed-core-10.1.40.jar:10.1.40]
	at org.apache.catalina.core.StandardContextValve.invoke(StandardContextValve.java:90) ~[tomcat-embed-core-10.1.40.jar:10.1.40]
	at org.apache.catalina.authenticator.AuthenticatorBase.invoke(AuthenticatorBase.java:483) ~[tomcat-embed-core-10.1.40.jar:10.1.40]
	at org.apache.catalina.core.StandardHostValve.invoke(StandardHostValve.java:116) ~[tomcat-embed-core-10.1.40.jar:10.1.40]
	at org.apache.catalina.valves.ErrorReportValve.invoke(ErrorReportValve.java:93) ~[tomcat-embed-core-10.1.40.jar:10.1.40]
	at org.apache.catalina.core.StandardEngineValve.invoke(StandardEngineValve.java:74) ~[tomcat-embed-core-10.1.40.jar:10.1.40]
	at org.apache.catalina.connector.CoyoteAdapter.service(CoyoteAdapter.java:344) ~[tomcat-embed-core-10.1.40.jar:10.1.40]
	at org.apache.coyote.http11.Http11Processor.service(Http11Processor.java:398) ~[tomcat-embed-core-10.1.40.jar:10.1.40]
	at org.apache.coyote.AbstractProcessorLight.process(AbstractProcessorLight.java:63) ~[tomcat-embed-core-10.1.40.jar:10.1.40]
	at org.apache.coyote.AbstractProtocol$ConnectionHandler.process(AbstractProtocol.java:903) ~[tomcat-embed-core-10.1.40.jar:10.1.40]
	at org.apache.tomcat.util.net.NioEndpoint$SocketProcessor.doRun(NioEndpoint.java:1740) ~[tomcat-embed-core-10.1.40.jar:10.1.40]
	at org.apache.tomcat.util.net.SocketProcessorBase.run(SocketProcessorBase.java:52) ~[tomcat-embed-core-10.1.40.jar:10.1.40]
	at org.apache.tomcat.util.threads.ThreadPoolExecutor.runWorker(ThreadPoolExecutor.java:1189) ~[tomcat-embed-core-10.1.40.jar:10.1.40]
	at org.apache.tomcat.util.threads.ThreadPoolExecutor$Worker.run(ThreadPoolExecutor.java:658) ~[tomcat-embed-core-10.1.40.jar:10.1.40]
	at org.apache.tomcat.util.threads.TaskThread$WrappingRunnable.run(TaskThread.java:63) ~[tomcat-embed-core-10.1.40.jar:10.1.40]
	at java.base/java.lang.Thread.run(Thread.java:1516) ~[na:na]

2026-05-20T16:46:03.032-04:00 DEBUG 5880 --- [shelter-service] [http-nio-8095-exec-10] o.s.w.s.m.m.a.HttpEntityMethodProcessor  : Using 'application/json', given [*/*] and supported [application/json, application/*+json]
2026-05-20T16:46:03.032-04:00 DEBUG 5880 --- [shelter-service] [http-nio-8095-exec-10] o.s.w.s.m.m.a.HttpEntityMethodProcessor  : Writing [ErrorResponse[timestamp=2026-05-20T16:46:03.032878100, status=500, error=Internal Server Error, mess (truncated)...]
2026-05-20T16:46:03.034-04:00 DEBUG 5880 --- [shelter-service] [http-nio-8095-exec-10] .m.m.a.ExceptionHandlerExceptionResolver : Resolved [org.springframework.web.servlet.resource.NoResourceFoundException: No static resource shelters/by-id.]
2026-05-20T16:46:03.034-04:00 DEBUG 5880 --- [shelter-service] [http-nio-8095-exec-10] o.s.web.servlet.DispatcherServlet        : Completed 500 INTERNAL_SERVER_ERROR
2026-05-20T16:47:40.656-04:00  INFO 5880 --- [shelter-service] [SpringApplicationShutdownHook] o.s.b.w.e.tomcat.GracefulShutdown        : Commencing graceful shutdown. Waiting for active requests to complete
2026-05-20T16:47:40.701-04:00  INFO 5880 --- [shelter-service] [tomcat-shutdown] o.s.b.w.e.tomcat.GracefulShutdown        : Graceful shutdown complete
2026-05-20T16:47:40.725-04:00  INFO 5880 --- [shelter-service] [SpringApplicationShutdownHook] j.LocalContainerEntityManagerFactoryBean : Closing JPA EntityManagerFactory for persistence unit 'default'
2026-05-20T16:47:40.762-04:00  INFO 5880 --- [shelter-service] [SpringApplicationShutdownHook] com.zaxxer.hikari.HikariDataSource       : HikariPool-1 - Shutdown initiated...
2026-05-20T16:47:40.776-04:00  INFO 5880 --- [shelter-service] [SpringApplicationShutdownHook] com.zaxxer.hikari.HikariDataSource       : HikariPool-1 - Shutdown completed.
2026-05-20T16:48:14.294-04:00  INFO 36440 --- [shelter-service] [main] c.a.s.ShelterServiceApplication          : Starting ShelterServiceApplication using Java 26 with PID 36440 (C:\Users\camil\Documents\fullstack1\adoptapp\shelter-service\target\classes started by camil in C:\Users\camil\Documents\fullstack1\adoptapp)
2026-05-20T16:48:14.296-04:00 DEBUG 36440 --- [shelter-service] [main] c.a.s.ShelterServiceApplication          : Running with Spring Boot v3.4.5, Spring v6.2.6
2026-05-20T16:48:14.296-04:00  INFO 36440 --- [shelter-service] [main] c.a.s.ShelterServiceApplication          : No active profile set, falling back to 1 default profile: "default"
2026-05-20T16:48:15.806-04:00  INFO 36440 --- [shelter-service] [main] .s.d.r.c.RepositoryConfigurationDelegate : Bootstrapping Spring Data JPA repositories in DEFAULT mode.
2026-05-20T16:48:15.948-04:00  INFO 36440 --- [shelter-service] [main] .s.d.r.c.RepositoryConfigurationDelegate : Finished Spring Data repository scanning in 118 ms. Found 2 JPA repository interfaces.
2026-05-20T16:48:16.450-04:00  INFO 36440 --- [shelter-service] [main] o.s.cloud.context.scope.GenericScope     : BeanFactory id=090de83e-2feb-39c5-98a1-1aeeb5bb0336
2026-05-20T16:48:17.547-04:00  INFO 36440 --- [shelter-service] [main] o.s.b.w.embedded.tomcat.TomcatWebServer  : Tomcat initialized with port 8095 (http)
2026-05-20T16:48:17.561-04:00  INFO 36440 --- [shelter-service] [main] o.apache.catalina.core.StandardService   : Starting service [Tomcat]
2026-05-20T16:48:17.562-04:00  INFO 36440 --- [shelter-service] [main] o.apache.catalina.core.StandardEngine    : Starting Servlet engine: [Apache Tomcat/10.1.40]
2026-05-20T16:48:17.633-04:00  INFO 36440 --- [shelter-service] [main] o.a.c.c.C.[.[localhost].[/shelter-app]   : Initializing Spring embedded WebApplicationContext
2026-05-20T16:48:17.634-04:00  INFO 36440 --- [shelter-service] [main] w.s.c.ServletWebServerApplicationContext : Root WebApplicationContext: initialization completed in 3277 ms
2026-05-20T16:48:18.066-04:00  INFO 36440 --- [shelter-service] [main] com.zaxxer.hikari.HikariDataSource       : HikariPool-1 - Starting...
2026-05-20T16:48:19.317-04:00  INFO 36440 --- [shelter-service] [main] com.zaxxer.hikari.pool.HikariPool        : HikariPool-1 - Added connection org.postgresql.jdbc.PgConnection@34beadce
2026-05-20T16:48:19.320-04:00  INFO 36440 --- [shelter-service] [main] com.zaxxer.hikari.HikariDataSource       : HikariPool-1 - Start completed.
2026-05-20T16:48:19.375-04:00  INFO 36440 --- [shelter-service] [main] org.flywaydb.core.FlywayExecutor         : Database: jdbc:postgresql://localhost:5432/shelter_db (PostgreSQL 18.3)
2026-05-20T16:48:19.392-04:00  WARN 36440 --- [shelter-service] [main] o.f.c.internal.database.base.Database    : Flyway upgrade recommended: PostgreSQL 18.3 is newer than this version of Flyway and support has not been tested. The latest supported version of PostgreSQL is 17.
2026-05-20T16:48:19.469-04:00  INFO 36440 --- [shelter-service] [main] o.f.core.internal.command.DbValidate     : Successfully validated 2 migrations (execution time 00:00.057s)
2026-05-20T16:48:19.618-04:00  INFO 36440 --- [shelter-service] [main] o.f.core.internal.command.DbMigrate      : Current version of schema "public": 2
2026-05-20T16:48:19.623-04:00  INFO 36440 --- [shelter-service] [main] o.f.core.internal.command.DbMigrate      : Schema "public" is up to date. No migration necessary.
2026-05-20T16:48:19.836-04:00  INFO 36440 --- [shelter-service] [main] o.hibernate.jpa.internal.util.LogHelper  : HHH000204: Processing PersistenceUnitInfo [name: default]
2026-05-20T16:48:19.954-04:00  INFO 36440 --- [shelter-service] [main] org.hibernate.Version                    : HHH000412: Hibernate ORM core version 6.6.13.Final
2026-05-20T16:48:20.025-04:00  INFO 36440 --- [shelter-service] [main] o.h.c.internal.RegionFactoryInitiator    : HHH000026: Second-level cache disabled
2026-05-20T16:48:20.579-04:00  INFO 36440 --- [shelter-service] [main] o.s.o.j.p.SpringPersistenceUnitInfo      : No LoadTimeWeaver setup: ignoring JPA class transformer
2026-05-20T16:48:20.660-04:00  WARN 36440 --- [shelter-service] [main] org.hibernate.orm.deprecation            : HHH90000025: PostgreSQLDialect does not need to be specified explicitly using 'hibernate.dialect' (remove the property setting and it will be selected by default)
2026-05-20T16:48:20.678-04:00  INFO 36440 --- [shelter-service] [main] org.hibernate.orm.connections.pooling    : HHH10001005: Database info:
	Database JDBC URL [Connecting through datasource 'HikariDataSource (HikariPool-1)']
	Database driver: undefined/unknown
	Database version: 18.3
	Autocommit mode: undefined/unknown
	Isolation level: undefined/unknown
	Minimum pool size: undefined/unknown
	Maximum pool size: undefined/unknown
2026-05-20T16:48:22.125-04:00  INFO 36440 --- [shelter-service] [main] o.h.e.t.j.p.i.JtaPlatformInitiator       : HHH000489: No JTA platform available (set 'hibernate.transaction.jta.platform' to enable JTA platform integration)
2026-05-20T16:48:22.183-04:00  INFO 36440 --- [shelter-service] [main] j.LocalContainerEntityManagerFactoryBean : Initialized JPA EntityManagerFactory for persistence unit 'default'
2026-05-20T16:48:22.411-04:00  WARN 36440 --- [shelter-service] [main] JpaBaseConfiguration$JpaWebConfiguration : spring.jpa.open-in-view is enabled by default. Therefore, database queries may be performed during view rendering. Explicitly configure spring.jpa.open-in-view to disable this warning
2026-05-20T16:48:23.914-04:00  INFO 36440 --- [shelter-service] [main] r$InitializeUserDetailsManagerConfigurer : Global AuthenticationManager configured with UserDetailsService bean with name customUserDetailsService
2026-05-20T16:48:24.232-04:00 DEBUG 36440 --- [shelter-service] [main] s.w.s.m.m.a.RequestMappingHandlerMapping : 8 mappings in 'requestMappingHandlerMapping'
2026-05-20T16:48:24.601-04:00 DEBUG 36440 --- [shelter-service] [main] o.s.w.s.handler.SimpleUrlHandlerMapping  : Patterns [/webjars/**, /**] in 'resourceHandlerMapping'
2026-05-20T16:48:25.286-04:00 DEBUG 36440 --- [shelter-service] [main] s.w.s.m.m.a.RequestMappingHandlerAdapter : ControllerAdvice beans: 0 @ModelAttribute, 0 @InitBinder, 1 RequestBodyAdvice, 1 ResponseBodyAdvice
2026-05-20T16:48:25.406-04:00 DEBUG 36440 --- [shelter-service] [main] .m.m.a.ExceptionHandlerExceptionResolver : ControllerAdvice beans: 1 @ExceptionHandler, 1 ResponseBodyAdvice
2026-05-20T16:48:26.858-04:00  INFO 36440 --- [shelter-service] [main] o.s.cloud.commons.util.InetUtils         : Cannot determine local hostname
2026-05-20T16:48:27.044-04:00  INFO 36440 --- [shelter-service] [main] o.s.b.w.embedded.tomcat.TomcatWebServer  : Tomcat started on port 8095 (http) with context path '/shelter-app'
2026-05-20T16:48:28.069-04:00  INFO 36440 --- [shelter-service] [main] o.s.cloud.commons.util.InetUtils         : Cannot determine local hostname
2026-05-20T16:48:28.086-04:00  INFO 36440 --- [shelter-service] [main] c.a.s.ShelterServiceApplication          : Started ShelterServiceApplication in 15.605 seconds (process running for 16.832)
2026-05-20T16:53:43.224-04:00  INFO 36440 --- [shelter-service] [http-nio-8095-exec-1] o.a.c.c.C.[.[localhost].[/shelter-app]   : Initializing Spring DispatcherServlet 'dispatcherServlet'
2026-05-20T16:53:43.224-04:00  INFO 36440 --- [shelter-service] [http-nio-8095-exec-1] o.s.web.servlet.DispatcherServlet        : Initializing Servlet 'dispatcherServlet'
2026-05-20T16:53:43.224-04:00 DEBUG 36440 --- [shelter-service] [http-nio-8095-exec-1] o.s.web.servlet.DispatcherServlet        : Detected StandardServletMultipartResolver
2026-05-20T16:53:43.224-04:00 DEBUG 36440 --- [shelter-service] [http-nio-8095-exec-1] o.s.web.servlet.DispatcherServlet        : Detected AcceptHeaderLocaleResolver
2026-05-20T16:53:43.224-04:00 DEBUG 36440 --- [shelter-service] [http-nio-8095-exec-1] o.s.web.servlet.DispatcherServlet        : Detected FixedThemeResolver
2026-05-20T16:53:43.224-04:00 DEBUG 36440 --- [shelter-service] [http-nio-8095-exec-1] o.s.web.servlet.DispatcherServlet        : Detected org.springframework.web.servlet.view.DefaultRequestToViewNameTranslator@74be992a
2026-05-20T16:53:43.224-04:00 DEBUG 36440 --- [shelter-service] [http-nio-8095-exec-1] o.s.web.servlet.DispatcherServlet        : Detected org.springframework.web.servlet.support.SessionFlashMapManager@1bb5dce0
2026-05-20T16:53:43.224-04:00 DEBUG 36440 --- [shelter-service] [http-nio-8095-exec-1] o.s.web.servlet.DispatcherServlet        : enableLoggingRequestDetails='false': request parameters and headers will be masked to prevent unsafe logging of potentially sensitive data
2026-05-20T16:53:43.224-04:00  INFO 36440 --- [shelter-service] [http-nio-8095-exec-1] o.s.web.servlet.DispatcherServlet        : Completed initialization in 0 ms
2026-05-20T16:53:43.396-04:00 DEBUG 36440 --- [shelter-service] [pool-2-thread-1] c.a.s.client.UserServiceClient           : [UserServiceClient#getUserAuthByEmail] ---> GET http://localhost:8081/user-app/users/by-email/admin%40empresa.com/auth HTTP/1.1
2026-05-20T16:53:43.534-04:00 DEBUG 36440 --- [shelter-service] [pool-2-thread-1] c.a.s.client.UserServiceClient           : [UserServiceClient#getUserAuthByEmail] <--- HTTP/1.1 200 (138ms)
2026-05-20T16:53:43.556-04:00 DEBUG 36440 --- [shelter-service] [pool-2-thread-1] o.s.w.c.HttpMessageConverterExtractor    : Reading to [com.adoptapp.sharedkernel.dto.UserAuthResponse]
2026-05-20T16:53:43.693-04:00 DEBUG 36440 --- [shelter-service] [http-nio-8095-exec-1] o.s.web.servlet.DispatcherServlet        : GET "/shelter-app/shelters/?status=ACTIVE", parameters={masked}
2026-05-20T16:53:43.693-04:00 DEBUG 36440 --- [shelter-service] [http-nio-8095-exec-1] o.s.w.s.handler.SimpleUrlHandlerMapping  : Mapped to ResourceHttpRequestHandler [classpath [META-INF/resources/], classpath [resources/], classpath [static/], classpath [public/], ServletContext [/]]
2026-05-20T16:53:43.713-04:00 DEBUG 36440 --- [shelter-service] [http-nio-8095-exec-1] o.s.w.s.r.ResourceHttpRequestHandler     : Resource not found
2026-05-20T16:53:43.719-04:00 DEBUG 36440 --- [shelter-service] [http-nio-8095-exec-1] .m.m.a.ExceptionHandlerExceptionResolver : Using @ExceptionHandler com.adoptapp.shelterservice.exception.GlobalExceptionHandler#handleGeneric(Exception, HttpServletRequest)
2026-05-20T16:53:43.721-04:00 ERROR 36440 --- [shelter-service] [http-nio-8095-exec-1] c.a.s.exception.GlobalExceptionHandler   : Error interno no manejado en /shelter-app/shelters/: No static resource shelters.

org.springframework.web.servlet.resource.NoResourceFoundException: No static resource shelters.
	at org.springframework.web.servlet.resource.ResourceHttpRequestHandler.handleRequest(ResourceHttpRequestHandler.java:585) ~[spring-webmvc-6.2.6.jar:6.2.6]
	at org.springframework.web.servlet.mvc.HttpRequestHandlerAdapter.handle(HttpRequestHandlerAdapter.java:52) ~[spring-webmvc-6.2.6.jar:6.2.6]
	at org.springframework.web.servlet.DispatcherServlet.doDispatch(DispatcherServlet.java:1089) ~[spring-webmvc-6.2.6.jar:6.2.6]
	at org.springframework.web.servlet.DispatcherServlet.doService(DispatcherServlet.java:979) ~[spring-webmvc-6.2.6.jar:6.2.6]
	at org.springframework.web.servlet.FrameworkServlet.processRequest(FrameworkServlet.java:1014) ~[spring-webmvc-6.2.6.jar:6.2.6]
	at org.springframework.web.servlet.FrameworkServlet.doGet(FrameworkServlet.java:903) ~[spring-webmvc-6.2.6.jar:6.2.6]
	at jakarta.servlet.http.HttpServlet.service(HttpServlet.java:564) ~[tomcat-embed-core-10.1.40.jar:6.0]
	at org.springframework.web.servlet.FrameworkServlet.service(FrameworkServlet.java:885) ~[spring-webmvc-6.2.6.jar:6.2.6]
	at jakarta.servlet.http.HttpServlet.service(HttpServlet.java:658) ~[tomcat-embed-core-10.1.40.jar:6.0]
	at org.apache.catalina.core.ApplicationFilterChain.internalDoFilter(ApplicationFilterChain.java:195) ~[tomcat-embed-core-10.1.40.jar:10.1.40]
	at org.apache.catalina.core.ApplicationFilterChain.doFilter(ApplicationFilterChain.java:140) ~[tomcat-embed-core-10.1.40.jar:10.1.40]
	at org.apache.tomcat.websocket.server.WsFilter.doFilter(WsFilter.java:51) ~[tomcat-embed-websocket-10.1.40.jar:10.1.40]
	at org.apache.catalina.core.ApplicationFilterChain.internalDoFilter(ApplicationFilterChain.java:164) ~[tomcat-embed-core-10.1.40.jar:10.1.40]
	at org.apache.catalina.core.ApplicationFilterChain.doFilter(ApplicationFilterChain.java:140) ~[tomcat-embed-core-10.1.40.jar:10.1.40]
	at org.springframework.web.filter.CompositeFilter$VirtualFilterChain.doFilter(CompositeFilter.java:108) ~[spring-web-6.2.6.jar:6.2.6]
	at org.springframework.security.web.FilterChainProxy.lambda$doFilterInternal$3(FilterChainProxy.java:231) ~[spring-security-web-6.4.5.jar:6.4.5]
	at org.springframework.security.web.FilterChainProxy$VirtualFilterChain.doFilter(FilterChainProxy.java:365) ~[spring-security-web-6.4.5.jar:6.4.5]
	at org.springframework.security.web.access.intercept.AuthorizationFilter.doFilter(AuthorizationFilter.java:101) ~[spring-security-web-6.4.5.jar:6.4.5]
	at org.springframework.security.web.FilterChainProxy$VirtualFilterChain.doFilter(FilterChainProxy.java:374) ~[spring-security-web-6.4.5.jar:6.4.5]
	at org.springframework.security.web.access.ExceptionTranslationFilter.doFilter(ExceptionTranslationFilter.java:126) ~[spring-security-web-6.4.5.jar:6.4.5]
	at org.springframework.security.web.access.ExceptionTranslationFilter.doFilter(ExceptionTranslationFilter.java:120) ~[spring-security-web-6.4.5.jar:6.4.5]
	at org.springframework.security.web.FilterChainProxy$VirtualFilterChain.doFilter(FilterChainProxy.java:374) ~[spring-security-web-6.4.5.jar:6.4.5]
	at org.springframework.security.web.session.SessionManagementFilter.doFilter(SessionManagementFilter.java:131) ~[spring-security-web-6.4.5.jar:6.4.5]
	at org.springframework.security.web.session.SessionManagementFilter.doFilter(SessionManagementFilter.java:85) ~[spring-security-web-6.4.5.jar:6.4.5]
	at org.springframework.security.web.FilterChainProxy$VirtualFilterChain.doFilter(FilterChainProxy.java:374) ~[spring-security-web-6.4.5.jar:6.4.5]
	at org.springframework.security.web.authentication.AnonymousAuthenticationFilter.doFilter(AnonymousAuthenticationFilter.java:100) ~[spring-security-web-6.4.5.jar:6.4.5]
	at org.springframework.security.web.FilterChainProxy$VirtualFilterChain.doFilter(FilterChainProxy.java:374) ~[spring-security-web-6.4.5.jar:6.4.5]
	at org.springframework.security.web.servletapi.SecurityContextHolderAwareRequestFilter.doFilter(SecurityContextHolderAwareRequestFilter.java:179) ~[spring-security-web-6.4.5.jar:6.4.5]
	at org.springframework.security.web.FilterChainProxy$VirtualFilterChain.doFilter(FilterChainProxy.java:374) ~[spring-security-web-6.4.5.jar:6.4.5]
	at org.springframework.security.web.savedrequest.RequestCacheAwareFilter.doFilter(RequestCacheAwareFilter.java:63) ~[spring-security-web-6.4.5.jar:6.4.5]
	at org.springframework.security.web.FilterChainProxy$VirtualFilterChain.doFilter(FilterChainProxy.java:374) ~[spring-security-web-6.4.5.jar:6.4.5]
	at org.springframework.security.web.authentication.www.BasicAuthenticationFilter.doFilterInternal(BasicAuthenticationFilter.java:213) ~[spring-security-web-6.4.5.jar:6.4.5]
	at org.springframework.web.filter.OncePerRequestFilter.doFilter(OncePerRequestFilter.java:116) ~[spring-web-6.2.6.jar:6.2.6]
	at org.springframework.security.web.FilterChainProxy$VirtualFilterChain.doFilter(FilterChainProxy.java:374) ~[spring-security-web-6.4.5.jar:6.4.5]
	at org.springframework.security.web.authentication.logout.LogoutFilter.doFilter(LogoutFilter.java:107) ~[spring-security-web-6.4.5.jar:6.4.5]
	at org.springframework.security.web.authentication.logout.LogoutFilter.doFilter(LogoutFilter.java:93) ~[spring-security-web-6.4.5.jar:6.4.5]
	at org.springframework.security.web.FilterChainProxy$VirtualFilterChain.doFilter(FilterChainProxy.java:374) ~[spring-security-web-6.4.5.jar:6.4.5]
	at org.springframework.security.web.header.HeaderWriterFilter.doHeadersAfter(HeaderWriterFilter.java:90) ~[spring-security-web-6.4.5.jar:6.4.5]
	at org.springframework.security.web.header.HeaderWriterFilter.doFilterInternal(HeaderWriterFilter.java:75) ~[spring-security-web-6.4.5.jar:6.4.5]
	at org.springframework.web.filter.OncePerRequestFilter.doFilter(OncePerRequestFilter.java:116) ~[spring-web-6.2.6.jar:6.2.6]
	at org.springframework.security.web.FilterChainProxy$VirtualFilterChain.doFilter(FilterChainProxy.java:374) ~[spring-security-web-6.4.5.jar:6.4.5]
	at org.springframework.security.web.context.SecurityContextHolderFilter.doFilter(SecurityContextHolderFilter.java:82) ~[spring-security-web-6.4.5.jar:6.4.5]
	at org.springframework.security.web.context.SecurityContextHolderFilter.doFilter(SecurityContextHolderFilter.java:69) ~[spring-security-web-6.4.5.jar:6.4.5]
	at org.springframework.security.web.FilterChainProxy$VirtualFilterChain.doFilter(FilterChainProxy.java:374) ~[spring-security-web-6.4.5.jar:6.4.5]
	at org.springframework.security.web.context.request.async.WebAsyncManagerIntegrationFilter.doFilterInternal(WebAsyncManagerIntegrationFilter.java:62) ~[spring-security-web-6.4.5.jar:6.4.5]
	at org.springframework.web.filter.OncePerRequestFilter.doFilter(OncePerRequestFilter.java:116) ~[spring-web-6.2.6.jar:6.2.6]
	at org.springframework.security.web.FilterChainProxy$VirtualFilterChain.doFilter(FilterChainProxy.java:374) ~[spring-security-web-6.4.5.jar:6.4.5]
	at org.springframework.security.web.session.DisableEncodeUrlFilter.doFilterInternal(DisableEncodeUrlFilter.java:42) ~[spring-security-web-6.4.5.jar:6.4.5]
	at org.springframework.web.filter.OncePerRequestFilter.doFilter(OncePerRequestFilter.java:116) ~[spring-web-6.2.6.jar:6.2.6]
	at org.springframework.security.web.FilterChainProxy$VirtualFilterChain.doFilter(FilterChainProxy.java:374) ~[spring-security-web-6.4.5.jar:6.4.5]
	at org.springframework.security.web.FilterChainProxy.doFilterInternal(FilterChainProxy.java:233) ~[spring-security-web-6.4.5.jar:6.4.5]
	at org.springframework.security.web.FilterChainProxy.doFilter(FilterChainProxy.java:191) ~[spring-security-web-6.4.5.jar:6.4.5]
	at org.springframework.web.filter.CompositeFilter$VirtualFilterChain.doFilter(CompositeFilter.java:113) ~[spring-web-6.2.6.jar:6.2.6]
	at org.springframework.web.servlet.handler.HandlerMappingIntrospector.lambda$createCacheFilter$3(HandlerMappingIntrospector.java:243) ~[spring-webmvc-6.2.6.jar:6.2.6]
	at org.springframework.web.filter.CompositeFilter$VirtualFilterChain.doFilter(CompositeFilter.java:113) ~[spring-web-6.2.6.jar:6.2.6]
	at org.springframework.web.filter.CompositeFilter.doFilter(CompositeFilter.java:74) ~[spring-web-6.2.6.jar:6.2.6]
	at org.springframework.security.config.annotation.web.configuration.WebMvcSecurityConfiguration$CompositeFilterChainProxy.doFilter(WebMvcSecurityConfiguration.java:238) ~[spring-security-config-6.4.5.jar:6.4.5]
	at org.springframework.web.filter.DelegatingFilterProxy.invokeDelegate(DelegatingFilterProxy.java:362) ~[spring-web-6.2.6.jar:6.2.6]
	at org.springframework.web.filter.DelegatingFilterProxy.doFilter(DelegatingFilterProxy.java:278) ~[spring-web-6.2.6.jar:6.2.6]
	at org.apache.catalina.core.ApplicationFilterChain.internalDoFilter(ApplicationFilterChain.java:164) ~[tomcat-embed-core-10.1.40.jar:10.1.40]
	at org.apache.catalina.core.ApplicationFilterChain.doFilter(ApplicationFilterChain.java:140) ~[tomcat-embed-core-10.1.40.jar:10.1.40]
	at org.springframework.web.filter.RequestContextFilter.doFilterInternal(RequestContextFilter.java:100) ~[spring-web-6.2.6.jar:6.2.6]
	at org.springframework.web.filter.OncePerRequestFilter.doFilter(OncePerRequestFilter.java:116) ~[spring-web-6.2.6.jar:6.2.6]
	at org.apache.catalina.core.ApplicationFilterChain.internalDoFilter(ApplicationFilterChain.java:164) ~[tomcat-embed-core-10.1.40.jar:10.1.40]
	at org.apache.catalina.core.ApplicationFilterChain.doFilter(ApplicationFilterChain.java:140) ~[tomcat-embed-core-10.1.40.jar:10.1.40]
	at org.springframework.web.filter.FormContentFilter.doFilterInternal(FormContentFilter.java:93) ~[spring-web-6.2.6.jar:6.2.6]
	at org.springframework.web.filter.OncePerRequestFilter.doFilter(OncePerRequestFilter.java:116) ~[spring-web-6.2.6.jar:6.2.6]
	at org.apache.catalina.core.ApplicationFilterChain.internalDoFilter(ApplicationFilterChain.java:164) ~[tomcat-embed-core-10.1.40.jar:10.1.40]
	at org.apache.catalina.core.ApplicationFilterChain.doFilter(ApplicationFilterChain.java:140) ~[tomcat-embed-core-10.1.40.jar:10.1.40]
	at org.springframework.web.filter.CharacterEncodingFilter.doFilterInternal(CharacterEncodingFilter.java:201) ~[spring-web-6.2.6.jar:6.2.6]
	at org.springframework.web.filter.OncePerRequestFilter.doFilter(OncePerRequestFilter.java:116) ~[spring-web-6.2.6.jar:6.2.6]
	at org.apache.catalina.core.ApplicationFilterChain.internalDoFilter(ApplicationFilterChain.java:164) ~[tomcat-embed-core-10.1.40.jar:10.1.40]
	at org.apache.catalina.core.ApplicationFilterChain.doFilter(ApplicationFilterChain.java:140) ~[tomcat-embed-core-10.1.40.jar:10.1.40]
	at org.apache.catalina.core.StandardWrapperValve.invoke(StandardWrapperValve.java:167) ~[tomcat-embed-core-10.1.40.jar:10.1.40]
	at org.apache.catalina.core.StandardContextValve.invoke(StandardContextValve.java:90) ~[tomcat-embed-core-10.1.40.jar:10.1.40]
	at org.apache.catalina.authenticator.AuthenticatorBase.invoke(AuthenticatorBase.java:483) ~[tomcat-embed-core-10.1.40.jar:10.1.40]
	at org.apache.catalina.core.StandardHostValve.invoke(StandardHostValve.java:116) ~[tomcat-embed-core-10.1.40.jar:10.1.40]
	at org.apache.catalina.valves.ErrorReportValve.invoke(ErrorReportValve.java:93) ~[tomcat-embed-core-10.1.40.jar:10.1.40]
	at org.apache.catalina.core.StandardEngineValve.invoke(StandardEngineValve.java:74) ~[tomcat-embed-core-10.1.40.jar:10.1.40]
	at org.apache.catalina.connector.CoyoteAdapter.service(CoyoteAdapter.java:344) ~[tomcat-embed-core-10.1.40.jar:10.1.40]
	at org.apache.coyote.http11.Http11Processor.service(Http11Processor.java:398) ~[tomcat-embed-core-10.1.40.jar:10.1.40]
	at org.apache.coyote.AbstractProcessorLight.process(AbstractProcessorLight.java:63) ~[tomcat-embed-core-10.1.40.jar:10.1.40]
	at org.apache.coyote.AbstractProtocol$ConnectionHandler.process(AbstractProtocol.java:903) ~[tomcat-embed-core-10.1.40.jar:10.1.40]
	at org.apache.tomcat.util.net.NioEndpoint$SocketProcessor.doRun(NioEndpoint.java:1740) ~[tomcat-embed-core-10.1.40.jar:10.1.40]
	at org.apache.tomcat.util.net.SocketProcessorBase.run(SocketProcessorBase.java:52) ~[tomcat-embed-core-10.1.40.jar:10.1.40]
	at org.apache.tomcat.util.threads.ThreadPoolExecutor.runWorker(ThreadPoolExecutor.java:1189) ~[tomcat-embed-core-10.1.40.jar:10.1.40]
	at org.apache.tomcat.util.threads.ThreadPoolExecutor$Worker.run(ThreadPoolExecutor.java:658) ~[tomcat-embed-core-10.1.40.jar:10.1.40]
	at org.apache.tomcat.util.threads.TaskThread$WrappingRunnable.run(TaskThread.java:63) ~[tomcat-embed-core-10.1.40.jar:10.1.40]
	at java.base/java.lang.Thread.run(Thread.java:1516) ~[na:na]

2026-05-20T16:53:43.750-04:00 DEBUG 36440 --- [shelter-service] [http-nio-8095-exec-1] o.s.w.s.m.m.a.HttpEntityMethodProcessor  : Using 'application/json', given [*/*] and supported [application/json, application/*+json]
2026-05-20T16:53:43.764-04:00 DEBUG 36440 --- [shelter-service] [http-nio-8095-exec-1] o.s.w.s.m.m.a.HttpEntityMethodProcessor  : Writing [ErrorResponse[timestamp=2026-05-20T16:53:43.732904100, status=500, error=Internal Server Error, mess (truncated)...]
2026-05-20T16:53:43.776-04:00 DEBUG 36440 --- [shelter-service] [http-nio-8095-exec-1] .m.m.a.ExceptionHandlerExceptionResolver : Resolved [org.springframework.web.servlet.resource.NoResourceFoundException: No static resource shelters.]
2026-05-20T16:53:43.776-04:00 DEBUG 36440 --- [shelter-service] [http-nio-8095-exec-1] o.s.web.servlet.DispatcherServlet        : Completed 500 INTERNAL_SERVER_ERROR
2026-05-20T16:53:43.857-04:00 DEBUG 36440 --- [shelter-service] [pool-2-thread-1] c.a.s.client.UserServiceClient           : [UserServiceClient#getUserAuthByEmail] ---> GET http://localhost:8081/user-app/users/by-email/admin%40empresa.com/auth HTTP/1.1
2026-05-20T16:53:43.974-04:00 DEBUG 36440 --- [shelter-service] [pool-2-thread-1] c.a.s.client.UserServiceClient           : [UserServiceClient#getUserAuthByEmail] <--- HTTP/1.1 200 (124ms)
2026-05-20T16:53:43.974-04:00 DEBUG 36440 --- [shelter-service] [pool-2-thread-1] o.s.w.c.HttpMessageConverterExtractor    : Reading to [com.adoptapp.sharedkernel.dto.UserAuthResponse]
2026-05-20T16:53:44.096-04:00 DEBUG 36440 --- [shelter-service] [http-nio-8095-exec-4] o.s.web.servlet.DispatcherServlet        : GET "/shelter-app/shelters/by-id/", parameters={}
2026-05-20T16:53:44.096-04:00 DEBUG 36440 --- [shelter-service] [http-nio-8095-exec-4] o.s.w.s.handler.SimpleUrlHandlerMapping  : Mapped to ResourceHttpRequestHandler [classpath [META-INF/resources/], classpath [resources/], classpath [static/], classpath [public/], ServletContext [/]]
2026-05-20T16:53:44.098-04:00 DEBUG 36440 --- [shelter-service] [http-nio-8095-exec-4] o.s.w.s.r.ResourceHttpRequestHandler     : Resource not found
2026-05-20T16:53:44.098-04:00 DEBUG 36440 --- [shelter-service] [http-nio-8095-exec-4] .m.m.a.ExceptionHandlerExceptionResolver : Using @ExceptionHandler com.adoptapp.shelterservice.exception.GlobalExceptionHandler#handleGeneric(Exception, HttpServletRequest)
2026-05-20T16:53:44.098-04:00 ERROR 36440 --- [shelter-service] [http-nio-8095-exec-4] c.a.s.exception.GlobalExceptionHandler   : Error interno no manejado en /shelter-app/shelters/by-id/: No static resource shelters/by-id.

org.springframework.web.servlet.resource.NoResourceFoundException: No static resource shelters/by-id.
	at org.springframework.web.servlet.resource.ResourceHttpRequestHandler.handleRequest(ResourceHttpRequestHandler.java:585) ~[spring-webmvc-6.2.6.jar:6.2.6]
	at org.springframework.web.servlet.mvc.HttpRequestHandlerAdapter.handle(HttpRequestHandlerAdapter.java:52) ~[spring-webmvc-6.2.6.jar:6.2.6]
	at org.springframework.web.servlet.DispatcherServlet.doDispatch(DispatcherServlet.java:1089) ~[spring-webmvc-6.2.6.jar:6.2.6]
	at org.springframework.web.servlet.DispatcherServlet.doService(DispatcherServlet.java:979) ~[spring-webmvc-6.2.6.jar:6.2.6]
	at org.springframework.web.servlet.FrameworkServlet.processRequest(FrameworkServlet.java:1014) ~[spring-webmvc-6.2.6.jar:6.2.6]
	at org.springframework.web.servlet.FrameworkServlet.doGet(FrameworkServlet.java:903) ~[spring-webmvc-6.2.6.jar:6.2.6]
	at jakarta.servlet.http.HttpServlet.service(HttpServlet.java:564) ~[tomcat-embed-core-10.1.40.jar:6.0]
	at org.springframework.web.servlet.FrameworkServlet.service(FrameworkServlet.java:885) ~[spring-webmvc-6.2.6.jar:6.2.6]
	at jakarta.servlet.http.HttpServlet.service(HttpServlet.java:658) ~[tomcat-embed-core-10.1.40.jar:6.0]
	at org.apache.catalina.core.ApplicationFilterChain.internalDoFilter(ApplicationFilterChain.java:195) ~[tomcat-embed-core-10.1.40.jar:10.1.40]
	at org.apache.catalina.core.ApplicationFilterChain.doFilter(ApplicationFilterChain.java:140) ~[tomcat-embed-core-10.1.40.jar:10.1.40]
	at org.apache.tomcat.websocket.server.WsFilter.doFilter(WsFilter.java:51) ~[tomcat-embed-websocket-10.1.40.jar:10.1.40]
	at org.apache.catalina.core.ApplicationFilterChain.internalDoFilter(ApplicationFilterChain.java:164) ~[tomcat-embed-core-10.1.40.jar:10.1.40]
	at org.apache.catalina.core.ApplicationFilterChain.doFilter(ApplicationFilterChain.java:140) ~[tomcat-embed-core-10.1.40.jar:10.1.40]
	at org.springframework.web.filter.CompositeFilter$VirtualFilterChain.doFilter(CompositeFilter.java:108) ~[spring-web-6.2.6.jar:6.2.6]
	at org.springframework.security.web.FilterChainProxy.lambda$doFilterInternal$3(FilterChainProxy.java:231) ~[spring-security-web-6.4.5.jar:6.4.5]
	at org.springframework.security.web.FilterChainProxy$VirtualFilterChain.doFilter(FilterChainProxy.java:365) ~[spring-security-web-6.4.5.jar:6.4.5]
	at org.springframework.security.web.access.intercept.AuthorizationFilter.doFilter(AuthorizationFilter.java:101) ~[spring-security-web-6.4.5.jar:6.4.5]
	at org.springframework.security.web.FilterChainProxy$VirtualFilterChain.doFilter(FilterChainProxy.java:374) ~[spring-security-web-6.4.5.jar:6.4.5]
	at org.springframework.security.web.access.ExceptionTranslationFilter.doFilter(ExceptionTranslationFilter.java:126) ~[spring-security-web-6.4.5.jar:6.4.5]
	at org.springframework.security.web.access.ExceptionTranslationFilter.doFilter(ExceptionTranslationFilter.java:120) ~[spring-security-web-6.4.5.jar:6.4.5]
	at org.springframework.security.web.FilterChainProxy$VirtualFilterChain.doFilter(FilterChainProxy.java:374) ~[spring-security-web-6.4.5.jar:6.4.5]
	at org.springframework.security.web.session.SessionManagementFilter.doFilter(SessionManagementFilter.java:131) ~[spring-security-web-6.4.5.jar:6.4.5]
	at org.springframework.security.web.session.SessionManagementFilter.doFilter(SessionManagementFilter.java:85) ~[spring-security-web-6.4.5.jar:6.4.5]
	at org.springframework.security.web.FilterChainProxy$VirtualFilterChain.doFilter(FilterChainProxy.java:374) ~[spring-security-web-6.4.5.jar:6.4.5]
	at org.springframework.security.web.authentication.AnonymousAuthenticationFilter.doFilter(AnonymousAuthenticationFilter.java:100) ~[spring-security-web-6.4.5.jar:6.4.5]
	at org.springframework.security.web.FilterChainProxy$VirtualFilterChain.doFilter(FilterChainProxy.java:374) ~[spring-security-web-6.4.5.jar:6.4.5]
	at org.springframework.security.web.servletapi.SecurityContextHolderAwareRequestFilter.doFilter(SecurityContextHolderAwareRequestFilter.java:179) ~[spring-security-web-6.4.5.jar:6.4.5]
	at org.springframework.security.web.FilterChainProxy$VirtualFilterChain.doFilter(FilterChainProxy.java:374) ~[spring-security-web-6.4.5.jar:6.4.5]
	at org.springframework.security.web.savedrequest.RequestCacheAwareFilter.doFilter(RequestCacheAwareFilter.java:63) ~[spring-security-web-6.4.5.jar:6.4.5]
	at org.springframework.security.web.FilterChainProxy$VirtualFilterChain.doFilter(FilterChainProxy.java:374) ~[spring-security-web-6.4.5.jar:6.4.5]
	at org.springframework.security.web.authentication.www.BasicAuthenticationFilter.doFilterInternal(BasicAuthenticationFilter.java:213) ~[spring-security-web-6.4.5.jar:6.4.5]
	at org.springframework.web.filter.OncePerRequestFilter.doFilter(OncePerRequestFilter.java:116) ~[spring-web-6.2.6.jar:6.2.6]
	at org.springframework.security.web.FilterChainProxy$VirtualFilterChain.doFilter(FilterChainProxy.java:374) ~[spring-security-web-6.4.5.jar:6.4.5]
	at org.springframework.security.web.authentication.logout.LogoutFilter.doFilter(LogoutFilter.java:107) ~[spring-security-web-6.4.5.jar:6.4.5]
	at org.springframework.security.web.authentication.logout.LogoutFilter.doFilter(LogoutFilter.java:93) ~[spring-security-web-6.4.5.jar:6.4.5]
	at org.springframework.security.web.FilterChainProxy$VirtualFilterChain.doFilter(FilterChainProxy.java:374) ~[spring-security-web-6.4.5.jar:6.4.5]
	at org.springframework.security.web.header.HeaderWriterFilter.doHeadersAfter(HeaderWriterFilter.java:90) ~[spring-security-web-6.4.5.jar:6.4.5]
	at org.springframework.security.web.header.HeaderWriterFilter.doFilterInternal(HeaderWriterFilter.java:75) ~[spring-security-web-6.4.5.jar:6.4.5]
	at org.springframework.web.filter.OncePerRequestFilter.doFilter(OncePerRequestFilter.java:116) ~[spring-web-6.2.6.jar:6.2.6]
	at org.springframework.security.web.FilterChainProxy$VirtualFilterChain.doFilter(FilterChainProxy.java:374) ~[spring-security-web-6.4.5.jar:6.4.5]
	at org.springframework.security.web.context.SecurityContextHolderFilter.doFilter(SecurityContextHolderFilter.java:82) ~[spring-security-web-6.4.5.jar:6.4.5]
	at org.springframework.security.web.context.SecurityContextHolderFilter.doFilter(SecurityContextHolderFilter.java:69) ~[spring-security-web-6.4.5.jar:6.4.5]
	at org.springframework.security.web.FilterChainProxy$VirtualFilterChain.doFilter(FilterChainProxy.java:374) ~[spring-security-web-6.4.5.jar:6.4.5]
	at org.springframework.security.web.context.request.async.WebAsyncManagerIntegrationFilter.doFilterInternal(WebAsyncManagerIntegrationFilter.java:62) ~[spring-security-web-6.4.5.jar:6.4.5]
	at org.springframework.web.filter.OncePerRequestFilter.doFilter(OncePerRequestFilter.java:116) ~[spring-web-6.2.6.jar:6.2.6]
	at org.springframework.security.web.FilterChainProxy$VirtualFilterChain.doFilter(FilterChainProxy.java:374) ~[spring-security-web-6.4.5.jar:6.4.5]
	at org.springframework.security.web.session.DisableEncodeUrlFilter.doFilterInternal(DisableEncodeUrlFilter.java:42) ~[spring-security-web-6.4.5.jar:6.4.5]
	at org.springframework.web.filter.OncePerRequestFilter.doFilter(OncePerRequestFilter.java:116) ~[spring-web-6.2.6.jar:6.2.6]
	at org.springframework.security.web.FilterChainProxy$VirtualFilterChain.doFilter(FilterChainProxy.java:374) ~[spring-security-web-6.4.5.jar:6.4.5]
	at org.springframework.security.web.FilterChainProxy.doFilterInternal(FilterChainProxy.java:233) ~[spring-security-web-6.4.5.jar:6.4.5]
	at org.springframework.security.web.FilterChainProxy.doFilter(FilterChainProxy.java:191) ~[spring-security-web-6.4.5.jar:6.4.5]
	at org.springframework.web.filter.CompositeFilter$VirtualFilterChain.doFilter(CompositeFilter.java:113) ~[spring-web-6.2.6.jar:6.2.6]
	at org.springframework.web.servlet.handler.HandlerMappingIntrospector.lambda$createCacheFilter$3(HandlerMappingIntrospector.java:243) ~[spring-webmvc-6.2.6.jar:6.2.6]
	at org.springframework.web.filter.CompositeFilter$VirtualFilterChain.doFilter(CompositeFilter.java:113) ~[spring-web-6.2.6.jar:6.2.6]
	at org.springframework.web.filter.CompositeFilter.doFilter(CompositeFilter.java:74) ~[spring-web-6.2.6.jar:6.2.6]
	at org.springframework.security.config.annotation.web.configuration.WebMvcSecurityConfiguration$CompositeFilterChainProxy.doFilter(WebMvcSecurityConfiguration.java:238) ~[spring-security-config-6.4.5.jar:6.4.5]
	at org.springframework.web.filter.DelegatingFilterProxy.invokeDelegate(DelegatingFilterProxy.java:362) ~[spring-web-6.2.6.jar:6.2.6]
	at org.springframework.web.filter.DelegatingFilterProxy.doFilter(DelegatingFilterProxy.java:278) ~[spring-web-6.2.6.jar:6.2.6]
	at org.apache.catalina.core.ApplicationFilterChain.internalDoFilter(ApplicationFilterChain.java:164) ~[tomcat-embed-core-10.1.40.jar:10.1.40]
	at org.apache.catalina.core.ApplicationFilterChain.doFilter(ApplicationFilterChain.java:140) ~[tomcat-embed-core-10.1.40.jar:10.1.40]
	at org.springframework.web.filter.RequestContextFilter.doFilterInternal(RequestContextFilter.java:100) ~[spring-web-6.2.6.jar:6.2.6]
	at org.springframework.web.filter.OncePerRequestFilter.doFilter(OncePerRequestFilter.java:116) ~[spring-web-6.2.6.jar:6.2.6]
	at org.apache.catalina.core.ApplicationFilterChain.internalDoFilter(ApplicationFilterChain.java:164) ~[tomcat-embed-core-10.1.40.jar:10.1.40]
	at org.apache.catalina.core.ApplicationFilterChain.doFilter(ApplicationFilterChain.java:140) ~[tomcat-embed-core-10.1.40.jar:10.1.40]
	at org.springframework.web.filter.FormContentFilter.doFilterInternal(FormContentFilter.java:93) ~[spring-web-6.2.6.jar:6.2.6]
	at org.springframework.web.filter.OncePerRequestFilter.doFilter(OncePerRequestFilter.java:116) ~[spring-web-6.2.6.jar:6.2.6]
	at org.apache.catalina.core.ApplicationFilterChain.internalDoFilter(ApplicationFilterChain.java:164) ~[tomcat-embed-core-10.1.40.jar:10.1.40]
	at org.apache.catalina.core.ApplicationFilterChain.doFilter(ApplicationFilterChain.java:140) ~[tomcat-embed-core-10.1.40.jar:10.1.40]
	at org.springframework.web.filter.CharacterEncodingFilter.doFilterInternal(CharacterEncodingFilter.java:201) ~[spring-web-6.2.6.jar:6.2.6]
	at org.springframework.web.filter.OncePerRequestFilter.doFilter(OncePerRequestFilter.java:116) ~[spring-web-6.2.6.jar:6.2.6]
	at org.apache.catalina.core.ApplicationFilterChain.internalDoFilter(ApplicationFilterChain.java:164) ~[tomcat-embed-core-10.1.40.jar:10.1.40]
	at org.apache.catalina.core.ApplicationFilterChain.doFilter(ApplicationFilterChain.java:140) ~[tomcat-embed-core-10.1.40.jar:10.1.40]
	at org.apache.catalina.core.StandardWrapperValve.invoke(StandardWrapperValve.java:167) ~[tomcat-embed-core-10.1.40.jar:10.1.40]
	at org.apache.catalina.core.StandardContextValve.invoke(StandardContextValve.java:90) ~[tomcat-embed-core-10.1.40.jar:10.1.40]
	at org.apache.catalina.authenticator.AuthenticatorBase.invoke(AuthenticatorBase.java:483) ~[tomcat-embed-core-10.1.40.jar:10.1.40]
	at org.apache.catalina.core.StandardHostValve.invoke(StandardHostValve.java:116) ~[tomcat-embed-core-10.1.40.jar:10.1.40]
	at org.apache.catalina.valves.ErrorReportValve.invoke(ErrorReportValve.java:93) ~[tomcat-embed-core-10.1.40.jar:10.1.40]
	at org.apache.catalina.core.StandardEngineValve.invoke(StandardEngineValve.java:74) ~[tomcat-embed-core-10.1.40.jar:10.1.40]
	at org.apache.catalina.connector.CoyoteAdapter.service(CoyoteAdapter.java:344) ~[tomcat-embed-core-10.1.40.jar:10.1.40]
	at org.apache.coyote.http11.Http11Processor.service(Http11Processor.java:398) ~[tomcat-embed-core-10.1.40.jar:10.1.40]
	at org.apache.coyote.AbstractProcessorLight.process(AbstractProcessorLight.java:63) ~[tomcat-embed-core-10.1.40.jar:10.1.40]
	at org.apache.coyote.AbstractProtocol$ConnectionHandler.process(AbstractProtocol.java:903) ~[tomcat-embed-core-10.1.40.jar:10.1.40]
	at org.apache.tomcat.util.net.NioEndpoint$SocketProcessor.doRun(NioEndpoint.java:1740) ~[tomcat-embed-core-10.1.40.jar:10.1.40]
	at org.apache.tomcat.util.net.SocketProcessorBase.run(SocketProcessorBase.java:52) ~[tomcat-embed-core-10.1.40.jar:10.1.40]
	at org.apache.tomcat.util.threads.ThreadPoolExecutor.runWorker(ThreadPoolExecutor.java:1189) ~[tomcat-embed-core-10.1.40.jar:10.1.40]
	at org.apache.tomcat.util.threads.ThreadPoolExecutor$Worker.run(ThreadPoolExecutor.java:658) ~[tomcat-embed-core-10.1.40.jar:10.1.40]
	at org.apache.tomcat.util.threads.TaskThread$WrappingRunnable.run(TaskThread.java:63) ~[tomcat-embed-core-10.1.40.jar:10.1.40]
	at java.base/java.lang.Thread.run(Thread.java:1516) ~[na:na]

2026-05-20T16:53:44.098-04:00 DEBUG 36440 --- [shelter-service] [http-nio-8095-exec-4] o.s.w.s.m.m.a.HttpEntityMethodProcessor  : Using 'application/json', given [*/*] and supported [application/json, application/*+json]
2026-05-20T16:53:44.098-04:00 DEBUG 36440 --- [shelter-service] [http-nio-8095-exec-4] o.s.w.s.m.m.a.HttpEntityMethodProcessor  : Writing [ErrorResponse[timestamp=2026-05-20T16:53:44.098467700, status=500, error=Internal Server Error, mess (truncated)...]
2026-05-20T16:53:44.098-04:00 DEBUG 36440 --- [shelter-service] [http-nio-8095-exec-4] .m.m.a.ExceptionHandlerExceptionResolver : Resolved [org.springframework.web.servlet.resource.NoResourceFoundException: No static resource shelters/by-id.]
2026-05-20T16:53:44.098-04:00 DEBUG 36440 --- [shelter-service] [http-nio-8095-exec-4] o.s.web.servlet.DispatcherServlet        : Completed 500 INTERNAL_SERVER_ERROR
2026-05-20T16:53:44.261-04:00 DEBUG 36440 --- [shelter-service] [pool-2-thread-1] c.a.s.client.UserServiceClient           : [UserServiceClient#getUserAuthByEmail] ---> GET http://localhost:8081/user-app/users/by-email/admin%40empresa.com/auth HTTP/1.1
2026-05-20T16:53:44.384-04:00 DEBUG 36440 --- [shelter-service] [pool-2-thread-1] c.a.s.client.UserServiceClient           : [UserServiceClient#getUserAuthByEmail] <--- HTTP/1.1 200 (122ms)
2026-05-20T16:53:44.385-04:00 DEBUG 36440 --- [shelter-service] [pool-2-thread-1] o.s.w.c.HttpMessageConverterExtractor    : Reading to [com.adoptapp.sharedkernel.dto.UserAuthResponse]
2026-05-20T16:53:44.491-04:00 DEBUG 36440 --- [shelter-service] [http-nio-8095-exec-8] o.s.web.servlet.DispatcherServlet        : POST "/shelter-app/shelters?userId=20", parameters={masked}
2026-05-20T16:53:44.491-04:00 DEBUG 36440 --- [shelter-service] [http-nio-8095-exec-8] s.w.s.m.m.a.RequestMappingHandlerMapping : Mapped to com.adoptapp.shelterservice.controller.ShelterController#create(ShelterRequest, Long)
2026-05-20T16:53:44.508-04:00 DEBUG 36440 --- [shelter-service] [http-nio-8095-exec-8] m.m.a.RequestResponseBodyMethodProcessor : Read "application/json;charset=UTF-8" to [ShelterRequest[name=Happy Paws Shelter, email=contact@happypaws.org, phone=+1234567890, description= (truncated)...]
2026-05-20T16:53:44.635-04:00  INFO 36440 --- [shelter-service] [http-nio-8095-exec-8] c.a.s.service.ShelterService             : Creando refugio: name=Happy Paws Shelter, email=contact@happypaws.org
2026-05-20T16:53:44.635-04:00 DEBUG 36440 --- [shelter-service] [pool-2-thread-1] c.a.s.client.UserServiceClient           : [UserServiceClient#getUserById] ---> GET http://localhost:8081/user-app/users/by-id/20 HTTP/1.1
2026-05-20T16:53:44.767-04:00 DEBUG 36440 --- [shelter-service] [pool-2-thread-1] c.a.s.client.UserServiceClient           : [UserServiceClient#getUserById] <--- HTTP/1.1 404 (131ms)
2026-05-20T16:53:44.775-04:00  WARN 36440 --- [shelter-service] [http-nio-8095-exec-8] c.a.s.client.UserServiceClientFallback   : User-service no disponible para userId 20
2026-05-20T16:53:44.776-04:00  WARN 36440 --- [shelter-service] [http-nio-8095-exec-8] c.a.s.service.ShelterService             : Usuario no encontrado: ID=20
2026-05-20T16:53:44.780-04:00 DEBUG 36440 --- [shelter-service] [http-nio-8095-exec-8] .m.m.a.ExceptionHandlerExceptionResolver : Using @ExceptionHandler com.adoptapp.shelterservice.exception.GlobalExceptionHandler#handleIllegalArgument(IllegalArgumentException, HttpServletRequest)
2026-05-20T16:53:44.781-04:00 DEBUG 36440 --- [shelter-service] [http-nio-8095-exec-8] o.s.w.s.m.m.a.HttpEntityMethodProcessor  : Using 'application/json', given [*/*] and supported [application/json, application/*+json]
2026-05-20T16:53:44.781-04:00 DEBUG 36440 --- [shelter-service] [http-nio-8095-exec-8] o.s.w.s.m.m.a.HttpEntityMethodProcessor  : Writing [ErrorResponse[timestamp=2026-05-20T16:53:44.780579700, status=400, error=Bad Request, message=El usu (truncated)...]
2026-05-20T16:53:44.782-04:00 DEBUG 36440 --- [shelter-service] [http-nio-8095-exec-8] .m.m.a.ExceptionHandlerExceptionResolver : Resolved [java.lang.IllegalArgumentException: El usuario con ID 20 no existe]
2026-05-20T16:53:44.782-04:00 DEBUG 36440 --- [shelter-service] [http-nio-8095-exec-8] o.s.web.servlet.DispatcherServlet        : Completed 400 BAD_REQUEST
2026-05-20T16:53:44.859-04:00 DEBUG 36440 --- [shelter-service] [pool-2-thread-1] c.a.s.client.UserServiceClient           : [UserServiceClient#getUserAuthByEmail] ---> GET http://localhost:8081/user-app/users/by-email/admin%40empresa.com/auth HTTP/1.1
2026-05-20T16:53:44.992-04:00 DEBUG 36440 --- [shelter-service] [pool-2-thread-1] c.a.s.client.UserServiceClient           : [UserServiceClient#getUserAuthByEmail] <--- HTTP/1.1 200 (134ms)
2026-05-20T16:53:44.992-04:00 DEBUG 36440 --- [shelter-service] [pool-2-thread-1] o.s.w.c.HttpMessageConverterExtractor    : Reading to [com.adoptapp.sharedkernel.dto.UserAuthResponse]
2026-05-20T16:53:45.108-04:00 DEBUG 36440 --- [shelter-service] [http-nio-8095-exec-9] o.s.web.servlet.DispatcherServlet        : PUT "/shelter-app/shelters/by-id/?userId=20", parameters={masked}
2026-05-20T16:53:45.110-04:00 DEBUG 36440 --- [shelter-service] [http-nio-8095-exec-9] o.s.w.s.handler.SimpleUrlHandlerMapping  : Mapped to ResourceHttpRequestHandler [classpath [META-INF/resources/], classpath [resources/], classpath [static/], classpath [public/], ServletContext [/]]
2026-05-20T16:53:45.110-04:00 DEBUG 36440 --- [shelter-service] [http-nio-8095-exec-9] o.s.w.s.r.ResourceHttpRequestHandler     : Resource not found
2026-05-20T16:53:45.110-04:00 DEBUG 36440 --- [shelter-service] [http-nio-8095-exec-9] .m.m.a.ExceptionHandlerExceptionResolver : Using @ExceptionHandler com.adoptapp.shelterservice.exception.GlobalExceptionHandler#handleGeneric(Exception, HttpServletRequest)
2026-05-20T16:53:45.110-04:00 ERROR 36440 --- [shelter-service] [http-nio-8095-exec-9] c.a.s.exception.GlobalExceptionHandler   : Error interno no manejado en /shelter-app/shelters/by-id/: No static resource shelters/by-id.

org.springframework.web.servlet.resource.NoResourceFoundException: No static resource shelters/by-id.
	at org.springframework.web.servlet.resource.ResourceHttpRequestHandler.handleRequest(ResourceHttpRequestHandler.java:585) ~[spring-webmvc-6.2.6.jar:6.2.6]
	at org.springframework.web.servlet.mvc.HttpRequestHandlerAdapter.handle(HttpRequestHandlerAdapter.java:52) ~[spring-webmvc-6.2.6.jar:6.2.6]
	at org.springframework.web.servlet.DispatcherServlet.doDispatch(DispatcherServlet.java:1089) ~[spring-webmvc-6.2.6.jar:6.2.6]
	at org.springframework.web.servlet.DispatcherServlet.doService(DispatcherServlet.java:979) ~[spring-webmvc-6.2.6.jar:6.2.6]
	at org.springframework.web.servlet.FrameworkServlet.processRequest(FrameworkServlet.java:1014) ~[spring-webmvc-6.2.6.jar:6.2.6]
	at org.springframework.web.servlet.FrameworkServlet.doPut(FrameworkServlet.java:925) ~[spring-webmvc-6.2.6.jar:6.2.6]
	at jakarta.servlet.http.HttpServlet.service(HttpServlet.java:593) ~[tomcat-embed-core-10.1.40.jar:6.0]
	at org.springframework.web.servlet.FrameworkServlet.service(FrameworkServlet.java:885) ~[spring-webmvc-6.2.6.jar:6.2.6]
	at jakarta.servlet.http.HttpServlet.service(HttpServlet.java:658) ~[tomcat-embed-core-10.1.40.jar:6.0]
	at org.apache.catalina.core.ApplicationFilterChain.internalDoFilter(ApplicationFilterChain.java:195) ~[tomcat-embed-core-10.1.40.jar:10.1.40]
	at org.apache.catalina.core.ApplicationFilterChain.doFilter(ApplicationFilterChain.java:140) ~[tomcat-embed-core-10.1.40.jar:10.1.40]
	at org.apache.tomcat.websocket.server.WsFilter.doFilter(WsFilter.java:51) ~[tomcat-embed-websocket-10.1.40.jar:10.1.40]
	at org.apache.catalina.core.ApplicationFilterChain.internalDoFilter(ApplicationFilterChain.java:164) ~[tomcat-embed-core-10.1.40.jar:10.1.40]
	at org.apache.catalina.core.ApplicationFilterChain.doFilter(ApplicationFilterChain.java:140) ~[tomcat-embed-core-10.1.40.jar:10.1.40]
	at org.springframework.web.filter.CompositeFilter$VirtualFilterChain.doFilter(CompositeFilter.java:108) ~[spring-web-6.2.6.jar:6.2.6]
	at org.springframework.security.web.FilterChainProxy.lambda$doFilterInternal$3(FilterChainProxy.java:231) ~[spring-security-web-6.4.5.jar:6.4.5]
	at org.springframework.security.web.FilterChainProxy$VirtualFilterChain.doFilter(FilterChainProxy.java:365) ~[spring-security-web-6.4.5.jar:6.4.5]
	at org.springframework.security.web.access.intercept.AuthorizationFilter.doFilter(AuthorizationFilter.java:101) ~[spring-security-web-6.4.5.jar:6.4.5]
	at org.springframework.security.web.FilterChainProxy$VirtualFilterChain.doFilter(FilterChainProxy.java:374) ~[spring-security-web-6.4.5.jar:6.4.5]
	at org.springframework.security.web.access.ExceptionTranslationFilter.doFilter(ExceptionTranslationFilter.java:126) ~[spring-security-web-6.4.5.jar:6.4.5]
	at org.springframework.security.web.access.ExceptionTranslationFilter.doFilter(ExceptionTranslationFilter.java:120) ~[spring-security-web-6.4.5.jar:6.4.5]
	at org.springframework.security.web.FilterChainProxy$VirtualFilterChain.doFilter(FilterChainProxy.java:374) ~[spring-security-web-6.4.5.jar:6.4.5]
	at org.springframework.security.web.session.SessionManagementFilter.doFilter(SessionManagementFilter.java:131) ~[spring-security-web-6.4.5.jar:6.4.5]
	at org.springframework.security.web.session.SessionManagementFilter.doFilter(SessionManagementFilter.java:85) ~[spring-security-web-6.4.5.jar:6.4.5]
	at org.springframework.security.web.FilterChainProxy$VirtualFilterChain.doFilter(FilterChainProxy.java:374) ~[spring-security-web-6.4.5.jar:6.4.5]
	at org.springframework.security.web.authentication.AnonymousAuthenticationFilter.doFilter(AnonymousAuthenticationFilter.java:100) ~[spring-security-web-6.4.5.jar:6.4.5]
	at org.springframework.security.web.FilterChainProxy$VirtualFilterChain.doFilter(FilterChainProxy.java:374) ~[spring-security-web-6.4.5.jar:6.4.5]
	at org.springframework.security.web.servletapi.SecurityContextHolderAwareRequestFilter.doFilter(SecurityContextHolderAwareRequestFilter.java:179) ~[spring-security-web-6.4.5.jar:6.4.5]
	at org.springframework.security.web.FilterChainProxy$VirtualFilterChain.doFilter(FilterChainProxy.java:374) ~[spring-security-web-6.4.5.jar:6.4.5]
	at org.springframework.security.web.savedrequest.RequestCacheAwareFilter.doFilter(RequestCacheAwareFilter.java:63) ~[spring-security-web-6.4.5.jar:6.4.5]
	at org.springframework.security.web.FilterChainProxy$VirtualFilterChain.doFilter(FilterChainProxy.java:374) ~[spring-security-web-6.4.5.jar:6.4.5]
	at org.springframework.security.web.authentication.www.BasicAuthenticationFilter.doFilterInternal(BasicAuthenticationFilter.java:213) ~[spring-security-web-6.4.5.jar:6.4.5]
	at org.springframework.web.filter.OncePerRequestFilter.doFilter(OncePerRequestFilter.java:116) ~[spring-web-6.2.6.jar:6.2.6]
	at org.springframework.security.web.FilterChainProxy$VirtualFilterChain.doFilter(FilterChainProxy.java:374) ~[spring-security-web-6.4.5.jar:6.4.5]
	at org.springframework.security.web.authentication.logout.LogoutFilter.doFilter(LogoutFilter.java:107) ~[spring-security-web-6.4.5.jar:6.4.5]
	at org.springframework.security.web.authentication.logout.LogoutFilter.doFilter(LogoutFilter.java:93) ~[spring-security-web-6.4.5.jar:6.4.5]
	at org.springframework.security.web.FilterChainProxy$VirtualFilterChain.doFilter(FilterChainProxy.java:374) ~[spring-security-web-6.4.5.jar:6.4.5]
	at org.springframework.security.web.header.HeaderWriterFilter.doHeadersAfter(HeaderWriterFilter.java:90) ~[spring-security-web-6.4.5.jar:6.4.5]
	at org.springframework.security.web.header.HeaderWriterFilter.doFilterInternal(HeaderWriterFilter.java:75) ~[spring-security-web-6.4.5.jar:6.4.5]
	at org.springframework.web.filter.OncePerRequestFilter.doFilter(OncePerRequestFilter.java:116) ~[spring-web-6.2.6.jar:6.2.6]
	at org.springframework.security.web.FilterChainProxy$VirtualFilterChain.doFilter(FilterChainProxy.java:374) ~[spring-security-web-6.4.5.jar:6.4.5]
	at org.springframework.security.web.context.SecurityContextHolderFilter.doFilter(SecurityContextHolderFilter.java:82) ~[spring-security-web-6.4.5.jar:6.4.5]
	at org.springframework.security.web.context.SecurityContextHolderFilter.doFilter(SecurityContextHolderFilter.java:69) ~[spring-security-web-6.4.5.jar:6.4.5]
	at org.springframework.security.web.FilterChainProxy$VirtualFilterChain.doFilter(FilterChainProxy.java:374) ~[spring-security-web-6.4.5.jar:6.4.5]
	at org.springframework.security.web.context.request.async.WebAsyncManagerIntegrationFilter.doFilterInternal(WebAsyncManagerIntegrationFilter.java:62) ~[spring-security-web-6.4.5.jar:6.4.5]
	at org.springframework.web.filter.OncePerRequestFilter.doFilter(OncePerRequestFilter.java:116) ~[spring-web-6.2.6.jar:6.2.6]
	at org.springframework.security.web.FilterChainProxy$VirtualFilterChain.doFilter(FilterChainProxy.java:374) ~[spring-security-web-6.4.5.jar:6.4.5]
	at org.springframework.security.web.session.DisableEncodeUrlFilter.doFilterInternal(DisableEncodeUrlFilter.java:42) ~[spring-security-web-6.4.5.jar:6.4.5]
	at org.springframework.web.filter.OncePerRequestFilter.doFilter(OncePerRequestFilter.java:116) ~[spring-web-6.2.6.jar:6.2.6]
	at org.springframework.security.web.FilterChainProxy$VirtualFilterChain.doFilter(FilterChainProxy.java:374) ~[spring-security-web-6.4.5.jar:6.4.5]
	at org.springframework.security.web.FilterChainProxy.doFilterInternal(FilterChainProxy.java:233) ~[spring-security-web-6.4.5.jar:6.4.5]
	at org.springframework.security.web.FilterChainProxy.doFilter(FilterChainProxy.java:191) ~[spring-security-web-6.4.5.jar:6.4.5]
	at org.springframework.web.filter.CompositeFilter$VirtualFilterChain.doFilter(CompositeFilter.java:113) ~[spring-web-6.2.6.jar:6.2.6]
	at org.springframework.web.servlet.handler.HandlerMappingIntrospector.lambda$createCacheFilter$3(HandlerMappingIntrospector.java:243) ~[spring-webmvc-6.2.6.jar:6.2.6]
	at org.springframework.web.filter.CompositeFilter$VirtualFilterChain.doFilter(CompositeFilter.java:113) ~[spring-web-6.2.6.jar:6.2.6]
	at org.springframework.web.filter.CompositeFilter.doFilter(CompositeFilter.java:74) ~[spring-web-6.2.6.jar:6.2.6]
	at org.springframework.security.config.annotation.web.configuration.WebMvcSecurityConfiguration$CompositeFilterChainProxy.doFilter(WebMvcSecurityConfiguration.java:238) ~[spring-security-config-6.4.5.jar:6.4.5]
	at org.springframework.web.filter.DelegatingFilterProxy.invokeDelegate(DelegatingFilterProxy.java:362) ~[spring-web-6.2.6.jar:6.2.6]
	at org.springframework.web.filter.DelegatingFilterProxy.doFilter(DelegatingFilterProxy.java:278) ~[spring-web-6.2.6.jar:6.2.6]
	at org.apache.catalina.core.ApplicationFilterChain.internalDoFilter(ApplicationFilterChain.java:164) ~[tomcat-embed-core-10.1.40.jar:10.1.40]
	at org.apache.catalina.core.ApplicationFilterChain.doFilter(ApplicationFilterChain.java:140) ~[tomcat-embed-core-10.1.40.jar:10.1.40]
	at org.springframework.web.filter.RequestContextFilter.doFilterInternal(RequestContextFilter.java:100) ~[spring-web-6.2.6.jar:6.2.6]
	at org.springframework.web.filter.OncePerRequestFilter.doFilter(OncePerRequestFilter.java:116) ~[spring-web-6.2.6.jar:6.2.6]
	at org.apache.catalina.core.ApplicationFilterChain.internalDoFilter(ApplicationFilterChain.java:164) ~[tomcat-embed-core-10.1.40.jar:10.1.40]
	at org.apache.catalina.core.ApplicationFilterChain.doFilter(ApplicationFilterChain.java:140) ~[tomcat-embed-core-10.1.40.jar:10.1.40]
	at org.springframework.web.filter.FormContentFilter.doFilterInternal(FormContentFilter.java:93) ~[spring-web-6.2.6.jar:6.2.6]
	at org.springframework.web.filter.OncePerRequestFilter.doFilter(OncePerRequestFilter.java:116) ~[spring-web-6.2.6.jar:6.2.6]
	at org.apache.catalina.core.ApplicationFilterChain.internalDoFilter(ApplicationFilterChain.java:164) ~[tomcat-embed-core-10.1.40.jar:10.1.40]
	at org.apache.catalina.core.ApplicationFilterChain.doFilter(ApplicationFilterChain.java:140) ~[tomcat-embed-core-10.1.40.jar:10.1.40]
	at org.springframework.web.filter.CharacterEncodingFilter.doFilterInternal(CharacterEncodingFilter.java:201) ~[spring-web-6.2.6.jar:6.2.6]
	at org.springframework.web.filter.OncePerRequestFilter.doFilter(OncePerRequestFilter.java:116) ~[spring-web-6.2.6.jar:6.2.6]
	at org.apache.catalina.core.ApplicationFilterChain.internalDoFilter(ApplicationFilterChain.java:164) ~[tomcat-embed-core-10.1.40.jar:10.1.40]
	at org.apache.catalina.core.ApplicationFilterChain.doFilter(ApplicationFilterChain.java:140) ~[tomcat-embed-core-10.1.40.jar:10.1.40]
	at org.apache.catalina.core.StandardWrapperValve.invoke(StandardWrapperValve.java:167) ~[tomcat-embed-core-10.1.40.jar:10.1.40]
	at org.apache.catalina.core.StandardContextValve.invoke(StandardContextValve.java:90) ~[tomcat-embed-core-10.1.40.jar:10.1.40]
	at org.apache.catalina.authenticator.AuthenticatorBase.invoke(AuthenticatorBase.java:483) ~[tomcat-embed-core-10.1.40.jar:10.1.40]
	at org.apache.catalina.core.StandardHostValve.invoke(StandardHostValve.java:116) ~[tomcat-embed-core-10.1.40.jar:10.1.40]
	at org.apache.catalina.valves.ErrorReportValve.invoke(ErrorReportValve.java:93) ~[tomcat-embed-core-10.1.40.jar:10.1.40]
	at org.apache.catalina.core.StandardEngineValve.invoke(StandardEngineValve.java:74) ~[tomcat-embed-core-10.1.40.jar:10.1.40]
	at org.apache.catalina.connector.CoyoteAdapter.service(CoyoteAdapter.java:344) ~[tomcat-embed-core-10.1.40.jar:10.1.40]
	at org.apache.coyote.http11.Http11Processor.service(Http11Processor.java:398) ~[tomcat-embed-core-10.1.40.jar:10.1.40]
	at org.apache.coyote.AbstractProcessorLight.process(AbstractProcessorLight.java:63) ~[tomcat-embed-core-10.1.40.jar:10.1.40]
	at org.apache.coyote.AbstractProtocol$ConnectionHandler.process(AbstractProtocol.java:903) ~[tomcat-embed-core-10.1.40.jar:10.1.40]
	at org.apache.tomcat.util.net.NioEndpoint$SocketProcessor.doRun(NioEndpoint.java:1740) ~[tomcat-embed-core-10.1.40.jar:10.1.40]
	at org.apache.tomcat.util.net.SocketProcessorBase.run(SocketProcessorBase.java:52) ~[tomcat-embed-core-10.1.40.jar:10.1.40]
	at org.apache.tomcat.util.threads.ThreadPoolExecutor.runWorker(ThreadPoolExecutor.java:1189) ~[tomcat-embed-core-10.1.40.jar:10.1.40]
	at org.apache.tomcat.util.threads.ThreadPoolExecutor$Worker.run(ThreadPoolExecutor.java:658) ~[tomcat-embed-core-10.1.40.jar:10.1.40]
	at org.apache.tomcat.util.threads.TaskThread$WrappingRunnable.run(TaskThread.java:63) ~[tomcat-embed-core-10.1.40.jar:10.1.40]
	at java.base/java.lang.Thread.run(Thread.java:1516) ~[na:na]

2026-05-20T16:53:45.110-04:00 DEBUG 36440 --- [shelter-service] [http-nio-8095-exec-9] o.s.w.s.m.m.a.HttpEntityMethodProcessor  : Using 'application/json', given [*/*] and supported [application/json, application/*+json]
2026-05-20T16:53:45.110-04:00 DEBUG 36440 --- [shelter-service] [http-nio-8095-exec-9] o.s.w.s.m.m.a.HttpEntityMethodProcessor  : Writing [ErrorResponse[timestamp=2026-05-20T16:53:45.110191500, status=500, error=Internal Server Error, mess (truncated)...]
2026-05-20T16:53:45.110-04:00 DEBUG 36440 --- [shelter-service] [http-nio-8095-exec-9] .m.m.a.ExceptionHandlerExceptionResolver : Resolved [org.springframework.web.servlet.resource.NoResourceFoundException: No static resource shelters/by-id.]
2026-05-20T16:53:45.110-04:00 DEBUG 36440 --- [shelter-service] [http-nio-8095-exec-9] o.s.web.servlet.DispatcherServlet        : Completed 500 INTERNAL_SERVER_ERROR
2026-05-20T16:53:45.193-04:00 DEBUG 36440 --- [shelter-service] [pool-2-thread-1] c.a.s.client.UserServiceClient           : [UserServiceClient#getUserAuthByEmail] ---> GET http://localhost:8081/user-app/users/by-email/admin%40empresa.com/auth HTTP/1.1
2026-05-20T16:53:45.324-04:00 DEBUG 36440 --- [shelter-service] [pool-2-thread-1] c.a.s.client.UserServiceClient           : [UserServiceClient#getUserAuthByEmail] <--- HTTP/1.1 200 (129ms)
2026-05-20T16:53:45.324-04:00 DEBUG 36440 --- [shelter-service] [pool-2-thread-1] o.s.w.c.HttpMessageConverterExtractor    : Reading to [com.adoptapp.sharedkernel.dto.UserAuthResponse]
2026-05-20T16:53:45.424-04:00 DEBUG 36440 --- [shelter-service] [http-nio-8095-exec-2] o.s.web.servlet.DispatcherServlet        : DELETE "/shelter-app/shelters/by-id/?userId=20", parameters={masked}
2026-05-20T16:53:45.424-04:00 DEBUG 36440 --- [shelter-service] [http-nio-8095-exec-2] o.s.w.s.handler.SimpleUrlHandlerMapping  : Mapped to ResourceHttpRequestHandler [classpath [META-INF/resources/], classpath [resources/], classpath [static/], classpath [public/], ServletContext [/]]
2026-05-20T16:53:45.424-04:00 DEBUG 36440 --- [shelter-service] [http-nio-8095-exec-2] o.s.w.s.r.ResourceHttpRequestHandler     : Resource not found
2026-05-20T16:53:45.424-04:00 DEBUG 36440 --- [shelter-service] [http-nio-8095-exec-2] .m.m.a.ExceptionHandlerExceptionResolver : Using @ExceptionHandler com.adoptapp.shelterservice.exception.GlobalExceptionHandler#handleGeneric(Exception, HttpServletRequest)
2026-05-20T16:53:45.424-04:00 ERROR 36440 --- [shelter-service] [http-nio-8095-exec-2] c.a.s.exception.GlobalExceptionHandler   : Error interno no manejado en /shelter-app/shelters/by-id/: No static resource shelters/by-id.

org.springframework.web.servlet.resource.NoResourceFoundException: No static resource shelters/by-id.
	at org.springframework.web.servlet.resource.ResourceHttpRequestHandler.handleRequest(ResourceHttpRequestHandler.java:585) ~[spring-webmvc-6.2.6.jar:6.2.6]
	at org.springframework.web.servlet.mvc.HttpRequestHandlerAdapter.handle(HttpRequestHandlerAdapter.java:52) ~[spring-webmvc-6.2.6.jar:6.2.6]
	at org.springframework.web.servlet.DispatcherServlet.doDispatch(DispatcherServlet.java:1089) ~[spring-webmvc-6.2.6.jar:6.2.6]
	at org.springframework.web.servlet.DispatcherServlet.doService(DispatcherServlet.java:979) ~[spring-webmvc-6.2.6.jar:6.2.6]
	at org.springframework.web.servlet.FrameworkServlet.processRequest(FrameworkServlet.java:1014) ~[spring-webmvc-6.2.6.jar:6.2.6]
	at org.springframework.web.servlet.FrameworkServlet.doDelete(FrameworkServlet.java:936) ~[spring-webmvc-6.2.6.jar:6.2.6]
	at jakarta.servlet.http.HttpServlet.service(HttpServlet.java:596) ~[tomcat-embed-core-10.1.40.jar:6.0]
	at org.springframework.web.servlet.FrameworkServlet.service(FrameworkServlet.java:885) ~[spring-webmvc-6.2.6.jar:6.2.6]
	at jakarta.servlet.http.HttpServlet.service(HttpServlet.java:658) ~[tomcat-embed-core-10.1.40.jar:6.0]
	at org.apache.catalina.core.ApplicationFilterChain.internalDoFilter(ApplicationFilterChain.java:195) ~[tomcat-embed-core-10.1.40.jar:10.1.40]
	at org.apache.catalina.core.ApplicationFilterChain.doFilter(ApplicationFilterChain.java:140) ~[tomcat-embed-core-10.1.40.jar:10.1.40]
	at org.apache.tomcat.websocket.server.WsFilter.doFilter(WsFilter.java:51) ~[tomcat-embed-websocket-10.1.40.jar:10.1.40]
	at org.apache.catalina.core.ApplicationFilterChain.internalDoFilter(ApplicationFilterChain.java:164) ~[tomcat-embed-core-10.1.40.jar:10.1.40]
	at org.apache.catalina.core.ApplicationFilterChain.doFilter(ApplicationFilterChain.java:140) ~[tomcat-embed-core-10.1.40.jar:10.1.40]
	at org.springframework.web.filter.CompositeFilter$VirtualFilterChain.doFilter(CompositeFilter.java:108) ~[spring-web-6.2.6.jar:6.2.6]
	at org.springframework.security.web.FilterChainProxy.lambda$doFilterInternal$3(FilterChainProxy.java:231) ~[spring-security-web-6.4.5.jar:6.4.5]
	at org.springframework.security.web.FilterChainProxy$VirtualFilterChain.doFilter(FilterChainProxy.java:365) ~[spring-security-web-6.4.5.jar:6.4.5]
	at org.springframework.security.web.access.intercept.AuthorizationFilter.doFilter(AuthorizationFilter.java:101) ~[spring-security-web-6.4.5.jar:6.4.5]
	at org.springframework.security.web.FilterChainProxy$VirtualFilterChain.doFilter(FilterChainProxy.java:374) ~[spring-security-web-6.4.5.jar:6.4.5]
	at org.springframework.security.web.access.ExceptionTranslationFilter.doFilter(ExceptionTranslationFilter.java:126) ~[spring-security-web-6.4.5.jar:6.4.5]
	at org.springframework.security.web.access.ExceptionTranslationFilter.doFilter(ExceptionTranslationFilter.java:120) ~[spring-security-web-6.4.5.jar:6.4.5]
	at org.springframework.security.web.FilterChainProxy$VirtualFilterChain.doFilter(FilterChainProxy.java:374) ~[spring-security-web-6.4.5.jar:6.4.5]
	at org.springframework.security.web.session.SessionManagementFilter.doFilter(SessionManagementFilter.java:131) ~[spring-security-web-6.4.5.jar:6.4.5]
	at org.springframework.security.web.session.SessionManagementFilter.doFilter(SessionManagementFilter.java:85) ~[spring-security-web-6.4.5.jar:6.4.5]
	at org.springframework.security.web.FilterChainProxy$VirtualFilterChain.doFilter(FilterChainProxy.java:374) ~[spring-security-web-6.4.5.jar:6.4.5]
	at org.springframework.security.web.authentication.AnonymousAuthenticationFilter.doFilter(AnonymousAuthenticationFilter.java:100) ~[spring-security-web-6.4.5.jar:6.4.5]
	at org.springframework.security.web.FilterChainProxy$VirtualFilterChain.doFilter(FilterChainProxy.java:374) ~[spring-security-web-6.4.5.jar:6.4.5]
	at org.springframework.security.web.servletapi.SecurityContextHolderAwareRequestFilter.doFilter(SecurityContextHolderAwareRequestFilter.java:179) ~[spring-security-web-6.4.5.jar:6.4.5]
	at org.springframework.security.web.FilterChainProxy$VirtualFilterChain.doFilter(FilterChainProxy.java:374) ~[spring-security-web-6.4.5.jar:6.4.5]
	at org.springframework.security.web.savedrequest.RequestCacheAwareFilter.doFilter(RequestCacheAwareFilter.java:63) ~[spring-security-web-6.4.5.jar:6.4.5]
	at org.springframework.security.web.FilterChainProxy$VirtualFilterChain.doFilter(FilterChainProxy.java:374) ~[spring-security-web-6.4.5.jar:6.4.5]
	at org.springframework.security.web.authentication.www.BasicAuthenticationFilter.doFilterInternal(BasicAuthenticationFilter.java:213) ~[spring-security-web-6.4.5.jar:6.4.5]
	at org.springframework.web.filter.OncePerRequestFilter.doFilter(OncePerRequestFilter.java:116) ~[spring-web-6.2.6.jar:6.2.6]
	at org.springframework.security.web.FilterChainProxy$VirtualFilterChain.doFilter(FilterChainProxy.java:374) ~[spring-security-web-6.4.5.jar:6.4.5]
	at org.springframework.security.web.authentication.logout.LogoutFilter.doFilter(LogoutFilter.java:107) ~[spring-security-web-6.4.5.jar:6.4.5]
	at org.springframework.security.web.authentication.logout.LogoutFilter.doFilter(LogoutFilter.java:93) ~[spring-security-web-6.4.5.jar:6.4.5]
	at org.springframework.security.web.FilterChainProxy$VirtualFilterChain.doFilter(FilterChainProxy.java:374) ~[spring-security-web-6.4.5.jar:6.4.5]
	at org.springframework.security.web.header.HeaderWriterFilter.doHeadersAfter(HeaderWriterFilter.java:90) ~[spring-security-web-6.4.5.jar:6.4.5]
	at org.springframework.security.web.header.HeaderWriterFilter.doFilterInternal(HeaderWriterFilter.java:75) ~[spring-security-web-6.4.5.jar:6.4.5]
	at org.springframework.web.filter.OncePerRequestFilter.doFilter(OncePerRequestFilter.java:116) ~[spring-web-6.2.6.jar:6.2.6]
	at org.springframework.security.web.FilterChainProxy$VirtualFilterChain.doFilter(FilterChainProxy.java:374) ~[spring-security-web-6.4.5.jar:6.4.5]
	at org.springframework.security.web.context.SecurityContextHolderFilter.doFilter(SecurityContextHolderFilter.java:82) ~[spring-security-web-6.4.5.jar:6.4.5]
	at org.springframework.security.web.context.SecurityContextHolderFilter.doFilter(SecurityContextHolderFilter.java:69) ~[spring-security-web-6.4.5.jar:6.4.5]
	at org.springframework.security.web.FilterChainProxy$VirtualFilterChain.doFilter(FilterChainProxy.java:374) ~[spring-security-web-6.4.5.jar:6.4.5]
	at org.springframework.security.web.context.request.async.WebAsyncManagerIntegrationFilter.doFilterInternal(WebAsyncManagerIntegrationFilter.java:62) ~[spring-security-web-6.4.5.jar:6.4.5]
	at org.springframework.web.filter.OncePerRequestFilter.doFilter(OncePerRequestFilter.java:116) ~[spring-web-6.2.6.jar:6.2.6]
	at org.springframework.security.web.FilterChainProxy$VirtualFilterChain.doFilter(FilterChainProxy.java:374) ~[spring-security-web-6.4.5.jar:6.4.5]
	at org.springframework.security.web.session.DisableEncodeUrlFilter.doFilterInternal(DisableEncodeUrlFilter.java:42) ~[spring-security-web-6.4.5.jar:6.4.5]
	at org.springframework.web.filter.OncePerRequestFilter.doFilter(OncePerRequestFilter.java:116) ~[spring-web-6.2.6.jar:6.2.6]
	at org.springframework.security.web.FilterChainProxy$VirtualFilterChain.doFilter(FilterChainProxy.java:374) ~[spring-security-web-6.4.5.jar:6.4.5]
	at org.springframework.security.web.FilterChainProxy.doFilterInternal(FilterChainProxy.java:233) ~[spring-security-web-6.4.5.jar:6.4.5]
	at org.springframework.security.web.FilterChainProxy.doFilter(FilterChainProxy.java:191) ~[spring-security-web-6.4.5.jar:6.4.5]
	at org.springframework.web.filter.CompositeFilter$VirtualFilterChain.doFilter(CompositeFilter.java:113) ~[spring-web-6.2.6.jar:6.2.6]
	at org.springframework.web.servlet.handler.HandlerMappingIntrospector.lambda$createCacheFilter$3(HandlerMappingIntrospector.java:243) ~[spring-webmvc-6.2.6.jar:6.2.6]
	at org.springframework.web.filter.CompositeFilter$VirtualFilterChain.doFilter(CompositeFilter.java:113) ~[spring-web-6.2.6.jar:6.2.6]
	at org.springframework.web.filter.CompositeFilter.doFilter(CompositeFilter.java:74) ~[spring-web-6.2.6.jar:6.2.6]
	at org.springframework.security.config.annotation.web.configuration.WebMvcSecurityConfiguration$CompositeFilterChainProxy.doFilter(WebMvcSecurityConfiguration.java:238) ~[spring-security-config-6.4.5.jar:6.4.5]
	at org.springframework.web.filter.DelegatingFilterProxy.invokeDelegate(DelegatingFilterProxy.java:362) ~[spring-web-6.2.6.jar:6.2.6]
	at org.springframework.web.filter.DelegatingFilterProxy.doFilter(DelegatingFilterProxy.java:278) ~[spring-web-6.2.6.jar:6.2.6]
	at org.apache.catalina.core.ApplicationFilterChain.internalDoFilter(ApplicationFilterChain.java:164) ~[tomcat-embed-core-10.1.40.jar:10.1.40]
	at org.apache.catalina.core.ApplicationFilterChain.doFilter(ApplicationFilterChain.java:140) ~[tomcat-embed-core-10.1.40.jar:10.1.40]
	at org.springframework.web.filter.RequestContextFilter.doFilterInternal(RequestContextFilter.java:100) ~[spring-web-6.2.6.jar:6.2.6]
	at org.springframework.web.filter.OncePerRequestFilter.doFilter(OncePerRequestFilter.java:116) ~[spring-web-6.2.6.jar:6.2.6]
	at org.apache.catalina.core.ApplicationFilterChain.internalDoFilter(ApplicationFilterChain.java:164) ~[tomcat-embed-core-10.1.40.jar:10.1.40]
	at org.apache.catalina.core.ApplicationFilterChain.doFilter(ApplicationFilterChain.java:140) ~[tomcat-embed-core-10.1.40.jar:10.1.40]
	at org.springframework.web.filter.FormContentFilter.doFilterInternal(FormContentFilter.java:93) ~[spring-web-6.2.6.jar:6.2.6]
	at org.springframework.web.filter.OncePerRequestFilter.doFilter(OncePerRequestFilter.java:116) ~[spring-web-6.2.6.jar:6.2.6]
	at org.apache.catalina.core.ApplicationFilterChain.internalDoFilter(ApplicationFilterChain.java:164) ~[tomcat-embed-core-10.1.40.jar:10.1.40]
	at org.apache.catalina.core.ApplicationFilterChain.doFilter(ApplicationFilterChain.java:140) ~[tomcat-embed-core-10.1.40.jar:10.1.40]
	at org.springframework.web.filter.CharacterEncodingFilter.doFilterInternal(CharacterEncodingFilter.java:201) ~[spring-web-6.2.6.jar:6.2.6]
	at org.springframework.web.filter.OncePerRequestFilter.doFilter(OncePerRequestFilter.java:116) ~[spring-web-6.2.6.jar:6.2.6]
	at org.apache.catalina.core.ApplicationFilterChain.internalDoFilter(ApplicationFilterChain.java:164) ~[tomcat-embed-core-10.1.40.jar:10.1.40]
	at org.apache.catalina.core.ApplicationFilterChain.doFilter(ApplicationFilterChain.java:140) ~[tomcat-embed-core-10.1.40.jar:10.1.40]
	at org.apache.catalina.core.StandardWrapperValve.invoke(StandardWrapperValve.java:167) ~[tomcat-embed-core-10.1.40.jar:10.1.40]
	at org.apache.catalina.core.StandardContextValve.invoke(StandardContextValve.java:90) ~[tomcat-embed-core-10.1.40.jar:10.1.40]
	at org.apache.catalina.authenticator.AuthenticatorBase.invoke(AuthenticatorBase.java:483) ~[tomcat-embed-core-10.1.40.jar:10.1.40]
	at org.apache.catalina.core.StandardHostValve.invoke(StandardHostValve.java:116) ~[tomcat-embed-core-10.1.40.jar:10.1.40]
	at org.apache.catalina.valves.ErrorReportValve.invoke(ErrorReportValve.java:93) ~[tomcat-embed-core-10.1.40.jar:10.1.40]
	at org.apache.catalina.core.StandardEngineValve.invoke(StandardEngineValve.java:74) ~[tomcat-embed-core-10.1.40.jar:10.1.40]
	at org.apache.catalina.connector.CoyoteAdapter.service(CoyoteAdapter.java:344) ~[tomcat-embed-core-10.1.40.jar:10.1.40]
	at org.apache.coyote.http11.Http11Processor.service(Http11Processor.java:398) ~[tomcat-embed-core-10.1.40.jar:10.1.40]
	at org.apache.coyote.AbstractProcessorLight.process(AbstractProcessorLight.java:63) ~[tomcat-embed-core-10.1.40.jar:10.1.40]
	at org.apache.coyote.AbstractProtocol$ConnectionHandler.process(AbstractProtocol.java:903) ~[tomcat-embed-core-10.1.40.jar:10.1.40]
	at org.apache.tomcat.util.net.NioEndpoint$SocketProcessor.doRun(NioEndpoint.java:1740) ~[tomcat-embed-core-10.1.40.jar:10.1.40]
	at org.apache.tomcat.util.net.SocketProcessorBase.run(SocketProcessorBase.java:52) ~[tomcat-embed-core-10.1.40.jar:10.1.40]
	at org.apache.tomcat.util.threads.ThreadPoolExecutor.runWorker(ThreadPoolExecutor.java:1189) ~[tomcat-embed-core-10.1.40.jar:10.1.40]
	at org.apache.tomcat.util.threads.ThreadPoolExecutor$Worker.run(ThreadPoolExecutor.java:658) ~[tomcat-embed-core-10.1.40.jar:10.1.40]
	at org.apache.tomcat.util.threads.TaskThread$WrappingRunnable.run(TaskThread.java:63) ~[tomcat-embed-core-10.1.40.jar:10.1.40]
	at java.base/java.lang.Thread.run(Thread.java:1516) ~[na:na]

2026-05-20T16:53:45.424-04:00 DEBUG 36440 --- [shelter-service] [http-nio-8095-exec-2] o.s.w.s.m.m.a.HttpEntityMethodProcessor  : Using 'application/json', given [*/*] and supported [application/json, application/*+json]
2026-05-20T16:53:45.424-04:00 DEBUG 36440 --- [shelter-service] [http-nio-8095-exec-2] o.s.w.s.m.m.a.HttpEntityMethodProcessor  : Writing [ErrorResponse[timestamp=2026-05-20T16:53:45.424924500, status=500, error=Internal Server Error, mess (truncated)...]
2026-05-20T16:53:45.424-04:00 DEBUG 36440 --- [shelter-service] [http-nio-8095-exec-2] .m.m.a.ExceptionHandlerExceptionResolver : Resolved [org.springframework.web.servlet.resource.NoResourceFoundException: No static resource shelters/by-id.]
2026-05-20T16:53:45.424-04:00 DEBUG 36440 --- [shelter-service] [http-nio-8095-exec-2] o.s.web.servlet.DispatcherServlet        : Completed 500 INTERNAL_SERVER_ERROR
2026-05-20T16:57:52.510-04:00  INFO 36440 --- [shelter-service] [SpringApplicationShutdownHook] o.s.b.w.e.tomcat.GracefulShutdown        : Commencing graceful shutdown. Waiting for active requests to complete
2026-05-20T16:57:52.563-04:00  INFO 36440 --- [shelter-service] [tomcat-shutdown] o.s.b.w.e.tomcat.GracefulShutdown        : Graceful shutdown complete
2026-05-20T16:57:52.588-04:00  INFO 36440 --- [shelter-service] [SpringApplicationShutdownHook] j.LocalContainerEntityManagerFactoryBean : Closing JPA EntityManagerFactory for persistence unit 'default'
2026-05-20T16:57:52.597-04:00  INFO 36440 --- [shelter-service] [SpringApplicationShutdownHook] com.zaxxer.hikari.HikariDataSource       : HikariPool-1 - Shutdown initiated...
2026-05-20T16:57:52.601-04:00  INFO 36440 --- [shelter-service] [SpringApplicationShutdownHook] com.zaxxer.hikari.HikariDataSource       : HikariPool-1 - Shutdown completed.
2026-05-20T17:00:48.518-04:00  INFO 28812 --- [shelter-service] [main] c.a.s.ShelterServiceApplication          : Starting ShelterServiceApplication using Java 26 with PID 28812 (C:\Users\camil\Documents\fullstack1\adoptapp\shelter-service\target\classes started by camil in C:\Users\camil\Documents\fullstack1\adoptapp)
2026-05-20T17:00:48.518-04:00 DEBUG 28812 --- [shelter-service] [main] c.a.s.ShelterServiceApplication          : Running with Spring Boot v3.4.5, Spring v6.2.6
2026-05-20T17:00:48.518-04:00  INFO 28812 --- [shelter-service] [main] c.a.s.ShelterServiceApplication          : No active profile set, falling back to 1 default profile: "default"
2026-05-20T17:00:50.015-04:00  INFO 28812 --- [shelter-service] [main] .s.d.r.c.RepositoryConfigurationDelegate : Bootstrapping Spring Data JPA repositories in DEFAULT mode.
2026-05-20T17:00:50.155-04:00  INFO 28812 --- [shelter-service] [main] .s.d.r.c.RepositoryConfigurationDelegate : Finished Spring Data repository scanning in 116 ms. Found 2 JPA repository interfaces.
2026-05-20T17:00:50.881-04:00  INFO 28812 --- [shelter-service] [main] o.s.cloud.context.scope.GenericScope     : BeanFactory id=090de83e-2feb-39c5-98a1-1aeeb5bb0336
2026-05-20T17:00:52.331-04:00  INFO 28812 --- [shelter-service] [main] o.s.b.w.embedded.tomcat.TomcatWebServer  : Tomcat initialized with port 8095 (http)
2026-05-20T17:00:52.359-04:00  INFO 28812 --- [shelter-service] [main] o.apache.catalina.core.StandardService   : Starting service [Tomcat]
2026-05-20T17:00:52.359-04:00  INFO 28812 --- [shelter-service] [main] o.apache.catalina.core.StandardEngine    : Starting Servlet engine: [Apache Tomcat/10.1.40]
2026-05-20T17:00:52.492-04:00  INFO 28812 --- [shelter-service] [main] o.a.c.c.C.[.[localhost].[/shelter-app]   : Initializing Spring embedded WebApplicationContext
2026-05-20T17:00:52.492-04:00  INFO 28812 --- [shelter-service] [main] w.s.c.ServletWebServerApplicationContext : Root WebApplicationContext: initialization completed in 3896 ms
2026-05-20T17:00:53.235-04:00  INFO 28812 --- [shelter-service] [main] com.zaxxer.hikari.HikariDataSource       : HikariPool-1 - Starting...
2026-05-20T17:00:53.644-04:00  INFO 28812 --- [shelter-service] [main] com.zaxxer.hikari.pool.HikariPool        : HikariPool-1 - Added connection org.postgresql.jdbc.PgConnection@660296d5
2026-05-20T17:00:53.648-04:00  INFO 28812 --- [shelter-service] [main] com.zaxxer.hikari.HikariDataSource       : HikariPool-1 - Start completed.
2026-05-20T17:00:53.691-04:00  INFO 28812 --- [shelter-service] [main] org.flywaydb.core.FlywayExecutor         : Database: jdbc:postgresql://localhost:5432/shelter_db (PostgreSQL 18.3)
2026-05-20T17:00:53.697-04:00  WARN 28812 --- [shelter-service] [main] o.f.c.internal.database.base.Database    : Flyway upgrade recommended: PostgreSQL 18.3 is newer than this version of Flyway and support has not been tested. The latest supported version of PostgreSQL is 17.
2026-05-20T17:00:53.769-04:00  INFO 28812 --- [shelter-service] [main] o.f.core.internal.command.DbValidate     : Successfully validated 2 migrations (execution time 00:00.043s)
2026-05-20T17:00:54.064-04:00  INFO 28812 --- [shelter-service] [main] o.f.core.internal.command.DbMigrate      : Current version of schema "public": 2
2026-05-20T17:00:54.064-04:00  INFO 28812 --- [shelter-service] [main] o.f.core.internal.command.DbMigrate      : Schema "public" is up to date. No migration necessary.
2026-05-20T17:00:54.282-04:00  INFO 28812 --- [shelter-service] [main] o.hibernate.jpa.internal.util.LogHelper  : HHH000204: Processing PersistenceUnitInfo [name: default]
2026-05-20T17:00:54.377-04:00  INFO 28812 --- [shelter-service] [main] org.hibernate.Version                    : HHH000412: Hibernate ORM core version 6.6.13.Final
2026-05-20T17:00:54.444-04:00  INFO 28812 --- [shelter-service] [main] o.h.c.internal.RegionFactoryInitiator    : HHH000026: Second-level cache disabled
2026-05-20T17:00:55.018-04:00  INFO 28812 --- [shelter-service] [main] o.s.o.j.p.SpringPersistenceUnitInfo      : No LoadTimeWeaver setup: ignoring JPA class transformer
2026-05-20T17:00:55.169-04:00  WARN 28812 --- [shelter-service] [main] org.hibernate.orm.deprecation            : HHH90000025: PostgreSQLDialect does not need to be specified explicitly using 'hibernate.dialect' (remove the property setting and it will be selected by default)
2026-05-20T17:00:55.196-04:00  INFO 28812 --- [shelter-service] [main] org.hibernate.orm.connections.pooling    : HHH10001005: Database info:
	Database JDBC URL [Connecting through datasource 'HikariDataSource (HikariPool-1)']
	Database driver: undefined/unknown
	Database version: 18.3
	Autocommit mode: undefined/unknown
	Isolation level: undefined/unknown
	Minimum pool size: undefined/unknown
	Maximum pool size: undefined/unknown
2026-05-20T17:00:57.314-04:00  INFO 28812 --- [shelter-service] [main] o.h.e.t.j.p.i.JtaPlatformInitiator       : HHH000489: No JTA platform available (set 'hibernate.transaction.jta.platform' to enable JTA platform integration)
2026-05-20T17:00:57.401-04:00  INFO 28812 --- [shelter-service] [main] j.LocalContainerEntityManagerFactoryBean : Initialized JPA EntityManagerFactory for persistence unit 'default'
2026-05-20T17:00:57.744-04:00  WARN 28812 --- [shelter-service] [main] JpaBaseConfiguration$JpaWebConfiguration : spring.jpa.open-in-view is enabled by default. Therefore, database queries may be performed during view rendering. Explicitly configure spring.jpa.open-in-view to disable this warning
2026-05-20T17:00:59.512-04:00  INFO 28812 --- [shelter-service] [main] r$InitializeUserDetailsManagerConfigurer : Global AuthenticationManager configured with UserDetailsService bean with name customUserDetailsService
2026-05-20T17:00:59.812-04:00 DEBUG 28812 --- [shelter-service] [main] s.w.s.m.m.a.RequestMappingHandlerMapping : 8 mappings in 'requestMappingHandlerMapping'
2026-05-20T17:01:00.177-04:00 DEBUG 28812 --- [shelter-service] [main] o.s.w.s.handler.SimpleUrlHandlerMapping  : Patterns [/webjars/**, /**] in 'resourceHandlerMapping'
2026-05-20T17:01:00.827-04:00 DEBUG 28812 --- [shelter-service] [main] s.w.s.m.m.a.RequestMappingHandlerAdapter : ControllerAdvice beans: 0 @ModelAttribute, 0 @InitBinder, 1 RequestBodyAdvice, 1 ResponseBodyAdvice
2026-05-20T17:01:01.028-04:00 DEBUG 28812 --- [shelter-service] [main] .m.m.a.ExceptionHandlerExceptionResolver : ControllerAdvice beans: 1 @ExceptionHandler, 1 ResponseBodyAdvice
2026-05-20T17:01:02.875-04:00  INFO 28812 --- [shelter-service] [main] o.s.cloud.commons.util.InetUtils         : Cannot determine local hostname
2026-05-20T17:01:03.091-04:00  INFO 28812 --- [shelter-service] [main] o.s.b.w.embedded.tomcat.TomcatWebServer  : Tomcat started on port 8095 (http) with context path '/shelter-app'
2026-05-20T17:01:04.105-04:00  INFO 28812 --- [shelter-service] [main] o.s.cloud.commons.util.InetUtils         : Cannot determine local hostname
2026-05-20T17:01:04.123-04:00  INFO 28812 --- [shelter-service] [main] c.a.s.ShelterServiceApplication          : Started ShelterServiceApplication in 17.495 seconds (process running for 18.977)
2026-05-20T17:02:13.112-04:00  INFO 28812 --- [shelter-service] [http-nio-8095-exec-1] o.a.c.c.C.[.[localhost].[/shelter-app]   : Initializing Spring DispatcherServlet 'dispatcherServlet'
2026-05-20T17:02:13.114-04:00  INFO 28812 --- [shelter-service] [http-nio-8095-exec-1] o.s.web.servlet.DispatcherServlet        : Initializing Servlet 'dispatcherServlet'
2026-05-20T17:02:13.114-04:00 DEBUG 28812 --- [shelter-service] [http-nio-8095-exec-1] o.s.web.servlet.DispatcherServlet        : Detected StandardServletMultipartResolver
2026-05-20T17:02:13.114-04:00 DEBUG 28812 --- [shelter-service] [http-nio-8095-exec-1] o.s.web.servlet.DispatcherServlet        : Detected AcceptHeaderLocaleResolver
2026-05-20T17:02:13.114-04:00 DEBUG 28812 --- [shelter-service] [http-nio-8095-exec-1] o.s.web.servlet.DispatcherServlet        : Detected FixedThemeResolver
2026-05-20T17:02:13.117-04:00 DEBUG 28812 --- [shelter-service] [http-nio-8095-exec-1] o.s.web.servlet.DispatcherServlet        : Detected org.springframework.web.servlet.view.DefaultRequestToViewNameTranslator@2bf3ec4a
2026-05-20T17:02:13.117-04:00 DEBUG 28812 --- [shelter-service] [http-nio-8095-exec-1] o.s.web.servlet.DispatcherServlet        : Detected org.springframework.web.servlet.support.SessionFlashMapManager@7119d1da
2026-05-20T17:02:13.117-04:00 DEBUG 28812 --- [shelter-service] [http-nio-8095-exec-1] o.s.web.servlet.DispatcherServlet        : enableLoggingRequestDetails='false': request parameters and headers will be masked to prevent unsafe logging of potentially sensitive data
2026-05-20T17:02:13.117-04:00  INFO 28812 --- [shelter-service] [http-nio-8095-exec-1] o.s.web.servlet.DispatcherServlet        : Completed initialization in 3 ms
2026-05-20T17:02:13.311-04:00 DEBUG 28812 --- [shelter-service] [pool-2-thread-1] c.a.s.client.UserServiceClient           : [UserServiceClient#getUserAuthByEmail] ---> GET http://localhost:8081/user-app/users/by-email/admin%40empresa.com/auth HTTP/1.1
2026-05-20T17:02:13.483-04:00 DEBUG 28812 --- [shelter-service] [pool-2-thread-1] c.a.s.client.UserServiceClient           : [UserServiceClient#getUserAuthByEmail] <--- HTTP/1.1 200 (179ms)
2026-05-20T17:02:13.512-04:00 DEBUG 28812 --- [shelter-service] [pool-2-thread-1] o.s.w.c.HttpMessageConverterExtractor    : Reading to [com.adoptapp.sharedkernel.dto.UserAuthResponse]
2026-05-20T17:02:13.662-04:00 DEBUG 28812 --- [shelter-service] [http-nio-8095-exec-1] o.s.web.servlet.DispatcherServlet        : POST "/shelter-app/shelters?userId=", parameters={masked}
2026-05-20T17:02:13.662-04:00 DEBUG 28812 --- [shelter-service] [http-nio-8095-exec-1] s.w.s.m.m.a.RequestMappingHandlerMapping : Mapped to com.adoptapp.shelterservice.controller.ShelterController#create(ShelterRequest, Long)
2026-05-20T17:02:13.694-04:00 DEBUG 28812 --- [shelter-service] [http-nio-8095-exec-1] m.m.a.RequestResponseBodyMethodProcessor : Read "application/json;charset=UTF-8" to [ShelterRequest[name=Happy Paws Shelter, email=contact@happypaws.org, phone=+1234567890, description= (truncated)...]
2026-05-20T17:02:13.772-04:00 DEBUG 28812 --- [shelter-service] [http-nio-8095-exec-1] o.s.web.method.HandlerMethod             : Could not resolve parameter [1] in public org.springframework.http.ResponseEntity<com.adoptapp.shelterservice.dto.ShelterResponse> com.adoptapp.shelterservice.controller.ShelterController.create(com.adoptapp.shelterservice.dto.ShelterRequest,java.lang.Long): Required request parameter 'userId' for method parameter type Long is present but converted to null
2026-05-20T17:02:13.772-04:00 DEBUG 28812 --- [shelter-service] [http-nio-8095-exec-1] .m.m.a.ExceptionHandlerExceptionResolver : Using @ExceptionHandler com.adoptapp.shelterservice.exception.GlobalExceptionHandler#handleGeneric(Exception, HttpServletRequest)
2026-05-20T17:02:13.777-04:00 ERROR 28812 --- [shelter-service] [http-nio-8095-exec-1] c.a.s.exception.GlobalExceptionHandler   : Error interno no manejado en /shelter-app/shelters: Required request parameter 'userId' for method parameter type Long is present but converted to null

org.springframework.web.bind.MissingServletRequestParameterException: Required request parameter 'userId' for method parameter type Long is present but converted to null
	at org.springframework.web.method.annotation.RequestParamMethodArgumentResolver.handleMissingValueInternal(RequestParamMethodArgumentResolver.java:220) ~[spring-web-6.2.6.jar:6.2.6]
	at org.springframework.web.method.annotation.RequestParamMethodArgumentResolver.handleMissingValueAfterConversion(RequestParamMethodArgumentResolver.java:203) ~[spring-web-6.2.6.jar:6.2.6]
	at org.springframework.web.method.annotation.AbstractNamedValueMethodArgumentResolver.resolveArgument(AbstractNamedValueMethodArgumentResolver.java:144) ~[spring-web-6.2.6.jar:6.2.6]
	at org.springframework.web.method.support.HandlerMethodArgumentResolverComposite.resolveArgument(HandlerMethodArgumentResolverComposite.java:122) ~[spring-web-6.2.6.jar:6.2.6]
	at org.springframework.web.method.support.InvocableHandlerMethod.getMethodArgumentValues(InvocableHandlerMethod.java:227) ~[spring-web-6.2.6.jar:6.2.6]
	at org.springframework.web.method.support.InvocableHandlerMethod.invokeForRequest(InvocableHandlerMethod.java:181) ~[spring-web-6.2.6.jar:6.2.6]
	at org.springframework.web.servlet.mvc.method.annotation.ServletInvocableHandlerMethod.invokeAndHandle(ServletInvocableHandlerMethod.java:118) ~[spring-webmvc-6.2.6.jar:6.2.6]
	at org.springframework.web.servlet.mvc.method.annotation.RequestMappingHandlerAdapter.invokeHandlerMethod(RequestMappingHandlerAdapter.java:986) ~[spring-webmvc-6.2.6.jar:6.2.6]
	at org.springframework.web.servlet.mvc.method.annotation.RequestMappingHandlerAdapter.handleInternal(RequestMappingHandlerAdapter.java:891) ~[spring-webmvc-6.2.6.jar:6.2.6]
	at org.springframework.web.servlet.mvc.method.AbstractHandlerMethodAdapter.handle(AbstractHandlerMethodAdapter.java:87) ~[spring-webmvc-6.2.6.jar:6.2.6]
	at org.springframework.web.servlet.DispatcherServlet.doDispatch(DispatcherServlet.java:1089) ~[spring-webmvc-6.2.6.jar:6.2.6]
	at org.springframework.web.servlet.DispatcherServlet.doService(DispatcherServlet.java:979) ~[spring-webmvc-6.2.6.jar:6.2.6]
	at org.springframework.web.servlet.FrameworkServlet.processRequest(FrameworkServlet.java:1014) ~[spring-webmvc-6.2.6.jar:6.2.6]
	at org.springframework.web.servlet.FrameworkServlet.doPost(FrameworkServlet.java:914) ~[spring-webmvc-6.2.6.jar:6.2.6]
	at jakarta.servlet.http.HttpServlet.service(HttpServlet.java:590) ~[tomcat-embed-core-10.1.40.jar:6.0]
	at org.springframework.web.servlet.FrameworkServlet.service(FrameworkServlet.java:885) ~[spring-webmvc-6.2.6.jar:6.2.6]
	at jakarta.servlet.http.HttpServlet.service(HttpServlet.java:658) ~[tomcat-embed-core-10.1.40.jar:6.0]
	at org.apache.catalina.core.ApplicationFilterChain.internalDoFilter(ApplicationFilterChain.java:195) ~[tomcat-embed-core-10.1.40.jar:10.1.40]
	at org.apache.catalina.core.ApplicationFilterChain.doFilter(ApplicationFilterChain.java:140) ~[tomcat-embed-core-10.1.40.jar:10.1.40]
	at org.apache.tomcat.websocket.server.WsFilter.doFilter(WsFilter.java:51) ~[tomcat-embed-websocket-10.1.40.jar:10.1.40]
	at org.apache.catalina.core.ApplicationFilterChain.internalDoFilter(ApplicationFilterChain.java:164) ~[tomcat-embed-core-10.1.40.jar:10.1.40]
	at org.apache.catalina.core.ApplicationFilterChain.doFilter(ApplicationFilterChain.java:140) ~[tomcat-embed-core-10.1.40.jar:10.1.40]
	at org.springframework.web.filter.CompositeFilter$VirtualFilterChain.doFilter(CompositeFilter.java:108) ~[spring-web-6.2.6.jar:6.2.6]
	at org.springframework.security.web.FilterChainProxy.lambda$doFilterInternal$3(FilterChainProxy.java:231) ~[spring-security-web-6.4.5.jar:6.4.5]
	at org.springframework.security.web.FilterChainProxy$VirtualFilterChain.doFilter(FilterChainProxy.java:365) ~[spring-security-web-6.4.5.jar:6.4.5]
	at org.springframework.security.web.access.intercept.AuthorizationFilter.doFilter(AuthorizationFilter.java:101) ~[spring-security-web-6.4.5.jar:6.4.5]
	at org.springframework.security.web.FilterChainProxy$VirtualFilterChain.doFilter(FilterChainProxy.java:374) ~[spring-security-web-6.4.5.jar:6.4.5]
	at org.springframework.security.web.access.ExceptionTranslationFilter.doFilter(ExceptionTranslationFilter.java:126) ~[spring-security-web-6.4.5.jar:6.4.5]
	at org.springframework.security.web.access.ExceptionTranslationFilter.doFilter(ExceptionTranslationFilter.java:120) ~[spring-security-web-6.4.5.jar:6.4.5]
	at org.springframework.security.web.FilterChainProxy$VirtualFilterChain.doFilter(FilterChainProxy.java:374) ~[spring-security-web-6.4.5.jar:6.4.5]
	at org.springframework.security.web.session.SessionManagementFilter.doFilter(SessionManagementFilter.java:131) ~[spring-security-web-6.4.5.jar:6.4.5]
	at org.springframework.security.web.session.SessionManagementFilter.doFilter(SessionManagementFilter.java:85) ~[spring-security-web-6.4.5.jar:6.4.5]
	at org.springframework.security.web.FilterChainProxy$VirtualFilterChain.doFilter(FilterChainProxy.java:374) ~[spring-security-web-6.4.5.jar:6.4.5]
	at org.springframework.security.web.authentication.AnonymousAuthenticationFilter.doFilter(AnonymousAuthenticationFilter.java:100) ~[spring-security-web-6.4.5.jar:6.4.5]
	at org.springframework.security.web.FilterChainProxy$VirtualFilterChain.doFilter(FilterChainProxy.java:374) ~[spring-security-web-6.4.5.jar:6.4.5]
	at org.springframework.security.web.servletapi.SecurityContextHolderAwareRequestFilter.doFilter(SecurityContextHolderAwareRequestFilter.java:179) ~[spring-security-web-6.4.5.jar:6.4.5]
	at org.springframework.security.web.FilterChainProxy$VirtualFilterChain.doFilter(FilterChainProxy.java:374) ~[spring-security-web-6.4.5.jar:6.4.5]
	at org.springframework.security.web.savedrequest.RequestCacheAwareFilter.doFilter(RequestCacheAwareFilter.java:63) ~[spring-security-web-6.4.5.jar:6.4.5]
	at org.springframework.security.web.FilterChainProxy$VirtualFilterChain.doFilter(FilterChainProxy.java:374) ~[spring-security-web-6.4.5.jar:6.4.5]
	at org.springframework.security.web.authentication.www.BasicAuthenticationFilter.doFilterInternal(BasicAuthenticationFilter.java:213) ~[spring-security-web-6.4.5.jar:6.4.5]
	at org.springframework.web.filter.OncePerRequestFilter.doFilter(OncePerRequestFilter.java:116) ~[spring-web-6.2.6.jar:6.2.6]
	at org.springframework.security.web.FilterChainProxy$VirtualFilterChain.doFilter(FilterChainProxy.java:374) ~[spring-security-web-6.4.5.jar:6.4.5]
	at org.springframework.security.web.authentication.logout.LogoutFilter.doFilter(LogoutFilter.java:107) ~[spring-security-web-6.4.5.jar:6.4.5]
	at org.springframework.security.web.authentication.logout.LogoutFilter.doFilter(LogoutFilter.java:93) ~[spring-security-web-6.4.5.jar:6.4.5]
	at org.springframework.security.web.FilterChainProxy$VirtualFilterChain.doFilter(FilterChainProxy.java:374) ~[spring-security-web-6.4.5.jar:6.4.5]
	at org.springframework.security.web.header.HeaderWriterFilter.doHeadersAfter(HeaderWriterFilter.java:90) ~[spring-security-web-6.4.5.jar:6.4.5]
	at org.springframework.security.web.header.HeaderWriterFilter.doFilterInternal(HeaderWriterFilter.java:75) ~[spring-security-web-6.4.5.jar:6.4.5]
	at org.springframework.web.filter.OncePerRequestFilter.doFilter(OncePerRequestFilter.java:116) ~[spring-web-6.2.6.jar:6.2.6]
	at org.springframework.security.web.FilterChainProxy$VirtualFilterChain.doFilter(FilterChainProxy.java:374) ~[spring-security-web-6.4.5.jar:6.4.5]
	at org.springframework.security.web.context.SecurityContextHolderFilter.doFilter(SecurityContextHolderFilter.java:82) ~[spring-security-web-6.4.5.jar:6.4.5]
	at org.springframework.security.web.context.SecurityContextHolderFilter.doFilter(SecurityContextHolderFilter.java:69) ~[spring-security-web-6.4.5.jar:6.4.5]
	at org.springframework.security.web.FilterChainProxy$VirtualFilterChain.doFilter(FilterChainProxy.java:374) ~[spring-security-web-6.4.5.jar:6.4.5]
	at org.springframework.security.web.context.request.async.WebAsyncManagerIntegrationFilter.doFilterInternal(WebAsyncManagerIntegrationFilter.java:62) ~[spring-security-web-6.4.5.jar:6.4.5]
	at org.springframework.web.filter.OncePerRequestFilter.doFilter(OncePerRequestFilter.java:116) ~[spring-web-6.2.6.jar:6.2.6]
	at org.springframework.security.web.FilterChainProxy$VirtualFilterChain.doFilter(FilterChainProxy.java:374) ~[spring-security-web-6.4.5.jar:6.4.5]
	at org.springframework.security.web.session.DisableEncodeUrlFilter.doFilterInternal(DisableEncodeUrlFilter.java:42) ~[spring-security-web-6.4.5.jar:6.4.5]
	at org.springframework.web.filter.OncePerRequestFilter.doFilter(OncePerRequestFilter.java:116) ~[spring-web-6.2.6.jar:6.2.6]
	at org.springframework.security.web.FilterChainProxy$VirtualFilterChain.doFilter(FilterChainProxy.java:374) ~[spring-security-web-6.4.5.jar:6.4.5]
	at org.springframework.security.web.FilterChainProxy.doFilterInternal(FilterChainProxy.java:233) ~[spring-security-web-6.4.5.jar:6.4.5]
	at org.springframework.security.web.FilterChainProxy.doFilter(FilterChainProxy.java:191) ~[spring-security-web-6.4.5.jar:6.4.5]
	at org.springframework.web.filter.CompositeFilter$VirtualFilterChain.doFilter(CompositeFilter.java:113) ~[spring-web-6.2.6.jar:6.2.6]
	at org.springframework.web.servlet.handler.HandlerMappingIntrospector.lambda$createCacheFilter$3(HandlerMappingIntrospector.java:243) ~[spring-webmvc-6.2.6.jar:6.2.6]
	at org.springframework.web.filter.CompositeFilter$VirtualFilterChain.doFilter(CompositeFilter.java:113) ~[spring-web-6.2.6.jar:6.2.6]
	at org.springframework.web.filter.CompositeFilter.doFilter(CompositeFilter.java:74) ~[spring-web-6.2.6.jar:6.2.6]
	at org.springframework.security.config.annotation.web.configuration.WebMvcSecurityConfiguration$CompositeFilterChainProxy.doFilter(WebMvcSecurityConfiguration.java:238) ~[spring-security-config-6.4.5.jar:6.4.5]
	at org.springframework.web.filter.DelegatingFilterProxy.invokeDelegate(DelegatingFilterProxy.java:362) ~[spring-web-6.2.6.jar:6.2.6]
	at org.springframework.web.filter.DelegatingFilterProxy.doFilter(DelegatingFilterProxy.java:278) ~[spring-web-6.2.6.jar:6.2.6]
	at org.apache.catalina.core.ApplicationFilterChain.internalDoFilter(ApplicationFilterChain.java:164) ~[tomcat-embed-core-10.1.40.jar:10.1.40]
	at org.apache.catalina.core.ApplicationFilterChain.doFilter(ApplicationFilterChain.java:140) ~[tomcat-embed-core-10.1.40.jar:10.1.40]
	at org.springframework.web.filter.RequestContextFilter.doFilterInternal(RequestContextFilter.java:100) ~[spring-web-6.2.6.jar:6.2.6]
	at org.springframework.web.filter.OncePerRequestFilter.doFilter(OncePerRequestFilter.java:116) ~[spring-web-6.2.6.jar:6.2.6]
	at org.apache.catalina.core.ApplicationFilterChain.internalDoFilter(ApplicationFilterChain.java:164) ~[tomcat-embed-core-10.1.40.jar:10.1.40]
	at org.apache.catalina.core.ApplicationFilterChain.doFilter(ApplicationFilterChain.java:140) ~[tomcat-embed-core-10.1.40.jar:10.1.40]
	at org.springframework.web.filter.FormContentFilter.doFilterInternal(FormContentFilter.java:93) ~[spring-web-6.2.6.jar:6.2.6]
	at org.springframework.web.filter.OncePerRequestFilter.doFilter(OncePerRequestFilter.java:116) ~[spring-web-6.2.6.jar:6.2.6]
	at org.apache.catalina.core.ApplicationFilterChain.internalDoFilter(ApplicationFilterChain.java:164) ~[tomcat-embed-core-10.1.40.jar:10.1.40]
	at org.apache.catalina.core.ApplicationFilterChain.doFilter(ApplicationFilterChain.java:140) ~[tomcat-embed-core-10.1.40.jar:10.1.40]
	at org.springframework.web.filter.CharacterEncodingFilter.doFilterInternal(CharacterEncodingFilter.java:201) ~[spring-web-6.2.6.jar:6.2.6]
	at org.springframework.web.filter.OncePerRequestFilter.doFilter(OncePerRequestFilter.java:116) ~[spring-web-6.2.6.jar:6.2.6]
	at org.apache.catalina.core.ApplicationFilterChain.internalDoFilter(ApplicationFilterChain.java:164) ~[tomcat-embed-core-10.1.40.jar:10.1.40]
	at org.apache.catalina.core.ApplicationFilterChain.doFilter(ApplicationFilterChain.java:140) ~[tomcat-embed-core-10.1.40.jar:10.1.40]
	at org.apache.catalina.core.StandardWrapperValve.invoke(StandardWrapperValve.java:167) ~[tomcat-embed-core-10.1.40.jar:10.1.40]
	at org.apache.catalina.core.StandardContextValve.invoke(StandardContextValve.java:90) ~[tomcat-embed-core-10.1.40.jar:10.1.40]
	at org.apache.catalina.authenticator.AuthenticatorBase.invoke(AuthenticatorBase.java:483) ~[tomcat-embed-core-10.1.40.jar:10.1.40]
	at org.apache.catalina.core.StandardHostValve.invoke(StandardHostValve.java:116) ~[tomcat-embed-core-10.1.40.jar:10.1.40]
	at org.apache.catalina.valves.ErrorReportValve.invoke(ErrorReportValve.java:93) ~[tomcat-embed-core-10.1.40.jar:10.1.40]
	at org.apache.catalina.core.StandardEngineValve.invoke(StandardEngineValve.java:74) ~[tomcat-embed-core-10.1.40.jar:10.1.40]
	at org.apache.catalina.connector.CoyoteAdapter.service(CoyoteAdapter.java:344) ~[tomcat-embed-core-10.1.40.jar:10.1.40]
	at org.apache.coyote.http11.Http11Processor.service(Http11Processor.java:398) ~[tomcat-embed-core-10.1.40.jar:10.1.40]
	at org.apache.coyote.AbstractProcessorLight.process(AbstractProcessorLight.java:63) ~[tomcat-embed-core-10.1.40.jar:10.1.40]
	at org.apache.coyote.AbstractProtocol$ConnectionHandler.process(AbstractProtocol.java:903) ~[tomcat-embed-core-10.1.40.jar:10.1.40]
	at org.apache.tomcat.util.net.NioEndpoint$SocketProcessor.doRun(NioEndpoint.java:1740) ~[tomcat-embed-core-10.1.40.jar:10.1.40]
	at org.apache.tomcat.util.net.SocketProcessorBase.run(SocketProcessorBase.java:52) ~[tomcat-embed-core-10.1.40.jar:10.1.40]
	at org.apache.tomcat.util.threads.ThreadPoolExecutor.runWorker(ThreadPoolExecutor.java:1189) ~[tomcat-embed-core-10.1.40.jar:10.1.40]
	at org.apache.tomcat.util.threads.ThreadPoolExecutor$Worker.run(ThreadPoolExecutor.java:658) ~[tomcat-embed-core-10.1.40.jar:10.1.40]
	at org.apache.tomcat.util.threads.TaskThread$WrappingRunnable.run(TaskThread.java:63) ~[tomcat-embed-core-10.1.40.jar:10.1.40]
	at java.base/java.lang.Thread.run(Thread.java:1516) ~[na:na]

2026-05-20T17:02:13.801-04:00 DEBUG 28812 --- [shelter-service] [http-nio-8095-exec-1] o.s.w.s.m.m.a.HttpEntityMethodProcessor  : Using 'application/json', given [*/*] and supported [application/json, application/*+json]
2026-05-20T17:02:13.801-04:00 DEBUG 28812 --- [shelter-service] [http-nio-8095-exec-1] o.s.w.s.m.m.a.HttpEntityMethodProcessor  : Writing [ErrorResponse[timestamp=2026-05-20T17:02:13.781894500, status=500, error=Internal Server Error, mess (truncated)...]
2026-05-20T17:02:13.814-04:00 DEBUG 28812 --- [shelter-service] [http-nio-8095-exec-1] .m.m.a.ExceptionHandlerExceptionResolver : Resolved [org.springframework.web.bind.MissingServletRequestParameterException: Required request parameter 'userId' for method parameter type Long is present but converted to null]
2026-05-20T17:02:13.814-04:00 DEBUG 28812 --- [shelter-service] [http-nio-8095-exec-1] o.s.web.servlet.DispatcherServlet        : Completed 500 INTERNAL_SERVER_ERROR
2026-05-20T17:02:38.810-04:00 DEBUG 28812 --- [shelter-service] [pool-2-thread-1] c.a.s.client.UserServiceClient           : [UserServiceClient#getUserAuthByEmail] ---> GET http://localhost:8081/user-app/users/by-email/admin%40empresa.com/auth HTTP/1.1
2026-05-20T17:02:38.967-04:00 DEBUG 28812 --- [shelter-service] [pool-2-thread-1] c.a.s.client.UserServiceClient           : [UserServiceClient#getUserAuthByEmail] <--- HTTP/1.1 200 (155ms)
2026-05-20T17:02:38.967-04:00 DEBUG 28812 --- [shelter-service] [pool-2-thread-1] o.s.w.c.HttpMessageConverterExtractor    : Reading to [com.adoptapp.sharedkernel.dto.UserAuthResponse]
2026-05-20T17:02:39.101-04:00 DEBUG 28812 --- [shelter-service] [http-nio-8095-exec-4] o.s.web.servlet.DispatcherServlet        : POST "/shelter-app/shelters?userId=1", parameters={masked}
2026-05-20T17:02:39.101-04:00 DEBUG 28812 --- [shelter-service] [http-nio-8095-exec-4] s.w.s.m.m.a.RequestMappingHandlerMapping : Mapped to com.adoptapp.shelterservice.controller.ShelterController#create(ShelterRequest, Long)
2026-05-20T17:02:39.103-04:00 DEBUG 28812 --- [shelter-service] [http-nio-8095-exec-4] m.m.a.RequestResponseBodyMethodProcessor : Read "application/json;charset=UTF-8" to [ShelterRequest[name=Happy Paws Shelter, email=contact@happypaws.org, phone=+1234567890, description= (truncated)...]
2026-05-20T17:02:39.166-04:00  INFO 28812 --- [shelter-service] [http-nio-8095-exec-4] c.a.s.service.ShelterService             : Creando refugio: name=Happy Paws Shelter, email=contact@happypaws.org
2026-05-20T17:02:39.168-04:00 DEBUG 28812 --- [shelter-service] [pool-2-thread-1] c.a.s.client.UserServiceClient           : [UserServiceClient#getUserById] ---> GET http://localhost:8081/user-app/users/by-id/1 HTTP/1.1
2026-05-20T17:02:39.332-04:00 DEBUG 28812 --- [shelter-service] [pool-2-thread-1] c.a.s.client.UserServiceClient           : [UserServiceClient#getUserById] <--- HTTP/1.1 404 (162ms)
2026-05-20T17:02:39.337-04:00  WARN 28812 --- [shelter-service] [http-nio-8095-exec-4] c.a.s.client.UserServiceClientFallback   : User-service no disponible para userId 1
2026-05-20T17:02:39.337-04:00  WARN 28812 --- [shelter-service] [http-nio-8095-exec-4] c.a.s.service.ShelterService             : Usuario no encontrado: ID=1
2026-05-20T17:02:39.347-04:00 DEBUG 28812 --- [shelter-service] [http-nio-8095-exec-4] .m.m.a.ExceptionHandlerExceptionResolver : Using @ExceptionHandler com.adoptapp.shelterservice.exception.GlobalExceptionHandler#handleIllegalArgument(IllegalArgumentException, HttpServletRequest)
2026-05-20T17:02:39.347-04:00 DEBUG 28812 --- [shelter-service] [http-nio-8095-exec-4] o.s.w.s.m.m.a.HttpEntityMethodProcessor  : Using 'application/json', given [*/*] and supported [application/json, application/*+json]
2026-05-20T17:02:39.347-04:00 DEBUG 28812 --- [shelter-service] [http-nio-8095-exec-4] o.s.w.s.m.m.a.HttpEntityMethodProcessor  : Writing [ErrorResponse[timestamp=2026-05-20T17:02:39.347482600, status=400, error=Bad Request, message=El usu (truncated)...]
2026-05-20T17:02:39.349-04:00 DEBUG 28812 --- [shelter-service] [http-nio-8095-exec-4] .m.m.a.ExceptionHandlerExceptionResolver : Resolved [java.lang.IllegalArgumentException: El usuario con ID 1 no existe]
2026-05-20T17:02:39.350-04:00 DEBUG 28812 --- [shelter-service] [http-nio-8095-exec-4] o.s.web.servlet.DispatcherServlet        : Completed 400 BAD_REQUEST
2026-05-20T17:03:04.379-04:00 DEBUG 28812 --- [shelter-service] [pool-2-thread-1] c.a.s.client.UserServiceClient           : [UserServiceClient#getUserAuthByEmail] ---> GET http://localhost:8081/user-app/users/by-email/admin%40empresa.com/auth HTTP/1.1
2026-05-20T17:03:04.522-04:00 DEBUG 28812 --- [shelter-service] [pool-2-thread-1] c.a.s.client.UserServiceClient           : [UserServiceClient#getUserAuthByEmail] <--- HTTP/1.1 200 (144ms)
2026-05-20T17:03:04.524-04:00 DEBUG 28812 --- [shelter-service] [pool-2-thread-1] o.s.w.c.HttpMessageConverterExtractor    : Reading to [com.adoptapp.sharedkernel.dto.UserAuthResponse]
2026-05-20T17:03:04.646-04:00 DEBUG 28812 --- [shelter-service] [http-nio-8095-exec-6] o.s.web.servlet.DispatcherServlet        : POST "/shelter-app/shelters?userId=2", parameters={masked}
2026-05-20T17:03:04.646-04:00 DEBUG 28812 --- [shelter-service] [http-nio-8095-exec-6] s.w.s.m.m.a.RequestMappingHandlerMapping : Mapped to com.adoptapp.shelterservice.controller.ShelterController#create(ShelterRequest, Long)
2026-05-20T17:03:04.646-04:00 DEBUG 28812 --- [shelter-service] [http-nio-8095-exec-6] m.m.a.RequestResponseBodyMethodProcessor : Read "application/json;charset=UTF-8" to [ShelterRequest[name=Happy Paws Shelter, email=contact@happypaws.org, phone=+1234567890, description= (truncated)...]
2026-05-20T17:03:04.646-04:00  INFO 28812 --- [shelter-service] [http-nio-8095-exec-6] c.a.s.service.ShelterService             : Creando refugio: name=Happy Paws Shelter, email=contact@happypaws.org
2026-05-20T17:03:04.646-04:00 DEBUG 28812 --- [shelter-service] [pool-2-thread-1] c.a.s.client.UserServiceClient           : [UserServiceClient#getUserById] ---> GET http://localhost:8081/user-app/users/by-id/2 HTTP/1.1
2026-05-20T17:03:04.807-04:00 DEBUG 28812 --- [shelter-service] [pool-2-thread-1] c.a.s.client.UserServiceClient           : [UserServiceClient#getUserById] <--- HTTP/1.1 200 (159ms)
2026-05-20T17:03:04.812-04:00 DEBUG 28812 --- [shelter-service] [pool-2-thread-1] o.s.w.c.HttpMessageConverterExtractor    : Reading to [com.adoptapp.shelterservice.dto.UserResponse]
2026-05-20T17:03:04.888-04:00 DEBUG 28812 --- [shelter-service] [http-nio-8095-exec-6] org.hibernate.SQL                        : 
    insert 
    into
        shelters
        (active, created_at, description, email, name, phone, status, updated_at) 
    values
        (?, ?, ?, ?, ?, ?, ?, ?)
2026-05-20T17:03:04.958-04:00 DEBUG 28812 --- [shelter-service] [http-nio-8095-exec-6] org.hibernate.SQL                        : 
    insert 
    into
        shelter_history
        (action, changed_at, changed_by_user_id, comment, new_active, new_description, new_email, new_name, new_phone, new_status, previous_active, previous_description, previous_email, previous_name, previous_phone, previous_status, shelter_id) 
    values
        (?, ?, ?, ?, ?, ?, ?, ?, ?, ?, ?, ?, ?, ?, ?, ?, ?)
2026-05-20T17:03:04.975-04:00 DEBUG 28812 --- [shelter-service] [pool-2-thread-1] c.a.s.client.NotificationServiceClient   : [NotificationServiceClient#sendNotification] ---> POST http://localhost:8084/notification-app/notifications HTTP/1.1
2026-05-20T17:03:05.988-04:00  WARN 28812 --- [shelter-service] [http-nio-8095-exec-6] .a.s.c.NotificationServiceClientFallback : Notificacion no disponible para 'homerosimp@mail.com': El refugio Happy Paws Shelter ha sido registrado
2026-05-20T17:03:05.988-04:00  INFO 28812 --- [shelter-service] [http-nio-8095-exec-6] c.a.s.service.ShelterService             : Refugio creado exitosamente: ID=5
2026-05-20T17:03:05.996-04:00 DEBUG 28812 --- [shelter-service] [pool-2-thread-1] c.a.s.client.NotificationServiceClient   : [NotificationServiceClient#sendNotification] <--- HTTP/1.1 201 (1012ms)
2026-05-20T17:03:06.000-04:00 DEBUG 28812 --- [shelter-service] [pool-2-thread-1] o.s.w.c.HttpMessageConverterExtractor    : Reading to [java.lang.Void]
2026-05-20T17:03:06.005-04:00 DEBUG 28812 --- [shelter-service] [http-nio-8095-exec-6] o.s.w.s.m.m.a.HttpEntityMethodProcessor  : Using 'application/json', given [*/*] and supported [application/json, application/*+json]
2026-05-20T17:03:06.008-04:00 DEBUG 28812 --- [shelter-service] [http-nio-8095-exec-6] o.s.w.s.m.m.a.HttpEntityMethodProcessor  : Writing [ShelterResponse[id=5, name=Happy Paws Shelter, email=contact@happypaws.org, phone=+1234567890, descr (truncated)...]
2026-05-20T17:03:06.008-04:00 DEBUG 28812 --- [shelter-service] [http-nio-8095-exec-6] o.s.web.servlet.DispatcherServlet        : Completed 201 CREATED
2026-05-20T17:04:00.969-04:00 DEBUG 28812 --- [shelter-service] [pool-2-thread-1] c.a.s.client.UserServiceClient           : [UserServiceClient#getUserAuthByEmail] ---> GET http://localhost:8081/user-app/users/by-email/admin%40empresa.com/auth HTTP/1.1
2026-05-20T17:04:01.105-04:00 DEBUG 28812 --- [shelter-service] [pool-2-thread-1] c.a.s.client.UserServiceClient           : [UserServiceClient#getUserAuthByEmail] <--- HTTP/1.1 200 (134ms)
2026-05-20T17:04:01.107-04:00 DEBUG 28812 --- [shelter-service] [pool-2-thread-1] o.s.w.c.HttpMessageConverterExtractor    : Reading to [com.adoptapp.sharedkernel.dto.UserAuthResponse]
2026-05-20T17:04:01.218-04:00 DEBUG 28812 --- [shelter-service] [http-nio-8095-exec-7] o.s.web.servlet.DispatcherServlet        : GET "/shelter-app/shelters/by-id/3", parameters={}
2026-05-20T17:04:01.220-04:00 DEBUG 28812 --- [shelter-service] [http-nio-8095-exec-7] s.w.s.m.m.a.RequestMappingHandlerMapping : Mapped to com.adoptapp.shelterservice.controller.ShelterController#getShelterById(Long)
2026-05-20T17:04:01.239-04:00 DEBUG 28812 --- [shelter-service] [http-nio-8095-exec-7] org.hibernate.SQL                        : 
    select
        s1_0.id,
        s1_0.active,
        s1_0.created_at,
        s1_0.description,
        s1_0.email,
        s1_0.name,
        s1_0.phone,
        s1_0.status,
        s1_0.updated_at 
    from
        shelters s1_0 
    where
        s1_0.id=?
2026-05-20T17:04:01.258-04:00 DEBUG 28812 --- [shelter-service] [http-nio-8095-exec-7] o.s.w.s.m.m.a.HttpEntityMethodProcessor  : Using 'application/json', given [*/*] and supported [application/json, application/*+json]
2026-05-20T17:04:01.258-04:00 DEBUG 28812 --- [shelter-service] [http-nio-8095-exec-7] o.s.w.s.m.m.a.HttpEntityMethodProcessor  : Writing [ShelterResponse[id=3, name=Nuevo Amanecer, email=rescue@nuevoamanecer.org, phone=+56956781234, descr (truncated)...]
2026-05-20T17:04:01.259-04:00 DEBUG 28812 --- [shelter-service] [http-nio-8095-exec-7] o.s.web.servlet.DispatcherServlet        : Completed 200 OK
2026-05-20T17:07:58.439-04:00  INFO 28812 --- [shelter-service] [SpringApplicationShutdownHook] o.s.b.w.e.tomcat.GracefulShutdown        : Commencing graceful shutdown. Waiting for active requests to complete
2026-05-20T17:07:58.648-04:00  INFO 28812 --- [shelter-service] [tomcat-shutdown] o.s.b.w.e.tomcat.GracefulShutdown        : Graceful shutdown complete
2026-05-20T17:07:58.666-04:00  INFO 28812 --- [shelter-service] [SpringApplicationShutdownHook] j.LocalContainerEntityManagerFactoryBean : Closing JPA EntityManagerFactory for persistence unit 'default'
2026-05-20T17:07:58.672-04:00  INFO 28812 --- [shelter-service] [SpringApplicationShutdownHook] com.zaxxer.hikari.HikariDataSource       : HikariPool-1 - Shutdown initiated...
2026-05-20T17:07:58.680-04:00  INFO 28812 --- [shelter-service] [SpringApplicationShutdownHook] com.zaxxer.hikari.HikariDataSource       : HikariPool-1 - Shutdown completed.
2026-05-20T17:16:56.802-04:00  INFO 34484 --- [shelter-service] [main] c.a.s.ShelterServiceApplication          : Starting ShelterServiceApplication using Java 26 with PID 34484 (C:\Users\camil\Documents\fullstack1\adoptapp\shelter-service\target\classes started by camil in C:\Users\camil\Documents\fullstack1\adoptapp)
2026-05-20T17:16:56.804-04:00 DEBUG 34484 --- [shelter-service] [main] c.a.s.ShelterServiceApplication          : Running with Spring Boot v3.4.5, Spring v6.2.6
2026-05-20T17:16:56.805-04:00  INFO 34484 --- [shelter-service] [main] c.a.s.ShelterServiceApplication          : No active profile set, falling back to 1 default profile: "default"
2026-05-20T17:16:58.423-04:00  INFO 34484 --- [shelter-service] [main] .s.d.r.c.RepositoryConfigurationDelegate : Bootstrapping Spring Data JPA repositories in DEFAULT mode.
2026-05-20T17:16:58.537-04:00  INFO 34484 --- [shelter-service] [main] .s.d.r.c.RepositoryConfigurationDelegate : Finished Spring Data repository scanning in 96 ms. Found 2 JPA repository interfaces.
2026-05-20T17:16:59.048-04:00  INFO 34484 --- [shelter-service] [main] o.s.cloud.context.scope.GenericScope     : BeanFactory id=090de83e-2feb-39c5-98a1-1aeeb5bb0336
2026-05-20T17:17:00.104-04:00  INFO 34484 --- [shelter-service] [main] o.s.b.w.embedded.tomcat.TomcatWebServer  : Tomcat initialized with port 8095 (http)
2026-05-20T17:17:00.121-04:00  INFO 34484 --- [shelter-service] [main] o.apache.catalina.core.StandardService   : Starting service [Tomcat]
2026-05-20T17:17:00.121-04:00  INFO 34484 --- [shelter-service] [main] o.apache.catalina.core.StandardEngine    : Starting Servlet engine: [Apache Tomcat/10.1.40]
2026-05-20T17:17:00.207-04:00  INFO 34484 --- [shelter-service] [main] o.a.c.c.C.[.[localhost].[/shelter-app]   : Initializing Spring embedded WebApplicationContext
2026-05-20T17:17:00.207-04:00  INFO 34484 --- [shelter-service] [main] w.s.c.ServletWebServerApplicationContext : Root WebApplicationContext: initialization completed in 3313 ms
2026-05-20T17:17:00.644-04:00  INFO 34484 --- [shelter-service] [main] com.zaxxer.hikari.HikariDataSource       : HikariPool-1 - Starting...
2026-05-20T17:17:02.326-04:00  INFO 34484 --- [shelter-service] [main] com.zaxxer.hikari.pool.HikariPool        : HikariPool-1 - Added connection org.postgresql.jdbc.PgConnection@14dbfdb1
2026-05-20T17:17:02.330-04:00  INFO 34484 --- [shelter-service] [main] com.zaxxer.hikari.HikariDataSource       : HikariPool-1 - Start completed.
2026-05-20T17:17:02.520-04:00  INFO 34484 --- [shelter-service] [main] org.flywaydb.core.FlywayExecutor         : Database: jdbc:postgresql://ep-weathered-voice-apxz7zh8.c-7.us-east-1.aws.neon.tech:5432/neondb (PostgreSQL 18.4)
2026-05-20T17:17:03.633-04:00  WARN 34484 --- [shelter-service] [main] o.f.c.internal.database.base.Database    : Flyway upgrade recommended: PostgreSQL 18.4 is newer than this version of Flyway and support has not been tested. The latest supported version of PostgreSQL is 17.
2026-05-20T17:17:04.794-04:00  WARN 34484 --- [shelter-service] [main] ConfigServletWebServerApplicationContext : Exception encountered during context initialization - cancelling refresh attempt: org.springframework.beans.factory.BeanCreationException: Error creating bean with name 'entityManagerFactory' defined in class path resource [org/springframework/boot/autoconfigure/orm/jpa/HibernateJpaConfiguration.class]: Failed to initialize dependency 'flywayInitializer' of LoadTimeWeaverAware bean 'entityManagerFactory': Error creating bean with name 'flywayInitializer' defined in class path resource [org/springframework/boot/autoconfigure/flyway/FlywayAutoConfiguration$FlywayConfiguration.class]: Validate failed: Migrations have failed validation
Migration checksum mismatch for migration version 1
-> Applied to database : 1969159157
-> Resolved locally    : 961259346
Either revert the changes to the migration, or run repair to update the schema history.
Migration checksum mismatch for migration version 2
-> Applied to database : 1626128673
-> Resolved locally    : 975217470
Either revert the changes to the migration, or run repair to update the schema history.
Need more flexibility with validation rules? Learn more: https://rd.gt/3AbJUZE
2026-05-20T17:17:04.794-04:00  INFO 34484 --- [shelter-service] [main] com.zaxxer.hikari.HikariDataSource       : HikariPool-1 - Shutdown initiated...
2026-05-20T17:17:05.204-04:00  INFO 34484 --- [shelter-service] [main] com.zaxxer.hikari.HikariDataSource       : HikariPool-1 - Shutdown completed.
2026-05-20T17:17:05.208-04:00  INFO 34484 --- [shelter-service] [main] o.apache.catalina.core.StandardService   : Stopping service [Tomcat]
2026-05-20T17:17:05.225-04:00  INFO 34484 --- [shelter-service] [main] .s.b.a.l.ConditionEvaluationReportLogger : 

Error starting ApplicationContext. To display the condition evaluation report re-run your application with 'debug' enabled.
2026-05-20T17:17:05.247-04:00 ERROR 34484 --- [shelter-service] [main] o.s.boot.SpringApplication               : Application run failed

org.springframework.beans.factory.BeanCreationException: Error creating bean with name 'entityManagerFactory' defined in class path resource [org/springframework/boot/autoconfigure/orm/jpa/HibernateJpaConfiguration.class]: Failed to initialize dependency 'flywayInitializer' of LoadTimeWeaverAware bean 'entityManagerFactory': Error creating bean with name 'flywayInitializer' defined in class path resource [org/springframework/boot/autoconfigure/flyway/FlywayAutoConfiguration$FlywayConfiguration.class]: Validate failed: Migrations have failed validation
Migration checksum mismatch for migration version 1
-> Applied to database : 1969159157
-> Resolved locally    : 961259346
Either revert the changes to the migration, or run repair to update the schema history.
Migration checksum mismatch for migration version 2
-> Applied to database : 1626128673
-> Resolved locally    : 975217470
Either revert the changes to the migration, or run repair to update the schema history.
Need more flexibility with validation rules? Learn more: https://rd.gt/3AbJUZE
	at org.springframework.beans.factory.support.AbstractBeanFactory.doGetBean(AbstractBeanFactory.java:328) ~[spring-beans-6.2.6.jar:6.2.6]
	at org.springframework.beans.factory.support.AbstractBeanFactory.getBean(AbstractBeanFactory.java:207) ~[spring-beans-6.2.6.jar:6.2.6]
	at org.springframework.context.support.AbstractApplicationContext.finishBeanFactoryInitialization(AbstractApplicationContext.java:970) ~[spring-context-6.2.6.jar:6.2.6]
	at org.springframework.context.support.AbstractApplicationContext.refresh(AbstractApplicationContext.java:627) ~[spring-context-6.2.6.jar:6.2.6]
	at org.springframework.boot.web.servlet.context.ServletWebServerApplicationContext.refresh(ServletWebServerApplicationContext.java:146) ~[spring-boot-3.4.5.jar:3.4.5]
	at org.springframework.boot.SpringApplication.refresh(SpringApplication.java:753) ~[spring-boot-3.4.5.jar:3.4.5]
	at org.springframework.boot.SpringApplication.refreshContext(SpringApplication.java:439) ~[spring-boot-3.4.5.jar:3.4.5]
	at org.springframework.boot.SpringApplication.run(SpringApplication.java:318) ~[spring-boot-3.4.5.jar:3.4.5]
	at org.springframework.boot.SpringApplication.run(SpringApplication.java:1362) ~[spring-boot-3.4.5.jar:3.4.5]
	at org.springframework.boot.SpringApplication.run(SpringApplication.java:1351) ~[spring-boot-3.4.5.jar:3.4.5]
	at com.adoptapp.shelterservice.ShelterServiceApplication.main(ShelterServiceApplication.java:12) ~[classes/:na]
Caused by: org.springframework.beans.factory.BeanCreationException: Error creating bean with name 'flywayInitializer' defined in class path resource [org/springframework/boot/autoconfigure/flyway/FlywayAutoConfiguration$FlywayConfiguration.class]: Validate failed: Migrations have failed validation
Migration checksum mismatch for migration version 1
-> Applied to database : 1969159157
-> Resolved locally    : 961259346
Either revert the changes to the migration, or run repair to update the schema history.
Migration checksum mismatch for migration version 2
-> Applied to database : 1626128673
-> Resolved locally    : 975217470
Either revert the changes to the migration, or run repair to update the schema history.
Need more flexibility with validation rules? Learn more: https://rd.gt/3AbJUZE
	at org.springframework.beans.factory.support.AbstractAutowireCapableBeanFactory.initializeBean(AbstractAutowireCapableBeanFactory.java:1818) ~[spring-beans-6.2.6.jar:6.2.6]
	at org.springframework.beans.factory.support.AbstractAutowireCapableBeanFactory.doCreateBean(AbstractAutowireCapableBeanFactory.java:607) ~[spring-beans-6.2.6.jar:6.2.6]
	at org.springframework.beans.factory.support.AbstractAutowireCapableBeanFactory.createBean(AbstractAutowireCapableBeanFactory.java:529) ~[spring-beans-6.2.6.jar:6.2.6]
	at org.springframework.beans.factory.support.AbstractBeanFactory.lambda$doGetBean$0(AbstractBeanFactory.java:339) ~[spring-beans-6.2.6.jar:6.2.6]
	at org.springframework.beans.factory.support.DefaultSingletonBeanRegistry.getSingleton(DefaultSingletonBeanRegistry.java:371) ~[spring-beans-6.2.6.jar:6.2.6]
	at org.springframework.beans.factory.support.AbstractBeanFactory.doGetBean(AbstractBeanFactory.java:337) ~[spring-beans-6.2.6.jar:6.2.6]
	at org.springframework.beans.factory.support.AbstractBeanFactory.getBean(AbstractBeanFactory.java:202) ~[spring-beans-6.2.6.jar:6.2.6]
	at org.springframework.beans.factory.support.AbstractBeanFactory.doGetBean(AbstractBeanFactory.java:315) ~[spring-beans-6.2.6.jar:6.2.6]
	... 10 common frames omitted
Caused by: org.flywaydb.core.api.exception.FlywayValidateException: Validate failed: Migrations have failed validation
Migration checksum mismatch for migration version 1
-> Applied to database : 1969159157
-> Resolved locally    : 961259346
Either revert the changes to the migration, or run repair to update the schema history.
Migration checksum mismatch for migration version 2
-> Applied to database : 1626128673
-> Resolved locally    : 975217470
Either revert the changes to the migration, or run repair to update the schema history.
Need more flexibility with validation rules? Learn more: https://rd.gt/3AbJUZE
	at org.flywaydb.core.Flyway.lambda$migrate$1(Flyway.java:201) ~[flyway-core-11.7.2.jar:na]
	at org.flywaydb.core.FlywayExecutor.execute(FlywayExecutor.java:210) ~[flyway-core-11.7.2.jar:na]
	at org.flywaydb.core.Flyway.migrate(Flyway.java:188) ~[flyway-core-11.7.2.jar:na]
	at org.springframework.boot.autoconfigure.flyway.FlywayMigrationInitializer.afterPropertiesSet(FlywayMigrationInitializer.java:66) ~[spring-boot-autoconfigure-3.4.5.jar:3.4.5]
	at org.springframework.beans.factory.support.AbstractAutowireCapableBeanFactory.invokeInitMethods(AbstractAutowireCapableBeanFactory.java:1865) ~[spring-beans-6.2.6.jar:6.2.6]
	at org.springframework.beans.factory.support.AbstractAutowireCapableBeanFactory.initializeBean(AbstractAutowireCapableBeanFactory.java:1814) ~[spring-beans-6.2.6.jar:6.2.6]
	... 17 common frames omitted

2026-05-20T17:40:19.891-04:00  INFO 26808 --- [shelter-service] [main] c.a.s.ShelterServiceApplication          : Starting ShelterServiceApplication using Java 26 with PID 26808 (C:\Users\camil\Documents\fullstack1\adoptapp\shelter-service\target\classes started by camil in C:\Users\camil\Documents\fullstack1\adoptapp)
2026-05-20T17:40:19.898-04:00 DEBUG 26808 --- [shelter-service] [main] c.a.s.ShelterServiceApplication          : Running with Spring Boot v3.4.5, Spring v6.2.6
2026-05-20T17:40:19.898-04:00  INFO 26808 --- [shelter-service] [main] c.a.s.ShelterServiceApplication          : No active profile set, falling back to 1 default profile: "default"
2026-05-20T17:40:21.513-04:00  INFO 26808 --- [shelter-service] [main] .s.d.r.c.RepositoryConfigurationDelegate : Bootstrapping Spring Data JPA repositories in DEFAULT mode.
2026-05-20T17:40:21.643-04:00  INFO 26808 --- [shelter-service] [main] .s.d.r.c.RepositoryConfigurationDelegate : Finished Spring Data repository scanning in 110 ms. Found 2 JPA repository interfaces.
2026-05-20T17:40:22.278-04:00  INFO 26808 --- [shelter-service] [main] o.s.cloud.context.scope.GenericScope     : BeanFactory id=090de83e-2feb-39c5-98a1-1aeeb5bb0336
2026-05-20T17:40:23.779-04:00  INFO 26808 --- [shelter-service] [main] o.s.b.w.embedded.tomcat.TomcatWebServer  : Tomcat initialized with port 8095 (http)
2026-05-20T17:40:23.804-04:00  INFO 26808 --- [shelter-service] [main] o.apache.catalina.core.StandardService   : Starting service [Tomcat]
2026-05-20T17:40:23.805-04:00  INFO 26808 --- [shelter-service] [main] o.apache.catalina.core.StandardEngine    : Starting Servlet engine: [Apache Tomcat/10.1.40]
2026-05-20T17:40:23.936-04:00  INFO 26808 --- [shelter-service] [main] o.a.c.c.C.[.[localhost].[/shelter-app]   : Initializing Spring embedded WebApplicationContext
2026-05-20T17:40:23.937-04:00  INFO 26808 --- [shelter-service] [main] w.s.c.ServletWebServerApplicationContext : Root WebApplicationContext: initialization completed in 3957 ms
2026-05-20T17:40:24.541-04:00  INFO 26808 --- [shelter-service] [main] com.zaxxer.hikari.HikariDataSource       : HikariPool-1 - Starting...
2026-05-20T17:40:24.975-04:00  INFO 26808 --- [shelter-service] [main] com.zaxxer.hikari.pool.HikariPool        : HikariPool-1 - Added connection org.postgresql.jdbc.PgConnection@2d4f67e
2026-05-20T17:40:24.978-04:00  INFO 26808 --- [shelter-service] [main] com.zaxxer.hikari.HikariDataSource       : HikariPool-1 - Start completed.
2026-05-20T17:40:25.027-04:00  INFO 26808 --- [shelter-service] [main] org.flywaydb.core.FlywayExecutor         : Database: jdbc:postgresql://localhost:5432/shelter_db (PostgreSQL 18.3)
2026-05-20T17:40:25.046-04:00  WARN 26808 --- [shelter-service] [main] o.f.c.internal.database.base.Database    : Flyway upgrade recommended: PostgreSQL 18.3 is newer than this version of Flyway and support has not been tested. The latest supported version of PostgreSQL is 17.
2026-05-20T17:40:25.117-04:00  INFO 26808 --- [shelter-service] [main] o.f.core.internal.command.DbValidate     : Successfully validated 2 migrations (execution time 00:00.048s)
2026-05-20T17:40:25.838-04:00  INFO 26808 --- [shelter-service] [main] o.f.core.internal.command.DbMigrate      : Current version of schema "public": 2
2026-05-20T17:40:25.838-04:00  INFO 26808 --- [shelter-service] [main] o.f.core.internal.command.DbMigrate      : Schema "public" is up to date. No migration necessary.
2026-05-20T17:40:26.049-04:00  INFO 26808 --- [shelter-service] [main] o.hibernate.jpa.internal.util.LogHelper  : HHH000204: Processing PersistenceUnitInfo [name: default]
2026-05-20T17:40:26.140-04:00  INFO 26808 --- [shelter-service] [main] org.hibernate.Version                    : HHH000412: Hibernate ORM core version 6.6.13.Final
2026-05-20T17:40:26.205-04:00  INFO 26808 --- [shelter-service] [main] o.h.c.internal.RegionFactoryInitiator    : HHH000026: Second-level cache disabled
2026-05-20T17:40:26.722-04:00  INFO 26808 --- [shelter-service] [main] o.s.o.j.p.SpringPersistenceUnitInfo      : No LoadTimeWeaver setup: ignoring JPA class transformer
2026-05-20T17:40:26.842-04:00  WARN 26808 --- [shelter-service] [main] org.hibernate.orm.deprecation            : HHH90000025: PostgreSQLDialect does not need to be specified explicitly using 'hibernate.dialect' (remove the property setting and it will be selected by default)
2026-05-20T17:40:26.869-04:00  INFO 26808 --- [shelter-service] [main] org.hibernate.orm.connections.pooling    : HHH10001005: Database info:
	Database JDBC URL [Connecting through datasource 'HikariDataSource (HikariPool-1)']
	Database driver: undefined/unknown
	Database version: 18.3
	Autocommit mode: undefined/unknown
	Isolation level: undefined/unknown
	Minimum pool size: undefined/unknown
	Maximum pool size: undefined/unknown
2026-05-20T17:40:28.733-04:00  INFO 26808 --- [shelter-service] [main] o.h.e.t.j.p.i.JtaPlatformInitiator       : HHH000489: No JTA platform available (set 'hibernate.transaction.jta.platform' to enable JTA platform integration)
2026-05-20T17:40:28.815-04:00  INFO 26808 --- [shelter-service] [main] j.LocalContainerEntityManagerFactoryBean : Initialized JPA EntityManagerFactory for persistence unit 'default'
2026-05-20T17:40:29.092-04:00  WARN 26808 --- [shelter-service] [main] JpaBaseConfiguration$JpaWebConfiguration : spring.jpa.open-in-view is enabled by default. Therefore, database queries may be performed during view rendering. Explicitly configure spring.jpa.open-in-view to disable this warning
2026-05-20T17:40:30.558-04:00  INFO 26808 --- [shelter-service] [main] r$InitializeUserDetailsManagerConfigurer : Global AuthenticationManager configured with UserDetailsService bean with name customUserDetailsService
2026-05-20T17:40:30.849-04:00 DEBUG 26808 --- [shelter-service] [main] s.w.s.m.m.a.RequestMappingHandlerMapping : 8 mappings in 'requestMappingHandlerMapping'
2026-05-20T17:40:31.224-04:00 DEBUG 26808 --- [shelter-service] [main] o.s.w.s.handler.SimpleUrlHandlerMapping  : Patterns [/webjars/**, /**] in 'resourceHandlerMapping'
2026-05-20T17:40:32.090-04:00 DEBUG 26808 --- [shelter-service] [main] s.w.s.m.m.a.RequestMappingHandlerAdapter : ControllerAdvice beans: 0 @ModelAttribute, 0 @InitBinder, 1 RequestBodyAdvice, 1 ResponseBodyAdvice
2026-05-20T17:40:32.257-04:00 DEBUG 26808 --- [shelter-service] [main] .m.m.a.ExceptionHandlerExceptionResolver : ControllerAdvice beans: 1 @ExceptionHandler, 1 ResponseBodyAdvice
2026-05-20T17:40:34.070-04:00  INFO 26808 --- [shelter-service] [main] o.s.cloud.commons.util.InetUtils         : Cannot determine local hostname
2026-05-20T17:40:34.293-04:00  INFO 26808 --- [shelter-service] [main] o.s.b.w.embedded.tomcat.TomcatWebServer  : Tomcat started on port 8095 (http) with context path '/shelter-app'
2026-05-20T17:40:35.309-04:00  INFO 26808 --- [shelter-service] [main] o.s.cloud.commons.util.InetUtils         : Cannot determine local hostname
2026-05-20T17:40:35.326-04:00  INFO 26808 --- [shelter-service] [main] c.a.s.ShelterServiceApplication          : Started ShelterServiceApplication in 17.409 seconds (process running for 18.749)
